{"stats":{"minecraft:killed_by":{"grimoireofgaia:dwarf":2,"minecraft:husk":1,"grimoireofgaia:flesh_lich":2,"grimoireofgaia:siren":3,"irons_spellbooks:apothecarist":1,"grimoireofgaia:bone_knight":3,"grimoireofgaia:harpy":1,"tww:necromancer":1,"minecraft:spider":1,"irons_spellbooks:necromancer":2,"minecraft:skeleton":2,"irons_spellbooks:archevoker":1,"grimoireofgaia:naga":1},"minecraft:picked_up":{"minecraft:anvil":2,"minecraft:lead":6,"minecraft:dark_oak_trapdoor":7,"minecraft:string":25,"chipped:boarded_mangrove_door":1,"create:limestone":44,"minecraft:explorer_pottery_sherd":1,"minecraft:gold_nugget":53,"minecraft:cobbled_deepslate":894,"minecraft:spruce_planks":6,"ageofweapons:caveman_spear":2,"naturalist:cooked_duck":2,"minecraft:beehive":1,"minecraft:jukebox":1,"minecraft:golden_axe":1,"ironchest:diamond_chest":1,"irons_spellbooks:fire_rune":1,"portablemobs:basic_capture_cell":1,"minecraft:stone_sword":6,"grimoireofgaia:stone_coal":1,"artifacts:villager_hat":1,"farmersdelight:onion":6,"minecraft:mangrove_door":4,"supplementaries:ash":53,"minecraft:birch_log":10,"minecraft:cooked_beef":33,"minecraft:feather":1,"biomesoplenty:fir_log":203,"minecraft:flint":2,"warriorsofpastepoch:forgotten_steel_nugget":2,"minecraft:lantern":2,"artifacts:flippers":1,"minecraft:rabbit":2,"minecraft:glowstone_dust":3,"irons_spellbooks:legendary_ink":2,"minecraft:barrel":2,"minecraft:dark_oak_log":1,"naturalist:duck_egg":1,"irons_spellbooks:evasion_elixir":1,"create:crimsite":6,"minecraft:granite":1,"bamboo:wooled_log":5,"minecraft:chainmail_helmet":6,"minecraft:bread":184,"minecraft:blue_banner":1,"minecraft:bricks":1,"minecraft:crafting_table":7,"minecraft:shelter_pottery_sherd":1,"minecraft:clay_ball":128,"irons_spellbooks:tarnished_helmet":1,"biomesoplenty:jacaranda_sapling":1,"minecraft:cornflower":36,"minecraft:red_bed":3,"tww:masters_broomstickitem":62,"tacz:ammo":60,"minecraft:iron_shovel":5,"minecraft:beef":60,"minecraft:iron_nugget":52,"minecraft:poppy":22,"minecraft:chest":1,"naturalist:duck":1,"minecraft:fire_charge":3,"farmersdelight:tomato_seeds":1,"minecraft:cake":4,"minecraft:carrot":43,"minecraft:redstone":17,"irons_spellbooks:alchemist_cauldron":1,"irons_spellbooks:evocation_rune":2,"minecraft:diamond_boots":3,"minecraft:hay_block":10,"grimoireofgaia:cursed_metal_sword":1,"minecraft:gold_ingot":7,"minecraft:mutton":15,"minecraft:white_wool":13,"minecraft:oxeye_daisy":28,"minecraft:mud_bricks":1,"minecraft:red_mushroom":1,"minecraft:acacia_wood":1,"grimoireofgaia:bone_shield":1,"warriorsofpastepoch:azure_fabric":1,"minecraft:packed_mud":4,"minecraft:oak_log":73,"minecraft:lily_pad":1,"minecraft:paper":5,"minecraft:apple":18,"minecraft:stone_bricks":17,"minecraft:stone_pickaxe":1,"minecraft:cobweb":23,"minecraft:arms_up_pottery_sherd":1,"minecraft:iron_sword":9,"biomesoplenty:umbran_log":1,"minecraft:dark_oak_stairs":1,"grimoireofgaia:zombie_staff":1,"minecraft:gravel":23,"minecraft:spruce_log":4,"travelersbackpack:standard":11,"minecraft:slime_ball":4,"minecraft:stone_axe":2,"tacz:modern_kinetic_gun":1,"minecraft:gray_wool":10,"minecraft:ender_pearl":3,"irons_spellbooks:scroll":4,"minecraft:wheat":18,"minecraft:light_blue_concrete":2,"aether:iron_gloves":5,"minecraft:potion":3,"minecraft:lapis_block":1,"minecraft:raw_copper":86,"irons_spellbooks:nature_rune":1,"minecraft:experience_bottle":10,"irons_spellbooks:arcane_essence":29,"minecraft:deepslate_tiles":7,"biomesoplenty:fir_planks":4,"artifacts:aqua_dashers":1,"minecraft:rose_bush":6,"minecraft:cobblestone_slab":1,"minecraft:calcite":4,"minecraft:iron_pickaxe":13,"irons_spellbooks:inscription_table":1,"minecraft:furnace":7,"minecraft:stick":60,"ironchest:crystal_chest":1,"minecraft:torch":232,"minecraft:spruce_stairs":4,"minecraft:pointed_dripstone":5,"minecraft:rotten_flesh":57,"supplementaries:antique_ink":3,"minecraft:obsidian":20,"minecraft:cod":3,"minecraft:cobblestone":680,"minecraft:enchanting_table":1,"minecraft:pink_petals":12,"minecraft:potato":1,"alexscaves:cave_book":1,"minecraft:tuff":15,"create:raw_zinc":4,"minecraft:prismarine_bricks":2,"supplementaries:flax_seeds":19,"minecraft:lapis_lazuli":94,"minecraft:dirt":1350,"minecraft:leather_boots":1,"minecraft:glass":48,"minecraft:bone":57,"ageofweapons:compound_bow":3,"minecraft:bow":7,"minecraft:wheat_seeds":12,"minecraft:raw_gold":22,"minecraft:bamboo":11,"minecraft:oak_planks":2,"minecraft:sand":518,"minecraft:diamond_block":1,"minecraft:mossy_cobblestone":12,"travelersbackpack:white_sleeping_bag":2,"minecraft:yellow_carpet":1,"minecraft:diamond":54,"minecraft:soul_lantern":4,"waystones:waystone":1,"minecraft:golden_apple":1,"minecraft:emerald":40,"minecraft:charcoal":1,"minecraft:allium":12,"grimoireofgaia:soulfire":16,"minecraft:chicken":1,"minecraft:ladder":3,"minecraft:brown_mushroom":1,"minecraft:cooked_rabbit":3,"minecraft:chain":4,"minecraft:brick":3,"minecraft:iron_axe":9,"warriorsofpastepoch:cistus":37,"minecraft:blackstone":2,"minecraft:blue_orchid":9,"minecraft:candle":2,"minecraft:mossy_cobblestone_wall":3,"minecraft:player_head":19,"irons_spellbooks:epic_ink":4,"minecraft:sugar_cane":23,"minecraft:dark_oak_sapling":8,"minecraft:raw_iron":145,"minecraft:stripped_mangrove_wood":8,"ageofweapons:katana_netherite":2,"minecraft:bowl":1,"minecraft:cookie":1,"minecraft:dark_oak_planks":5,"minecraft:howl_pottery_sherd":1,"minecraft:arrow":177,"minecraft:pumpkin_pie":12,"minecraft:golden_hoe":1,"luckys_armory:bone_armor_helmet":3,"alexscaves:spelunkery_table":1,"minecraft:glistering_melon_slice":4,"minecraft:burn_pottery_sherd":1,"minecraft:salmon":1,"minecraft:leather":50,"minecraft:birch_planks":4,"minecraft:yellow_bed":1,"minecraft:cobbled_deepslate_stairs":216,"minecraft:gunpowder":3,"minecraft:cobblestone_stairs":2,"ageofweapons:machete_iron":6,"minecraft:cooked_mutton":3,"irons_spellbooks:common_ink":1,"minecraft:smooth_sandstone":7,"minecraft:red_carpet":1,"minecraft:gray_carpet":2,"minecraft:rabbit_hide":15,"minecraft:iron_ingot":17,"minecraft:cooked_chicken":2,"portablemobs:master_capture_cell":1,"irons_spellbooks:cinder_essence":2,"minecraft:book":168,"artifacts:obsidian_skull":1,"minecraft:emerald_block":2,"waystones:mossy_waystone":1,"minecraft:dripstone_block":19,"minecraft:amethyst_shard":14,"minecraft:red_banner":2,"minecraft:blast_furnace":3,"minecraft:spruce_door":1,"minecraft:spider_eye":7,"minecraft:white_concrete_powder":2,"minecraft:iron_helmet":1,"minecraft:black_wool":2,"minecraft:coal":271},"minecraft:broken":{"minecraft:iron_chestplate":1,"aether:iron_gloves":1,"minecraft:iron_pickaxe":3,"minecraft:iron_shovel":4,"minecraft:stone_pickaxe":3,"minecraft:golden_pickaxe":1},"minecraft:killed":{"minecraft:cave_spider":3,"minecraft:skeleton":18,"grimoireofgaia:mimic":3,"irons_spellbooks:apothecarist":1,"minecraft:chicken":1,"irons_spellbooks:archevoker":2,"grimoireofgaia:flesh_lich":8,"grimoireofgaia:banshee":3,"minecraft:pillager":1,"minecraft:zombie":34,"irons_spellbooks:summoned_vex":1,"minecraft:donkey":1,"grimoireofgaia:siren":4,"grimoireofgaia:deathword":1,"minecraft:cow":28,"minecraft:vindicator":4,"naturalist:tortoise":3,"naturalist:duck":1,"grimoireofgaia:creep":1,"grimoireofgaia:dwarf":1,"minecraft:husk":11,"minecraft:rabbit":2,"irons_spellbooks:citadel_keeper":1,"minecraft:wandering_trader":2,"player_companions:dobutsu":1,"tww:masters_broomstick":57,"irons_spellbooks:pyromancer":1,"minecraft:spider":3,"irons_spellbooks:summoned_skeleton":2,"artifacts:mimic":4,"minecraft:zombie_villager":1,"grimoireofgaia:bone_knight":7,"irons_spellbooks:necromancer":2,"minecraft:creeper":3,"grimoireofgaia:naga":1,"minecraft:sheep":14,"minecraft:trader_llama":4,"grimoireofgaia:harpy":1,"minecraft:vex":1,"irons_spellbooks:summoned_zombie":4,"minecraft:slime":1,"grimoireofgaia:ender_eye":2,"grimoireofgaia:dullahan":11,"warriorsofpastepoch:skeleton_musketeer":3,"grimoireofgaia:horse":1,"grimoireofgaia:arachne":2},"minecraft:used":{"minecraft:chest":4,"minecraft:stone":4,"minecraft:rotten_flesh":1,"minecraft:bow":61,"minecraft:furnace":6,"minecraft:wooden_pickaxe":26,"minecraft:cookie":1,"minecraft:golden_apple":5,"minecraft:dark_oak_trapdoor":1,"player_companions:samurai_blue":2,"minecraft:blast_furnace":1,"ageofweapons:machete_iron":249,"minecraft:deepslate_tiles":8,"minecraft:mangrove_door":3,"minecraft:soul_lantern":2,"player_companions:small_slime_default":1,"minecraft:smithing_table":2,"minecraft:birch_log":4,"tww:masters_broomstickitem":62,"minecraft:enchanting_table":3,"create:limestone":17,"minecraft:stone_sword":67,"player_companions:raptor_default":4,"minecraft:torch":501,"minecraft:anvil":2,"farmersdelight:beef_patty":2,"ageofweapons:ninjato_diamond":692,"minecraft:iron_axe":21,"ageofweapons:caveman_spear":2,"minecraft:barrel":2,"minecraft:beef":28,"minecraft:goat_horn":1,"player_companions:dobutsu_default":2,"chipped:boarded_mangrove_door":1,"minecraft:cobbled_deepslate":253,"minecraft:water_bucket":20,"biomesoplenty:umbran_sign":2,"minecraft:salmon":17,"minecraft:mossy_cobblestone":4,"minecraft:crafting_table":9,"minecraft:red_bed":3,"minecraft:cod":2,"minecraft:cake":2,"minecraft:diamond_pickaxe":522,"minecraft:iron_pickaxe":1389,"travelersbackpack:white_sleeping_bag":3,"minecraft:leather_helmet":1,"enchantinginfuser:enchanting_infuser":1,"minecraft:cobblestone":291,"travelersbackpack:standard":10,"minecraft:jukebox":1,"player_companions:dobutsu_spawn_egg":1,"minecraft:iron_shovel":1301,"minecraft:iron_sword":269,"minecraft:player_head":1,"minecraft:carrot":27,"bamboo:wooled_log":1,"minecraft:tuff":5,"minecraft:beehive":1,"enchantinginfuser:advanced_enchanting_infuser":1,"minecraft:packed_mud":1,"minecraft:iron_helmet":1,"minecraft:stone_bricks":5,"minecraft:red_carpet":1,"minecraft:diamond_boots":2,"minecraft:stone_pickaxe":471,"minecraft:oak_planks":1,"minecraft:chainmail_helmet":3,"biomesoplenty:fir_planks":3,"minecraft:diamond_axe":135,"minecraft:white_wool":2,"minecraft:golden_hoe":1,"alexscaves:cave_book":1,"minecraft:mushroom_stew":1,"minecraft:dripstone_block":7,"minecraft:cobbled_deepslate_stairs":124,"biomesoplenty:umbran_planks":4,"minecraft:bread":66,"minecraft:gravel":3,"naturalist:cooked_duck":1,"minecraft:cooked_rabbit":2,"ironchest:crystal_chest":7,"minecraft:bone_meal":9,"minecraft:golden_pickaxe":24,"minecraft:experience_bottle":13,"tacz:gun_smith_table":1,"minecraft:cooked_chicken":2,"minecraft:dirt":57,"ironchest:diamond_chest":1,"minecraft:granite":1,"minecraft:dark_oak_planks":2,"minecraft:bookshelf":19,"chipped:glassblower":1,"minecraft:smooth_sandstone":2,"biomesoplenty:umbran_sapling":2,"alexscaves:spelunkery_table":1,"warriorsofpastepoch:cistus":1,"minecraft:emerald_block":1,"player_companions:dobutsu_enderman":1,"minecraft:cooked_beef":34,"minecraft:cooked_mutton":5,"create:train_door":2,"minecraft:stonecutter":1,"chipped:mason_table":1,"minecraft:apple":24,"waystones:mossy_waystone":1,"ageofweapons:compound_bow":29,"minecraft:bucket":19,"minecraft:yellow_bed":1,"minecraft:pumpkin_pie":4},"minecraft:crafted":{"travelersbackpack:crafting_upgrade":1,"ageofweapons:compound_bow":1,"minecraft:bookshelf":18,"minecraft:iron_bars":16,"ironchest:crystal_chest":6,"minecraft:glass":120,"ageofweapons:caveman_spear":5,"ageofweapons:machete_iron":3,"minecraft:cooked_rabbit":2,"irons_spellbooks:scroll":1,"minecraft:emerald":45,"minecraft:diamond_axe":1,"travelersbackpack:standard":6,"minecraft:smithing_table":2,"minecraft:copper_ingot":66,"biomesoplenty:umbran_sign":3,"player_companions:tame_sweet_berries":2,"minecraft:iron_pickaxe":6,"minecraft:gold_ingot":2,"ageofweapons:ninjato_diamond_part":1,"luckys_armory:bone_armor_helmet":1,"tww:masters_broomstickitem":5,"minecraft:bone_meal":9,"travelersbackpack:blank_upgrade":4,"travelersbackpack:gold_tier_upgrade":1,"minecraft:diamond":9,"travelersbackpack:white_sleeping_bag":3,"minecraft:stone_pickaxe":4,"minecraft:cobbled_deepslate_stairs":48,"ageofweapons:large_diamond_blank":1,"minecraft:dark_oak_planks":80,"minecraft:wheat":72,"ironchest:gold_chest":6,"minecraft:enchanting_table":1,"biomesoplenty:umbran_sapling":2,"ageofweapons:hammer":1,"minecraft:iron_shovel":10,"minecraft:iron_leggings":1,"ageofweapons:machete_template":3,"minecraft:brick":1,"naturalist:cooked_duck":1,"buildersdelight:iron_chisel":1,"minecraft:oak_planks":72,"minecraft:cooked_chicken":1,"ageofweapons:blank_template":9,"minecraft:stone":43,"portablemobs:master_capture_cell":2,"ageofweapons:machete_iron_part":3,"minecraft:iron_boots":1,"minecraft:chest":14,"chipped:mason_table":1,"travelersbackpack:iron_tier_upgrade":1,"minecraft:crafting_table":6,"minecraft:spruce_planks":8,"minecraft:wooden_pickaxe":3,"irons_spellbooks:furled_map":1,"ageofweapons:ninjato_template":1,"minecraft:birch_planks":24,"ironchest:diamond_chest":6,"biomesoplenty:fir_planks":204,"minecraft:iron_chestplate":1,"portablemobs:basic_capture_cell":2,"minecraft:diamond_pickaxe":2,"minecraft:stick":296,"minecraft:light_blue_dye":8,"minecraft:iron_ingot":108,"minecraft:stone_sword":3,"minecraft:cherry_planks":40,"minecraft:furnace":2,"minecraft:iron_axe":1,"ageofweapons:recurve_bow":1,"travelersbackpack:diamond_tier_upgrade":1,"minecraft:cooked_beef":8,"biomesoplenty:umbran_planks":8,"minecraft:red_dye":6,"travelersbackpack:backpack_tank":6,"minecraft:mangrove_door":3,"minecraft:iron_sword":3,"ironchest:copper_chest":6,"minecraft:mangrove_planks":12,"minecraft:stone_axe":1,"minecraft:bread":32,"minecraft:air":0,"aether:iron_gloves":1,"minecraft:blue_dye":11,"ageofweapons:longstick_wood":3,"minecraft:stonecutter":1,"ageofweapons:ninjato_diamond":1,"minecraft:torch":444,"ageofweapons:medium_iron_blank":3,"chipped:glassblower":1,"minecraft:lapis_lazuli":9,"ironchest:iron_chest":6},"minecraft:custom":{"minecraft:interact_with_crafting_table":167,"minecraft:open_barrel":214,"minecraft:eat_cake_slice":15,"minecraft:leave_game":8,"minecraft:time_since_death":320166,"minecraft:play_time":781407,"minecraft:deaths":26,"minecraft:jump":7967,"minecraft:enchant_item":6,"minecraft:interact_with_furnace":146,"minecraft:traded_with_villager":11,"minecraft:sleep_in_bed":22,"minecraft:waystone_activated":2,"minecraft:damage_dealt":67892,"minecraft:interact_with_smoker":7,"minecraft:interact_with_smithing_table":32,"minecraft:interact_with_anvil":4,"minecraft:sneak_time":24983,"minecraft:interact_with_lectern":2,"minecraft:interact_with_blast_furnace":12,"minecraft:total_world_time":781407,"minecraft:tune_noteblock":4,"minecraft:interact_with_stonecutter":6,"minecraft:time_since_rest":2608,"minecraft:swim_one_cm":70802,"minecraft:fly_one_cm":2195939,"minecraft:open_chest":1058,"minecraft:fall_one_cm":244260,"minecraft:sprint_one_cm":1036867,"minecraft:drop":241,"minecraft:play_noteblock":2,"minecraft:talked_to_villager":22,"minecraft:interact_with_brewingstand":5,"minecraft:walk_on_water_one_cm":62097,"minecraft:interact_with_loom":5,"minecraft:crouch_one_cm":65533,"minecraft:mob_kills":265,"minecraft:damage_dealt_resisted":159,"minecraft:climb_one_cm":13802,"minecraft:walk_one_cm":1590601,"minecraft:walk_under_water_one_cm":16784,"minecraft:interact_with_grindstone":1,"minecraft:damage_taken":17214,"minecraft:damage_absorbed":160},"minecraft:dropped":{"biomesoplenty:fir_log":140,"minecraft:iron_sword":3,"minecraft:cooked_beef":4,"ageofweapons:machete_iron":1,"minecraft:leather_helmet":1,"minecraft:red_mushroom":1,"minecraft:packed_mud":1,"minecraft:dirt":578,"minecraft:dark_oak_trapdoor":6,"minecraft:chain":4,"minecraft:gold_nugget":6,"minecraft:iron_pickaxe":3,"minecraft:dark_oak_planks":1,"minecraft:white_wool":1,"minecraft:stone_axe":2,"minecraft:sugar_cane":3,"minecraft:iron_nugget":6,"minecraft:cobbled_deepslate":265,"aether:golden_gloves":1,"minecraft:rotten_flesh":15,"minecraft:oak_planks":3,"tww:masters_broomstickitem":2,"alexscaves:cave_book":1,"minecraft:ladder":2,"minecraft:arms_up_pottery_sherd":1,"minecraft:glass":13,"minecraft:beef":4,"farmersdelight:tomato_seeds":7,"minecraft:iron_ingot":3,"minecraft:wheat_seeds":12,"minecraft:shelter_pottery_sherd":1,"minecraft:feather":1,"minecraft:cobblestone":1,"minecraft:book":9,"minecraft:explorer_pottery_sherd":1,"minecraft:burn_pottery_sherd":1,"minecraft:yellow_carpet":1,"minecraft:oxeye_daisy":27,"minecraft:cobweb":7,"minecraft:rose_bush":2,"minecraft:potion":2,"minecraft:red_dye":6,"minecraft:string":4,"minecraft:iron_shovel":2,"minecraft:paper":14,"minecraft:gray_carpet":1,"create:raw_zinc":2,"minecraft:stone_sword":3,"minecraft:bowl":1,"minecraft:iron_boots":1,"portablemobs:basic_capture_cell":1,"minecraft:light_blue_dye":8,"minecraft:cobblestone_slab":1,"minecraft:stone":4,"minecraft:spruce_planks":2,"minecraft:howl_pottery_sherd":1,"minecraft:stone_bricks":12,"minecraft:spider_eye":2,"minecraft:bamboo":1,"minecraft:bow":1,"minecraft:blue_orchid":1,"minecraft:black_wool":2,"minecraft:dark_oak_stairs":1,"minecraft:brown_mushroom":1,"minecraft:birch_planks":5,"minecraft:dark_oak_sapling":2,"minecraft:lantern":2,"minecraft:mossy_cobblestone_wall":2,"travelersbackpack:standard":1,"minecraft:cobblestone_stairs":1,"artifacts:novelty_drinking_hat":1,"minecraft:cornflower":34,"minecraft:mutton":12,"farmersdelight:onion":2,"minecraft:glistering_melon_slice":1,"minecraft:gravel":5,"minecraft:blackstone":1,"buildersdelight:iron_chisel":1,"minecraft:pointed_dripstone":3,"artifacts:villager_hat":1,"portablemobs:master_capture_cell":1,"minecraft:carrot":1,"minecraft:poppy":8,"minecraft:rabbit_hide":7,"supplementaries:ash":11,"biomesoplenty:jacaranda_sapling":1,"minecraft:mossy_cobblestone":4,"minecraft:golden_axe":1,"luckys_armory:bone_armor_helmet":1,"minecraft:spruce_stairs":3,"minecraft:stick":7,"minecraft:blue_dye":11,"farmersdelight:golden_knife":1,"minecraft:pink_petals":12,"minecraft:tuff":9,"minecraft:flint_and_steel":1,"minecraft:filled_map":1,"irons_spellbooks:frostward_ring":1,"minecraft:mud_bricks":1,"biomesoplenty:fir_planks":4,"minecraft:wooden_pickaxe":3,"minecraft:calcite":2,"minecraft:brick":3},"minecraft:mined":{"minecraft:dark_oak_planks":6,"minecraft:light_blue_concrete":1,"irons_spellbooks:armor_pile":1,"minecraft:obsidian":21,"minecraft:granite":1,"minecraft:stone_brick_wall":2,"minecraft:yellow_carpet":1,"minecraft:oxeye_daisy":3,"minecraft:spawner":10,"minecraft:light_blue_stained_glass":2,"ironchest:crystal_chest":1,"minecraft:dark_oak_trapdoor":2,"minecraft:cobbled_deepslate":101,"minecraft:fire":1,"minecraft:barrel":2,"minecraft:deepslate_lapis_ore":6,"minecraft:enchanting_table":1,"minecraft:lime_stained_glass_pane":1,"minecraft:cave_vines":1,"biomesoplenty:webbing":15,"minecraft:dirt_path":1,"amendments:wall_lantern":2,"minecraft:small_amethyst_bud":1,"minecraft:blue_orchid":12,"minecraft:stripped_mangrove_wood":3,"minecraft:player_head":20,"create:limestone":44,"minecraft:blue_wall_banner":1,"minecraft:red_bed":3,"minecraft:amethyst_cluster":3,"minecraft:torch":10,"minecraft:blast_furnace":2,"minecraft:white_stained_glass_pane":2,"minecraft:sugar_cane":7,"minecraft:bricks":1,"minecraft:amethyst_block":1,"minecraft:chain":4,"minecraft:light_gray_stained_glass":7,"minecraft:jukebox":1,"minecraft:grass":29,"minecraft:deepslate":778,"minecraft:deepslate_tiles":7,"minecraft:mossy_cobblestone":14,"minecraft:dark_oak_log":1,"minecraft:cyan_stained_glass":4,"minecraft:white_concrete_powder":1,"farmersdelight:wild_onions":2,"minecraft:packed_mud":4,"minecraft:acacia_wood":1,"minecraft:andesite":1,"minecraft:diamond_block":1,"minecraft:cobblestone_slab":1,"minecraft:vine":1,"biomesoplenty:barley":1,"minecraft:bamboo":1,"irons_spellbooks:inscription_table":1,"minecraft:hanging_roots":1,"minecraft:smooth_sandstone":8,"minecraft:cornflower":18,"minecraft:emerald_ore":2,"minecraft:tall_grass":6,"minecraft:copper_ore":21,"minecraft:deepslate_gold_ore":14,"minecraft:green_stained_glass_pane":2,"minecraft:black_stained_glass":2,"minecraft:spruce_log":2,"minecraft:birch_leaves":1,"minecraft:gravel":26,"minecraft:dripstone_block":19,"minecraft:cobweb":24,"minecraft:stone_bricks":17,"minecraft:fern":6,"minecraft:waxed_cut_copper_slab":1,"minecraft:large_amethyst_bud":1,"create:deepslate_zinc_ore":5,"minecraft:spruce_planks":7,"warriorsofpastepoch:cistus":1,"minecraft:cobbled_deepslate_stairs":146,"minecraft:cobblestone_stairs":3,"minecraft:sculk_vein":6,"minecraft:orange_stained_glass":2,"chipped:boarded_mangrove_door":1,"bamboo:gazanite_flower":1,"minecraft:grass_block":248,"minecraft:mangrove_door":2,"minecraft:mud_bricks":1,"minecraft:glowstone":1,"minecraft:sculk_catalyst":1,"minecraft:iron_ore":85,"minecraft:anvil":1,"minecraft:dark_oak_stairs":1,"minecraft:pointed_dripstone":3,"minecraft:deepslate_redstone_ore":3,"minecraft:blackstone":1,"irons_spellbooks:alchemist_cauldron":1,"minecraft:medium_amethyst_bud":1,"minecraft:soul_lantern":2,"minecraft:clay":33,"minecraft:calcite":2,"minecraft:mossy_cobblestone_wall":1,"minecraft:poppy":7,"minecraft:chest":1,"minecraft:cobblestone":36,"minecraft:wall_torch":39,"minecraft:deepslate_copper_ore":2,"minecraft:dark_oak_slab":1,"minecraft:lapis_block":1,"minecraft:birch_log":10,"ironchest:diamond_chest":1,"biomesoplenty:umbran_log":1,"biomesoplenty:fir_log":3,"minecraft:oak_log":75,"minecraft:sand":525,"minecraft:dirt":507,"create:crimsite":6,"minecraft:oak_leaves":8,"minecraft:emerald_block":2,"alexscaves:spelunkery_table":1,"minecraft:diamond_ore":2,"minecraft:red_carpet":1,"minecraft:tuff":17,"minecraft:deepslate_diamond_ore":35,"minecraft:candle":1,"minecraft:red_stained_glass":2,"minecraft:ladder":1,"minecraft:decorated_pot":2,"minecraft:brown_mushroom_block":1,"travelersbackpack:white_sleeping_bag":2,"minecraft:spruce_leaves":5,"minecraft:large_fern":2,"minecraft:hay_block":10,"minecraft:furnace":5,"minecraft:gold_block":1,"bamboo:wooled_log":3,"minecraft:bookshelf":58,"minecraft:deepslate_iron_ore":34,"minecraft:packed_ice":1,"irons_spellbooks:firefly_jar":1,"biomesoplenty:spider_egg":1,"minecraft:stone":565,"minecraft:magenta_stained_glass":2,"travelersbackpack:standard":11,"minecraft:crafting_table":7,"minecraft:rose_bush":2,"minecraft:stone_slab":1,"minecraft:deepslate_coal_ore":16,"minecraft:lapis_ore":5,"minecraft:lily_pad":1,"minecraft:sculk":38,"supplementaries:urn":43,"minecraft:prismarine_bricks":1,"minecraft:spruce_stairs":3,"minecraft:gray_wool":5,"minecraft:beehive":1,"minecraft:coal_ore":174,"biomesoplenty:fir_leaves":1,"minecraft:mossy_stone_bricks":3}},"DataVersion":3465}