{"stats":{"minecraft:killed":{"alexsmobs:lobster":2,"minecraft:wandering_trader":1,"alexsmobs:seagull":1},"minecraft:used":{"minecraft:beetroot":7,"epicfight:skillbook":1,"beachparty:coconut":20,"minecraft:ladder":6,"minecraft:stone_pickaxe":95,"minecraft:oak_planks":5,"minecraft:sandstone":12,"minecraft:chest":2,"minecraft:wooden_pickaxe":12,"minecraft:blue_bed":1,"minecraft:rotten_flesh":2,"minecraft:netherrack":1,"minecraft:sand":39,"minecraft:dirt":5,"minecraft:crafting_table":3,"minecraft:granite":6,"biomesoplenty:orange_autumn_sapling":1,"jitl:loot_pouch":1,"minecraft:apple":2,"beachparty:coconut_open":6,"minecraft:bread":7,"minecraft:iron_pickaxe":11,"beachparty:palm_sapling":8,"minecraft:purple_bed":2,"biomesoplenty:yellow_autumn_sapling":2,"beachparty:seashell":1,"breadcraft:rye_seeds":1,"minecraft:cobblestone":20,"minecraft:stone_axe":184,"minecraft:golden_carrot":2,"minecraft:oak_boat":1,"alexsmobs:animal_dictionary":2},"minecraft:mined":{"biomesoplenty:orange_autumn_leaves":1,"iceandfire:silver_ore":4,"minecraft:dark_oak_log":18,"minecraft:crafting_table":2,"minecraft:granite":26,"bakery:wild_strawberries":2,"minecraft:grass_block":4,"minecraft:spruce_leaves":1,"butchersdelight:deadpigblock":5,"minecraft:sandstone":30,"minecraft:blue_bed":1,"beachparty:seashell_block":3,"minecraft:purple_bed":2,"farmersdelight:wild_beetroots":30,"farmersdelight:sandy_shrub":5,"biomesoplenty:toadstool":3,"maidensmaterials:chalcopyrite_ore":1,"biomesoplenty:yellow_autumn_leaves":3,"minecraft:birch_log":7,"beachparty:palm_sapling":1,"minecraft:spruce_log":1,"biomesoplenty:maple_leaves":7,"minecraft:grass":7,"beachparty:palm_log":90,"minecraft:oak_log":42,"beachparty:coconut_block":2,"minecraft:sand":48,"minecraft:sunflower":1,"minecraft:gravel":2,"minecraft:dirt":3,"maidensmaterials:jade_ore":2,"minecraft:stone":48,"minecraft:netherrack":1},"minecraft:picked_up":{"minecraft:birch_log":10,"minecraft:crafting_table":2,"minecraft:leather_chestplate":1,"maidensmaterials:earthen_essence":1,"minecraft:lead":2,"biomesoplenty:orange_autumn_sapling":6,"minecraft:filled_map":1,"beachparty:palm_log":88,"bakery:strawberry_seeds":1,"butchersdelight:deadpig":7,"minecraft:oak_log":42,"beachparty:coconut":30,"minecraft:dirt":9,"minecraft:blue_bed":1,"minecraft:string":5,"biomesoplenty:yellow_autumn_sapling":3,"beachparty:seashell":3,"minecraft:beetroot":7,"minecraft:apple":2,"beachparty:coconut_open":17,"biomesoplenty:toadstool":3,"minecraft:stick":11,"bakery:strawberry":1,"minecraft:sandstone":37,"beachparty:palm_sapling":11,"breadcraft:wild_greens_seeds":1,"minecraft:sand":50,"minecraft:spruce_log":1,"minecraft:dark_oak_log":18,"breadcraft:rye_seeds":1,"biomesoplenty:maple_sapling":3,"minecraft:purple_bed":2,"minecraft:rotten_flesh":3,"minecraft:stone_axe":1,"minecraft:beetroot_seeds":30,"jitl:loot_pouch":1,"maidensmaterials:chalcopyrite_chunk":1,"minecraft:granite":6,"butchersdelight:deadllama":2,"minecraft:oak_sapling":6,"minecraft:netherrack":1,"iceandfire:raw_silver":4,"minecraft:cobblestone":50,"minecraft:sunflower":1},"minecraft:crafted":{"minecraft:oak_planks":32,"minecraft:crafting_table":1,"minecraft:spruce_planks":16,"minecraft:iron_sword":1,"minecraft:wooden_pickaxe":1,"minecraft:stone_axe":2,"minecraft:oak_boat":1,"minecraft:ladder":6,"minecraft:iron_ingot":1,"minecraft:iron_pickaxe":2,"minecraft:stick":44,"minecraft:stone_pickaxe":2,"minecraft:chest":2,"minecraft:dark_oak_planks":16},"minecraft:dropped":{"biomesoplenty:toadstool":3,"minecraft:iron_sword":1,"minecraft:stone_axe":2,"minecraft:clock":1,"biomesoplenty:yellow_autumn_sapling":1,"biomesoplenty:maple_sapling":3,"beachparty:coconut":8,"minecraft:rotten_flesh":1,"minecraft:cobblestone":3,"minecraft:oak_planks":9,"minecraft:pumpkin_seeds":6,"minecraft:filled_map":2,"beachparty:rubber_ring_axolotl":1,"minecraft:leather_chestplate":1,"minecraft:dirt":2,"maidensmaterials:chalcopyrite_chunk":1,"beachparty:overgrown_disc":1,"minecraft:golden_carrot":3,"minecraft:beetroot_seeds":30,"maidensmaterials:earthen_essence":1,"wom:gesetz":1,"minecraft:oak_sapling":6,"minecraft:sunflower":1,"minecraft:sandstone":6,"minecraft:sand":5,"beachparty:coconut_open":5,"minecraft:wooden_pickaxe":1,"minecraft:stone_pickaxe":1,"minecraft:iron_pickaxe":1,"jellyfishing:jellyfish_net":1,"breadcraft:rye_seeds":1,"butchersdelight:deadpig":1},"minecraft:broken":{"minecraft:stone_axe":1},"minecraft:custom":{"minecraft:mob_kills":4,"minecraft:interact_with_crafting_table":11,"minecraft:leave_game":4,"minecraft:time_since_death":93069,"minecraft:sleep_in_bed":4,"minecraft:climb_one_cm":2200,"minecraft:time_since_rest":10098,"minecraft:sprint_one_cm":271258,"minecraft:damage_taken":448,"minecraft:walk_one_cm":611906,"minecraft:drop":48,"minecraft:damage_dealt":1060,"minecraft:swim_one_cm":121386,"minecraft:talked_to_villager":3,"minecraft:fly_one_cm":402051,"minecraft:play_time":93069,"minecraft:open_chest":23,"minecraft:crouch_one_cm":9059,"minecraft:walk_under_water_one_cm":27257,"minecraft:sneak_time":2430,"minecraft:boat_one_cm":51055,"minecraft:jump":1185,"minecraft:walk_on_water_one_cm":35184,"minecraft:total_world_time":93069,"minecraft:fall_one_cm":27368}},"DataVersion":3465}