{"stats":{"minecraft:killed":{"alexsmobs:lobster":2,"minecraft:wandering_trader":1,"alexsmobs:seagull":1},"minecraft:used":{"minecraft:beetroot":7,"beachparty:coconut":6,"minecraft:oak_planks":5,"minecraft:wooden_pickaxe":12,"minecraft:rotten_flesh":2,"minecraft:dirt":3,"minecraft:crafting_table":2,"biomesoplenty:orange_autumn_sapling":1,"jitl:loot_pouch":1,"minecraft:apple":2,"beachparty:coconut_open":2,"biomesoplenty:yellow_autumn_sapling":2,"beachparty:seashell":1,"breadcraft:rye_seeds":1,"minecraft:stone_axe":112,"minecraft:golden_carrot":1,"minecraft:oak_boat":1,"alexsmobs:animal_dictionary":2},"minecraft:mined":{"biomesoplenty:orange_autumn_leaves":1,"minecraft:dark_oak_log":18,"minecraft:crafting_table":2,"bakery:wild_strawberries":2,"minecraft:grass_block":3,"butchersdelight:deadpigblock":5,"beachparty:seashell_block":1,"farmersdelight:wild_beetroots":30,"farmersdelight:sandy_shrub":5,"biomesoplenty:toadstool":3,"minecraft:birch_log":7,"biomesoplenty:yellow_autumn_leaves":3,"biomesoplenty:maple_leaves":5,"beachparty:palm_log":25,"minecraft:grass":7,"minecraft:oak_log":42,"beachparty:coconut_block":2,"minecraft:sunflower":1,"minecraft:stone":12},"minecraft:picked_up":{"minecraft:birch_log":10,"minecraft:crafting_table":2,"maidensmaterials:earthen_essence":1,"minecraft:lead":2,"biomesoplenty:orange_autumn_sapling":6,"beachparty:palm_log":25,"bakery:strawberry_seeds":1,"butchersdelight:deadpig":7,"minecraft:oak_log":42,"beachparty:coconut":11,"minecraft:string":5,"minecraft:dirt":3,"biomesoplenty:yellow_autumn_sapling":3,"beachparty:seashell":1,"minecraft:beetroot":7,"minecraft:apple":2,"beachparty:coconut_open":2,"biomesoplenty:toadstool":3,"minecraft:stick":3,"bakery:strawberry":1,"beachparty:palm_sapling":3,"minecraft:dark_oak_log":18,"breadcraft:rye_seeds":1,"biomesoplenty:maple_sapling":3,"minecraft:rotten_flesh":2,"minecraft:stone_axe":1,"minecraft:beetroot_seeds":30,"jitl:loot_pouch":1,"butchersdelight:deadllama":2,"minecraft:oak_sapling":6,"minecraft:cobblestone":12,"minecraft:sunflower":1},"minecraft:crafted":{"minecraft:oak_planks":32,"minecraft:crafting_table":1,"minecraft:wooden_pickaxe":1,"minecraft:stone_axe":2,"minecraft:oak_boat":1,"minecraft:stick":12,"minecraft:stone_pickaxe":2},"minecraft:dropped":{"biomesoplenty:toadstool":3,"minecraft:stone_axe":2,"minecraft:beetroot_seeds":30,"maidensmaterials:earthen_essence":1,"minecraft:oak_sapling":3,"minecraft:sunflower":1,"minecraft:wooden_pickaxe":1,"minecraft:stone_pickaxe":1,"breadcraft:rye_seeds":1,"butchersdelight:deadpig":1},"minecraft:custom":{"minecraft:mob_kills":4,"minecraft:interact_with_crafting_table":4,"minecraft:leave_game":3,"minecraft:time_since_death":47946,"minecraft:time_since_rest":47946,"minecraft:sprint_one_cm":138858,"minecraft:damage_taken":110,"minecraft:walk_one_cm":359765,"minecraft:drop":16,"minecraft:damage_dealt":1060,"minecraft:swim_one_cm":11048,"minecraft:talked_to_villager":3,"minecraft:fly_one_cm":190049,"minecraft:open_chest":2,"minecraft:crouch_one_cm":4362,"minecraft:play_time":47946,"minecraft:sneak_time":1127,"minecraft:walk_under_water_one_cm":2925,"minecraft:boat_one_cm":49635,"minecraft:jump":606,"minecraft:walk_on_water_one_cm":7210,"minecraft:total_world_time":47946,"minecraft:fall_one_cm":14133}},"DataVersion":3465}