{"stats":{"minecraft:broken":{"minecraft:iron_shovel":4,"minecraft:stone_pickaxe":3,"aether:iron_gloves":1,"minecraft:golden_pickaxe":1,"minecraft:iron_pickaxe":3},"minecraft:crafted":{"ageofweapons:machete_template":3,"naturalist:cooked_duck":1,"buildersdelight:iron_chisel":1,"minecraft:oak_planks":72,"travelersbackpack:crafting_upgrade":1,"ageofweapons:blank_template":9,"minecraft:cooked_chicken":1,"ageofweapons:compound_bow":1,"minecraft:stone":43,"minecraft:bookshelf":18,"portablemobs:master_capture_cell":2,"minecraft:iron_bars":16,"ironchest:crystal_chest":6,"minecraft:glass":120,"ageofweapons:caveman_spear":5,"ageofweapons:machete_iron":3,"ageofweapons:machete_iron_part":3,"minecraft:iron_boots":1,"minecraft:chest":14,"minecraft:cooked_rabbit":2,"chipped:mason_table":1,"irons_spellbooks:scroll":1,"minecraft:diamond_axe":1,"travelersbackpack:iron_tier_upgrade":1,"minecraft:emerald":45,"minecraft:crafting_table":6,"minecraft:spruce_planks":8,"travelersbackpack:standard":6,"minecraft:wooden_pickaxe":3,"irons_spellbooks:furled_map":1,"minecraft:smithing_table":2,"minecraft:copper_ingot":66,"ageofweapons:ninjato_template":1,"minecraft:birch_planks":24,"ironchest:diamond_chest":6,"biomesoplenty:fir_planks":204,"minecraft:iron_chestplate":1,"portablemobs:basic_capture_cell":2,"minecraft:diamond_pickaxe":2,"minecraft:stick":292,"minecraft:light_blue_dye":8,"minecraft:iron_ingot":108,"minecraft:iron_pickaxe":6,"minecraft:stone_sword":2,"minecraft:gold_ingot":2,"ageofweapons:ninjato_diamond_part":1,"minecraft:cherry_planks":40,"luckys_armory:bone_armor_helmet":1,"tww:masters_broomstickitem":5,"minecraft:furnace":2,"minecraft:bone_meal":9,"travelersbackpack:blank_upgrade":4,"travelersbackpack:gold_tier_upgrade":1,"minecraft:diamond":9,"travelersbackpack:white_sleeping_bag":3,"minecraft:iron_axe":1,"minecraft:stone_pickaxe":4,"minecraft:cobbled_deepslate_stairs":48,"ageofweapons:large_diamond_blank":1,"minecraft:dark_oak_planks":80,"ageofweapons:recurve_bow":1,"travelersbackpack:diamond_tier_upgrade":1,"minecraft:wheat":72,"minecraft:cooked_beef":8,"biomesoplenty:umbran_planks":4,"minecraft:red_dye":6,"ironchest:gold_chest":6,"minecraft:enchanting_table":1,"travelersbackpack:backpack_tank":6,"minecraft:mangrove_door":3,"minecraft:iron_sword":3,"ironchest:copper_chest":6,"minecraft:mangrove_planks":12,"minecraft:stone_axe":1,"biomesoplenty:umbran_sapling":2,"minecraft:bread":32,"minecraft:air":0,"aether:iron_gloves":1,"minecraft:blue_dye":11,"ageofweapons:longstick_wood":3,"ageofweapons:hammer":1,"minecraft:iron_shovel":10,"minecraft:iron_leggings":1,"minecraft:stonecutter":1,"ageofweapons:ninjato_diamond":1,"minecraft:torch":444,"ageofweapons:medium_iron_blank":3,"chipped:glassblower":1,"minecraft:lapis_lazuli":9,"ironchest:iron_chest":6,"minecraft:brick":1},"minecraft:picked_up":{"minecraft:wheat":18,"minecraft:light_blue_concrete":2,"minecraft:anvil":2,"minecraft:lead":6,"aether:iron_gloves":5,"minecraft:potion":3,"irons_spellbooks:nature_rune":1,"chipped:boarded_mangrove_door":1,"minecraft:lapis_block":1,"minecraft:string":25,"minecraft:dark_oak_trapdoor":7,"minecraft:raw_copper":86,"create:limestone":44,"minecraft:explorer_pottery_sherd":1,"minecraft:experience_bottle":10,"irons_spellbooks:arcane_essence":24,"minecraft:deepslate_tiles":7,"minecraft:gold_nugget":52,"minecraft:cobbled_deepslate":894,"biomesoplenty:fir_planks":4,"minecraft:spruce_planks":6,"artifacts:aqua_dashers":1,"ageofweapons:caveman_spear":2,"minecraft:rose_bush":6,"minecraft:cobblestone_slab":1,"minecraft:calcite":4,"minecraft:iron_pickaxe":13,"irons_spellbooks:inscription_table":1,"naturalist:cooked_duck":2,"minecraft:furnace":7,"minecraft:beehive":1,"minecraft:stick":60,"ironchest:crystal_chest":1,"minecraft:jukebox":1,"minecraft:torch":232,"minecraft:spruce_stairs":4,"minecraft:golden_axe":1,"minecraft:pointed_dripstone":5,"ironchest:diamond_chest":1,"portablemobs:basic_capture_cell":1,"minecraft:stone_sword":6,"grimoireofgaia:stone_coal":1,"minecraft:rotten_flesh":57,"artifacts:villager_hat":1,"farmersdelight:onion":6,"supplementaries:antique_ink":3,"supplementaries:ash":53,"minecraft:mangrove_door":4,"minecraft:obsidian":20,"minecraft:cod":3,"minecraft:cobblestone":679,"minecraft:enchanting_table":1,"minecraft:birch_log":10,"minecraft:pink_petals":12,"minecraft:feather":1,"minecraft:cooked_beef":33,"warriorsofpastepoch:forgotten_steel_nugget":2,"minecraft:potato":1,"biomesoplenty:fir_log":203,"alexscaves:cave_book":1,"minecraft:flint":2,"minecraft:tuff":15,"create:raw_zinc":4,"minecraft:prismarine_bricks":2,"supplementaries:flax_seeds":19,"artifacts:flippers":1,"minecraft:lapis_lazuli":94,"minecraft:dirt":1349,"minecraft:lantern":2,"minecraft:leather_boots":1,"minecraft:glass":48,"minecraft:bone":57,"ageofweapons:compound_bow":3,"minecraft:bow":7,"minecraft:wheat_seeds":12,"minecraft:raw_gold":22,"minecraft:bamboo":11,"minecraft:rabbit":2,"minecraft:glowstone_dust":3,"minecraft:oak_planks":2,"irons_spellbooks:legendary_ink":2,"minecraft:sand":518,"naturalist:duck_egg":1,"minecraft:diamond_block":1,"minecraft:dark_oak_log":1,"minecraft:barrel":2,"minecraft:mossy_cobblestone":12,"irons_spellbooks:evasion_elixir":1,"travelersbackpack:white_sleeping_bag":2,"create:crimsite":6,"minecraft:yellow_carpet":1,"minecraft:diamond":54,"minecraft:soul_lantern":4,"waystones:waystone":1,"minecraft:granite":1,"minecraft:golden_apple":1,"minecraft:chainmail_helmet":6,"bamboo:wooled_log":5,"minecraft:emerald":40,"minecraft:bread":184,"minecraft:blue_banner":1,"minecraft:bricks":1,"minecraft:charcoal":1,"minecraft:shelter_pottery_sherd":1,"minecraft:crafting_table":7,"minecraft:allium":12,"minecraft:clay_ball":128,"grimoireofgaia:soulfire":12,"minecraft:chicken":1,"minecraft:ladder":3,"irons_spellbooks:tarnished_helmet":1,"minecraft:brown_mushroom":1,"minecraft:cooked_rabbit":3,"biomesoplenty:jacaranda_sapling":1,"minecraft:chain":4,"minecraft:brick":3,"minecraft:cornflower":36,"minecraft:red_bed":3,"warriorsofpastepoch:cistus":37,"minecraft:iron_axe":9,"tww:masters_broomstickitem":60,"minecraft:iron_shovel":5,"minecraft:blackstone":1,"minecraft:blue_orchid":9,"minecraft:candle":2,"minecraft:mossy_cobblestone_wall":3,"minecraft:beef":60,"irons_spellbooks:epic_ink":4,"minecraft:player_head":19,"minecraft:iron_nugget":50,"minecraft:poppy":22,"minecraft:sugar_cane":23,"minecraft:chest":1,"minecraft:dark_oak_sapling":8,"minecraft:raw_iron":145,"minecraft:stripped_mangrove_wood":8,"naturalist:duck":1,"minecraft:bowl":1,"minecraft:fire_charge":3,"farmersdelight:tomato_seeds":1,"minecraft:cake":4,"minecraft:cookie":1,"minecraft:carrot":43,"minecraft:redstone":17,"irons_spellbooks:alchemist_cauldron":1,"minecraft:dark_oak_planks":5,"minecraft:howl_pottery_sherd":1,"irons_spellbooks:evocation_rune":2,"minecraft:arrow":177,"minecraft:pumpkin_pie":12,"minecraft:golden_hoe":1,"luckys_armory:bone_armor_helmet":3,"minecraft:diamond_boots":3,"minecraft:hay_block":10,"alexscaves:spelunkery_table":1,"grimoireofgaia:cursed_metal_sword":1,"minecraft:gold_ingot":7,"minecraft:glistering_melon_slice":4,"minecraft:mutton":15,"minecraft:white_wool":13,"minecraft:oxeye_daisy":28,"minecraft:mud_bricks":1,"minecraft:burn_pottery_sherd":1,"minecraft:salmon":1,"minecraft:leather":50,"minecraft:red_mushroom":1,"minecraft:acacia_wood":1,"grimoireofgaia:bone_shield":1,"minecraft:birch_planks":4,"warriorsofpastepoch:azure_fabric":1,"minecraft:packed_mud":4,"minecraft:oak_log":73,"minecraft:lily_pad":1,"minecraft:cobbled_deepslate_stairs":216,"minecraft:yellow_bed":1,"minecraft:gunpowder":3,"minecraft:cobblestone_stairs":2,"ageofweapons:machete_iron":6,"minecraft:paper":5,"irons_spellbooks:cinder_essence":1,"minecraft:cooked_mutton":3,"irons_spellbooks:common_ink":1,"minecraft:smooth_sandstone":7,"minecraft:red_carpet":1,"minecraft:gray_carpet":2,"minecraft:apple":18,"minecraft:stone_bricks":17,"portablemobs:master_capture_cell":1,"minecraft:rabbit_hide":15,"minecraft:iron_ingot":17,"minecraft:stone_pickaxe":1,"minecraft:cooked_chicken":2,"minecraft:cobweb":23,"biomesoplenty:umbran_log":1,"minecraft:arms_up_pottery_sherd":1,"minecraft:iron_sword":9,"minecraft:dark_oak_stairs":1,"minecraft:book":168,"grimoireofgaia:zombie_staff":1,"artifacts:obsidian_skull":1,"minecraft:emerald_block":2,"waystones:mossy_waystone":1,"minecraft:dripstone_block":19,"minecraft:gravel":23,"minecraft:amethyst_shard":14,"minecraft:red_banner":2,"minecraft:blast_furnace":3,"minecraft:spruce_log":4,"minecraft:spider_eye":7,"minecraft:spruce_door":1,"travelersbackpack:standard":11,"minecraft:white_concrete_powder":2,"minecraft:slime_ball":4,"minecraft:stone_axe":2,"minecraft:iron_helmet":1,"minecraft:gray_wool":10,"minecraft:black_wool":2,"minecraft:coal":271,"irons_spellbooks:scroll":3,"minecraft:ender_pearl":3},"minecraft:mined":{"minecraft:waxed_cut_copper_slab":1,"minecraft:large_amethyst_bud":1,"create:deepslate_zinc_ore":5,"minecraft:spruce_planks":7,"warriorsofpastepoch:cistus":1,"minecraft:cobbled_deepslate_stairs":146,"minecraft:light_blue_concrete":1,"irons_spellbooks:armor_pile":1,"minecraft:sculk_vein":6,"minecraft:cobblestone_stairs":3,"minecraft:orange_stained_glass":2,"chipped:boarded_mangrove_door":1,"minecraft:obsidian":21,"bamboo:gazanite_flower":1,"minecraft:granite":1,"minecraft:stone_brick_wall":2,"minecraft:mangrove_door":2,"minecraft:grass_block":247,"minecraft:yellow_carpet":1,"minecraft:mud_bricks":1,"minecraft:oxeye_daisy":3,"minecraft:spawner":10,"minecraft:light_blue_stained_glass":2,"ironchest:crystal_chest":1,"minecraft:sculk_catalyst":1,"minecraft:glowstone":1,"minecraft:dark_oak_trapdoor":2,"minecraft:fire":1,"minecraft:iron_ore":85,"minecraft:barrel":2,"minecraft:cobbled_deepslate":101,"minecraft:deepslate_lapis_ore":6,"minecraft:anvil":1,"minecraft:enchanting_table":1,"minecraft:dark_oak_stairs":1,"minecraft:lime_stained_glass_pane":1,"minecraft:pointed_dripstone":3,"minecraft:cave_vines":1,"minecraft:dirt_path":1,"amendments:wall_lantern":2,"minecraft:small_amethyst_bud":1,"biomesoplenty:webbing":15,"minecraft:stripped_mangrove_wood":3,"minecraft:blue_orchid":12,"minecraft:player_head":20,"create:limestone":44,"minecraft:deepslate_redstone_ore":3,"minecraft:blue_wall_banner":1,"minecraft:blackstone":1,"minecraft:red_bed":3,"irons_spellbooks:alchemist_cauldron":1,"minecraft:medium_amethyst_bud":1,"minecraft:amethyst_cluster":3,"minecraft:soul_lantern":2,"minecraft:clay":33,"minecraft:torch":10,"minecraft:blast_furnace":2,"minecraft:mossy_cobblestone_wall":1,"minecraft:poppy":7,"minecraft:calcite":2,"minecraft:chest":1,"minecraft:white_stained_glass_pane":2,"minecraft:cobblestone":35,"minecraft:sugar_cane":7,"minecraft:bricks":1,"minecraft:wall_torch":39,"minecraft:amethyst_block":1,"minecraft:deepslate_copper_ore":2,"minecraft:chain":4,"minecraft:dark_oak_slab":1,"minecraft:birch_log":10,"minecraft:light_gray_stained_glass":7,"minecraft:lapis_block":1,"biomesoplenty:umbran_log":1,"minecraft:jukebox":1,"ironchest:diamond_chest":1,"biomesoplenty:fir_log":3,"minecraft:grass":29,"minecraft:oak_log":75,"minecraft:dirt":507,"minecraft:sand":525,"minecraft:deepslate_tiles":7,"create:crimsite":6,"minecraft:deepslate":778,"minecraft:oak_leaves":8,"minecraft:emerald_block":2,"minecraft:diamond_ore":2,"minecraft:tuff":17,"alexscaves:spelunkery_table":1,"minecraft:red_carpet":1,"minecraft:mossy_cobblestone":14,"minecraft:deepslate_diamond_ore":35,"minecraft:candle":1,"minecraft:red_stained_glass":2,"minecraft:dark_oak_log":1,"minecraft:cyan_stained_glass":4,"minecraft:ladder":1,"minecraft:decorated_pot":2,"minecraft:brown_mushroom_block":1,"travelersbackpack:white_sleeping_bag":2,"minecraft:spruce_leaves":5,"minecraft:white_concrete_powder":1,"minecraft:hay_block":10,"minecraft:large_fern":2,"farmersdelight:wild_onions":2,"minecraft:packed_mud":4,"minecraft:furnace":5,"minecraft:acacia_wood":1,"minecraft:andesite":1,"minecraft:diamond_block":1,"minecraft:vine":1,"minecraft:gold_block":1,"minecraft:bookshelf":56,"bamboo:wooled_log":3,"minecraft:deepslate_iron_ore":34,"minecraft:cobblestone_slab":1,"minecraft:bamboo":1,"minecraft:packed_ice":1,"irons_spellbooks:inscription_table":1,"irons_spellbooks:firefly_jar":1,"biomesoplenty:barley":1,"minecraft:stone":565,"biomesoplenty:spider_egg":1,"minecraft:hanging_roots":1,"minecraft:magenta_stained_glass":2,"travelersbackpack:standard":11,"minecraft:smooth_sandstone":8,"minecraft:crafting_table":7,"minecraft:cornflower":18,"minecraft:emerald_ore":2,"minecraft:green_stained_glass_pane":2,"minecraft:lapis_ore":5,"minecraft:rose_bush":2,"minecraft:stone_slab":1,"minecraft:copper_ore":21,"minecraft:tall_grass":6,"minecraft:deepslate_coal_ore":16,"minecraft:deepslate_gold_ore":14,"minecraft:lily_pad":1,"minecraft:prismarine_bricks":1,"minecraft:sculk":38,"minecraft:spruce_stairs":3,"supplementaries:urn":43,"minecraft:gray_wool":5,"minecraft:black_stained_glass":2,"minecraft:beehive":1,"minecraft:birch_leaves":1,"minecraft:spruce_log":2,"minecraft:coal_ore":174,"biomesoplenty:fir_leaves":1,"minecraft:gravel":26,"minecraft:dripstone_block":19,"minecraft:cobweb":24,"minecraft:stone_bricks":17,"minecraft:mossy_stone_bricks":3,"minecraft:dark_oak_planks":6,"minecraft:fern":6},"minecraft:used":{"minecraft:iron_shovel":1301,"minecraft:chest":4,"minecraft:iron_sword":269,"minecraft:stone":4,"minecraft:rotten_flesh":1,"minecraft:carrot":27,"bamboo:wooled_log":1,"minecraft:tuff":5,"minecraft:beehive":1,"minecraft:packed_mud":1,"minecraft:iron_helmet":1,"minecraft:stone_bricks":5,"minecraft:red_carpet":1,"minecraft:bow":61,"minecraft:furnace":6,"minecraft:diamond_boots":2,"minecraft:oak_planks":1,"minecraft:stone_pickaxe":471,"minecraft:wooden_pickaxe":26,"biomesoplenty:fir_planks":3,"minecraft:chainmail_helmet":3,"minecraft:diamond_axe":131,"minecraft:cookie":1,"minecraft:golden_apple":5,"minecraft:white_wool":2,"minecraft:dark_oak_trapdoor":1,"minecraft:golden_hoe":1,"alexscaves:cave_book":1,"minecraft:mushroom_stew":1,"minecraft:blast_furnace":1,"ageofweapons:machete_iron":249,"minecraft:dripstone_block":7,"minecraft:cobbled_deepslate_stairs":124,"minecraft:deepslate_tiles":8,"biomesoplenty:umbran_planks":4,"minecraft:mangrove_door":3,"minecraft:bread":66,"minecraft:gravel":3,"minecraft:soul_lantern":2,"naturalist:cooked_duck":1,"minecraft:smithing_table":2,"minecraft:cooked_rabbit":2,"minecraft:birch_log":4,"minecraft:bone_meal":9,"tww:masters_broomstickitem":61,"minecraft:golden_pickaxe":24,"ironchest:crystal_chest":7,"minecraft:enchanting_table":2,"minecraft:experience_bottle":13,"create:limestone":17,"minecraft:stone_sword":67,"minecraft:cooked_chicken":2,"minecraft:torch":492,"minecraft:dirt":57,"ironchest:diamond_chest":1,"minecraft:anvil":1,"minecraft:granite":1,"farmersdelight:beef_patty":2,"minecraft:dark_oak_planks":2,"ageofweapons:ninjato_diamond":662,"minecraft:bookshelf":19,"chipped:glassblower":1,"minecraft:iron_axe":21,"minecraft:smooth_sandstone":2,"ageofweapons:caveman_spear":2,"chipped:boarded_mangrove_door":1,"biomesoplenty:umbran_sapling":2,"minecraft:barrel":2,"alexscaves:spelunkery_table":1,"minecraft:beef":28,"minecraft:goat_horn":1,"warriorsofpastepoch:cistus":1,"minecraft:cooked_beef":33,"minecraft:cobbled_deepslate":253,"minecraft:cooked_mutton":2,"minecraft:water_bucket":20,"minecraft:stonecutter":1,"minecraft:salmon":17,"minecraft:mossy_cobblestone":4,"chipped:mason_table":1,"minecraft:red_bed":3,"minecraft:crafting_table":9,"minecraft:cod":2,"minecraft:cake":2,"minecraft:diamond_pickaxe":521,"minecraft:apple":20,"waystones:mossy_waystone":1,"minecraft:iron_pickaxe":1389,"travelersbackpack:white_sleeping_bag":3,"minecraft:leather_helmet":1,"ageofweapons:compound_bow":29,"travelersbackpack:standard":10,"minecraft:cobblestone":272,"minecraft:bucket":19,"minecraft:pumpkin_pie":4,"minecraft:yellow_bed":1,"minecraft:jukebox":1},"minecraft:custom":{"minecraft:interact_with_crafting_table":162,"minecraft:open_barrel":171,"minecraft:eat_cake_slice":15,"minecraft:leave_game":4,"minecraft:time_since_death":237851,"minecraft:sprint_one_cm":968683,"minecraft:drop":237,"minecraft:play_noteblock":2,"minecraft:talked_to_villager":22,"minecraft:play_time":699092,"minecraft:deaths":26,"minecraft:interact_with_brewingstand":3,"minecraft:jump":7246,"minecraft:enchant_item":6,"minecraft:walk_on_water_one_cm":62097,"minecraft:interact_with_furnace":145,"minecraft:traded_with_villager":11,"minecraft:interact_with_loom":4,"minecraft:sleep_in_bed":20,"minecraft:waystone_activated":2,"minecraft:damage_dealt":65809,"minecraft:crouch_one_cm":63287,"minecraft:interact_with_smoker":7,"minecraft:interact_with_smithing_table":32,"minecraft:interact_with_anvil":1,"minecraft:mob_kills":249,"minecraft:damage_dealt_resisted":159,"minecraft:climb_one_cm":12407,"minecraft:walk_one_cm":1472202,"minecraft:sneak_time":23824,"minecraft:interact_with_lectern":2,"minecraft:walk_under_water_one_cm":16784,"minecraft:interact_with_blast_furnace":9,"minecraft:total_world_time":699092,"minecraft:tune_noteblock":4,"minecraft:interact_with_stonecutter":6,"minecraft:interact_with_grindstone":1,"minecraft:time_since_rest":28997,"minecraft:damage_absorbed":160,"minecraft:damage_taken":16884,"minecraft:swim_one_cm":70802,"minecraft:fly_one_cm":1073399,"minecraft:open_chest":974,"minecraft:fall_one_cm":219724},"minecraft:dropped":{"biomesoplenty:fir_log":140,"minecraft:iron_sword":3,"minecraft:brown_mushroom":1,"minecraft:birch_planks":5,"minecraft:dark_oak_stairs":1,"minecraft:cooked_beef":4,"minecraft:dark_oak_sapling":2,"minecraft:lantern":2,"minecraft:mossy_cobblestone_wall":2,"ageofweapons:machete_iron":1,"travelersbackpack:standard":1,"minecraft:leather_helmet":1,"minecraft:red_mushroom":1,"minecraft:cobblestone_stairs":1,"minecraft:packed_mud":1,"minecraft:dirt":578,"artifacts:novelty_drinking_hat":1,"minecraft:cornflower":34,"minecraft:mutton":12,"minecraft:dark_oak_trapdoor":6,"minecraft:chain":4,"farmersdelight:onion":2,"minecraft:gold_nugget":6,"minecraft:glistering_melon_slice":1,"minecraft:iron_pickaxe":3,"minecraft:dark_oak_planks":1,"minecraft:white_wool":1,"minecraft:gravel":5,"minecraft:stone_axe":2,"minecraft:blackstone":1,"minecraft:sugar_cane":3,"minecraft:iron_nugget":6,"minecraft:cobbled_deepslate":264,"buildersdelight:iron_chisel":1,"aether:golden_gloves":1,"minecraft:pointed_dripstone":3,"minecraft:rotten_flesh":15,"artifacts:villager_hat":1,"minecraft:oak_planks":3,"portablemobs:master_capture_cell":1,"minecraft:carrot":1,"minecraft:poppy":8,"minecraft:rabbit_hide":7,"supplementaries:ash":11,"tww:masters_broomstickitem":2,"alexscaves:cave_book":1,"minecraft:arms_up_pottery_sherd":1,"minecraft:ladder":2,"minecraft:glass":13,"minecraft:beef":4,"farmersdelight:tomato_seeds":7,"minecraft:iron_ingot":3,"biomesoplenty:jacaranda_sapling":1,"minecraft:shelter_pottery_sherd":1,"minecraft:wheat_seeds":12,"minecraft:mossy_cobblestone":4,"minecraft:feather":1,"minecraft:golden_axe":1,"minecraft:cobblestone":1,"minecraft:book":9,"luckys_armory:bone_armor_helmet":1,"minecraft:explorer_pottery_sherd":1,"minecraft:burn_pottery_sherd":1,"minecraft:spruce_stairs":3,"minecraft:yellow_carpet":1,"minecraft:stick":7,"minecraft:oxeye_daisy":27,"minecraft:cobweb":7,"minecraft:blue_dye":11,"minecraft:rose_bush":2,"minecraft:potion":2,"minecraft:red_dye":6,"minecraft:iron_shovel":2,"minecraft:paper":14,"minecraft:string":4,"minecraft:pink_petals":12,"minecraft:gray_carpet":1,"create:raw_zinc":2,"minecraft:stone_sword":3,"minecraft:bowl":1,"minecraft:tuff":9,"minecraft:iron_boots":1,"portablemobs:basic_capture_cell":1,"minecraft:flint_and_steel":1,"minecraft:filled_map":1,"minecraft:light_blue_dye":8,"minecraft:cobblestone_slab":1,"minecraft:stone":4,"minecraft:mud_bricks":1,"biomesoplenty:fir_planks":4,"minecraft:spruce_planks":2,"minecraft:howl_pottery_sherd":1,"minecraft:spider_eye":1,"minecraft:stone_bricks":12,"minecraft:bamboo":1,"minecraft:blue_orchid":1,"minecraft:bow":1,"minecraft:wooden_pickaxe":3,"minecraft:calcite":2,"minecraft:black_wool":2,"minecraft:brick":3},"minecraft:killed_by":{"grimoireofgaia:bone_knight":3,"grimoireofgaia:harpy":1,"grimoireofgaia:dwarf":2,"tww:necromancer":1,"minecraft:husk":1,"minecraft:spider":1,"grimoireofgaia:flesh_lich":2,"grimoireofgaia:siren":3,"irons_spellbooks:necromancer":2,"minecraft:skeleton":2,"irons_spellbooks:apothecarist":1,"irons_spellbooks:archevoker":1,"grimoireofgaia:naga":1},"minecraft:killed":{"tww:masters_broomstick":55,"minecraft:cave_spider":3,"minecraft:spider":3,"minecraft:skeleton":18,"grimoireofgaia:mimic":3,"irons_spellbooks:apothecarist":1,"minecraft:chicken":1,"irons_spellbooks:archevoker":2,"irons_spellbooks:summoned_skeleton":2,"grimoireofgaia:flesh_lich":8,"artifacts:mimic":4,"minecraft:zombie_villager":1,"grimoireofgaia:bone_knight":7,"irons_spellbooks:necromancer":2,"minecraft:creeper":2,"grimoireofgaia:naga":1,"minecraft:sheep":14,"minecraft:trader_llama":4,"minecraft:pillager":1,"irons_spellbooks:summoned_vex":1,"minecraft:zombie":33,"grimoireofgaia:siren":4,"grimoireofgaia:deathword":1,"minecraft:vex":1,"minecraft:cow":28,"irons_spellbooks:summoned_zombie":4,"minecraft:vindicator":4,"minecraft:slime":1,"naturalist:tortoise":3,"naturalist:duck":1,"grimoireofgaia:ender_eye":2,"grimoireofgaia:creep":1,"grimoireofgaia:dwarf":1,"grimoireofgaia:dullahan":9,"minecraft:husk":11,"minecraft:rabbit":2,"minecraft:wandering_trader":2,"warriorsofpastepoch:skeleton_musketeer":2,"grimoireofgaia:horse":1,"grimoireofgaia:arachne":2}},"DataVersion":3465}