{"stats":{"minecraft:killed":{"alexsmobs:lobster":2,"minecraft:spider":1,"alexsmobs:seagull":1,"minecraft:skeleton":1,"minecraft:wandering_trader":1},"minecraft:used":{"minecraft:beetroot":7,"beachparty:coconut":20,"minecraft:ladder":6,"minecraft:chest":2,"minecraft:iron_sword":14,"minecraft:rotten_flesh":2,"minecraft:netherrack":1,"minecraft:dirt":9,"minecraft:granite":6,"jitl:loot_pouch":1,"wom:gesetz":1,"beachparty:coconut_open":6,"breadcraft:rye_seeds":1,"beachparty:palm_boat":1,"beachparty:palm_sapling":8,"minecraft:golden_carrot":2,"minecraft:dark_oak_boat":1,"epicfight:skillbook":1,"minecraft:stone_pickaxe":95,"minecraft:oak_planks":5,"minecraft:wooden_pickaxe":12,"minecraft:sandstone":12,"minecraft:blue_bed":1,"minecraft:sand":39,"minecraft:crafting_table":3,"bakery:strawberry":7,"biomesoplenty:orange_autumn_sapling":1,"minecraft:apple":2,"minecraft:bread":9,"minecraft:iron_pickaxe":11,"biomesoplenty:yellow_autumn_sapling":2,"beachparty:seashell":1,"minecraft:stone_axe":184,"minecraft:cobblestone":20,"minecraft:purple_bed":2,"alexsmobs:animal_dictionary":2,"minecraft:oak_boat":1},"minecraft:picked_up":{"minecraft:crafting_table":2,"maidensmaterials:earthen_essence":1,"minecraft:lead":2,"biomesoplenty:orange_autumn_sapling":6,"bakery:strawberry_seeds":1,"beachparty:coconut":30,"minecraft:string":7,"biomesoplenty:yellow_autumn_sapling":3,"beachparty:seashell":3,"minecraft:beetroot":7,"beachparty:coconut_open":17,"minecraft:stick":11,"minecraft:sandstone":37,"breadcraft:wild_greens_seeds":1,"breadcraft:rye_seeds":1,"minecraft:rotten_flesh":3,"minecraft:beetroot_seeds":30,"jitl:loot_pouch":1,"minecraft:cobblestone":50,"minecraft:birch_log":10,"minecraft:leather_chestplate":1,"minecraft:filled_map":1,"beachparty:palm_log":88,"butchersdelight:deadpig":7,"minecraft:oak_log":42,"minecraft:blue_bed":1,"minecraft:dirt":12,"minecraft:apple":2,"biomesoplenty:toadstool":3,"bakery:strawberry":8,"beachparty:palm_sapling":11,"minecraft:sand":50,"minecraft:spruce_log":1,"minecraft:dark_oak_log":18,"minecraft:spider_eye":1,"biomesoplenty:maple_sapling":3,"minecraft:purple_bed":2,"minecraft:stone_axe":1,"maidensmaterials:chalcopyrite_chunk":1,"minecraft:granite":6,"butchersdelight:deadllama":2,"minecraft:oak_sapling":6,"minecraft:netherrack":1,"iceandfire:raw_silver":4,"minecraft:sunflower":1},"minecraft:mined":{"biomesoplenty:orange_autumn_leaves":1,"iceandfire:silver_ore":4,"minecraft:dark_oak_log":18,"minecraft:granite":26,"minecraft:grass_block":7,"minecraft:spruce_leaves":1,"butchersdelight:deadpigblock":5,"minecraft:sandstone":30,"beachparty:seashell_block":3,"biomesoplenty:toadstool":3,"maidensmaterials:chalcopyrite_ore":1,"minecraft:stone":48,"minecraft:crafting_table":2,"bakery:wild_strawberries":9,"minecraft:blue_bed":1,"farmersdelight:wild_beetroots":30,"minecraft:purple_bed":2,"farmersdelight:sandy_shrub":5,"minecraft:birch_log":7,"biomesoplenty:yellow_autumn_leaves":3,"beachparty:palm_sapling":1,"minecraft:spruce_log":1,"biomesoplenty:maple_leaves":7,"minecraft:grass":7,"beachparty:palm_log":90,"minecraft:oak_log":42,"minecraft:dirt":3,"beachparty:coconut_block":2,"minecraft:gravel":2,"minecraft:sunflower":1,"minecraft:sand":48,"maidensmaterials:jade_ore":2,"minecraft:netherrack":1},"minecraft:killed_by":{"iceandfire:siren":1},"minecraft:crafted":{"minecraft:oak_planks":32,"minecraft:dark_oak_boat":1,"beachparty:palm_boat":1,"minecraft:ladder":6,"minecraft:stone_pickaxe":2,"minecraft:chest":2,"minecraft:dark_oak_planks":24,"beachparty:palm_planks":16,"minecraft:crafting_table":1,"minecraft:spruce_planks":16,"minecraft:wooden_pickaxe":1,"minecraft:iron_sword":1,"immersive_melodies:lute":2,"minecraft:stone_axe":2,"minecraft:oak_boat":1,"minecraft:stick":44,"minecraft:iron_ingot":1,"minecraft:iron_pickaxe":2},"minecraft:dropped":{"minecraft:iron_sword":1,"minecraft:clock":1,"biomesoplenty:maple_sapling":3,"minecraft:cobblestone":3,"immersive_melodies:lute":1,"minecraft:dirt":2,"beachparty:overgrown_disc":1,"minecraft:golden_carrot":3,"minecraft:sunflower":1,"beachparty:coconut_open":5,"minecraft:sand":5,"minecraft:iron_pickaxe":1,"breadcraft:rye_seeds":1,"butchersdelight:deadpig":1,"biomesoplenty:toadstool":3,"minecraft:stone_axe":2,"biomesoplenty:yellow_autumn_sapling":1,"beachparty:coconut":8,"minecraft:rotten_flesh":1,"minecraft:oak_planks":9,"minecraft:pumpkin_seeds":6,"minecraft:filled_map":2,"beachparty:rubber_ring_axolotl":1,"minecraft:leather_chestplate":1,"maidensmaterials:chalcopyrite_chunk":1,"minecraft:beetroot_seeds":30,"maidensmaterials:earthen_essence":1,"minecraft:oak_sapling":6,"wom:gesetz":1,"minecraft:sandstone":6,"minecraft:stone_pickaxe":1,"minecraft:wooden_pickaxe":1,"jellyfishing:jellyfish_net":1},"minecraft:broken":{"minecraft:stone_axe":1},"minecraft:custom":{"minecraft:mob_kills":6,"minecraft:interact_with_crafting_table":14,"minecraft:leave_game":4,"minecraft:time_since_death":425,"minecraft:climb_one_cm":6104,"minecraft:sprint_one_cm":299145,"minecraft:walk_one_cm":704296,"minecraft:damage_blocked_by_shield":40,"minecraft:drop":49,"minecraft:talked_to_villager":3,"minecraft:play_time":117069,"minecraft:deaths":1,"minecraft:sneak_time":4769,"minecraft:walk_under_water_one_cm":37675,"minecraft:boat_one_cm":107726,"minecraft:jump":1404,"minecraft:walk_on_water_one_cm":51225,"minecraft:total_world_time":117069,"minecraft:sleep_in_bed":4,"minecraft:time_since_rest":454,"minecraft:damage_taken":830,"minecraft:damage_dealt":1894,"minecraft:swim_one_cm":208666,"minecraft:fly_one_cm":465900,"minecraft:open_chest":26,"minecraft:crouch_one_cm":36429,"minecraft:fall_one_cm":33313}},"DataVersion":3465}