{"stats":{"minecraft:custom":{"minecraft:interact_with_crafting_table":42,"minecraft:open_barrel":3,"minecraft:leave_game":4,"minecraft:time_since_death":41890,"minecraft:sprint_one_cm":424125,"minecraft:drop":75,"minecraft:play_noteblock":10,"minecraft:talked_to_villager":21,"minecraft:play_time":296438,"minecraft:deaths":10,"minecraft:jump":3371,"minecraft:walk_on_water_one_cm":29609,"minecraft:interact_with_furnace":33,"minecraft:traded_with_villager":4,"minecraft:interact_with_cartography_table":2,"minecraft:sleep_in_bed":11,"minecraft:damage_dealt":15072,"minecraft:crouch_one_cm":21262,"minecraft:horse_one_cm":6047554,"minecraft:mob_kills":90,"minecraft:climb_one_cm":1056,"minecraft:walk_one_cm":490635,"minecraft:sneak_time":7597,"minecraft:walk_under_water_one_cm":24465,"minecraft:total_world_time":296438,"minecraft:tune_noteblock":8,"minecraft:pot_flower":2,"minecraft:interact_with_grindstone":3,"minecraft:time_since_rest":5628,"minecraft:damage_absorbed":30,"minecraft:damage_taken":5373,"minecraft:swim_one_cm":137381,"minecraft:fly_one_cm":640924,"minecraft:open_chest":106,"minecraft:fall_one_cm":105165},"minecraft:killed":{"minecraft:spider":5,"grimoireofgaia:minotaurus":1,"minecraft:pufferfish":1,"naturalist:snail":1,"grimoireofgaia:goblin":1,"minecraft:skeleton":6,"minecraft:chicken":3,"aquaculture:perch":3,"minecraft:camel":1,"aquaculture:carp":2,"aquaculture:bayad":1,"minecraft:zombie_villager":5,"grimoireofgaia:bone_knight":4,"minecraft:creeper":1,"minecraft:sheep":13,"aquaculture:minnow":1,"minecraft:zombie":7,"minecraft:cow":13,"grimoireofgaia:satyress":1,"aquaculture:boulti":3,"naturalist:tortoise":2,"minecraft:phantom":1,"naturalist:deer":1,"grimoireofgaia:creep":1,"minecraft:husk":1,"naturalist:bear":1,"minecraft:rabbit":1,"minecraft:wandering_trader":1,"aquaculture:synodontis":7,"minecraft:villager":1},"minecraft:mined":{"minecraft:spruce_planks":1,"minecraft:stone_pressure_plate":1,"bamboo:lavally":2,"minecraft:potted_cactus":1,"minecraft:granite":47,"minecraft:stripped_crimson_hyphae":2,"minecraft:acacia_log":1,"minecraft:grass_block":10,"minecraft:stone_brick_wall":1,"biomesoplenty:orange_sandstone":6,"biomesoplenty:palm_log":3,"minecraft:spawner":1,"minecraft:iron_ore":26,"minecraft:pumpkin":6,"minecraft:granite_slab":11,"minecraft:deepslate_lapis_ore":5,"create:asurine":2,"biomesoplenty:redwood_log":1,"minecraft:cut_sandstone":3,"minecraft:quartz_block":1,"travelersbackpack:melon":3,"minecraft:blackstone":13,"minecraft:melon_stem":2,"minecraft:orange_terracotta":2,"minecraft:note_block":7,"minecraft:calcite":2,"minecraft:melon":11,"tww:pupils_study":2,"minecraft:dead_bush":1,"biomesoplenty:palm_planks":1,"minecraft:cobblestone":1,"minecraft:oak_planks":3,"minecraft:bricks":4,"minecraft:wall_torch":1,"minecraft:wheat":25,"minecraft:tnt":9,"minecraft:stone_brick_stairs":3,"minecraft:grass":15,"minecraft:oak_log":42,"minecraft:sand":72,"minecraft:dirt":7,"minecraft:smooth_basalt":7,"minecraft:netherrack":3,"minecraft:oak_leaves":10,"minecraft:deepslate":45,"minecraft:redstone_lamp":2,"biomesoplenty:glowing_moss_block":1,"create:zinc_ore":1,"biomesoplenty:desert_grass":1,"minecraft:sea_lantern":1,"minecraft:decorated_pot":1,"minecraft:brick_stairs":1,"minecraft:sandstone":29,"biomesoplenty:dune_grass":1,"minecraft:hay_block":68,"farmersdelight:wild_onions":3,"minecraft:furnace":2,"minecraft:chiseled_sandstone":2,"bamboo:wooled_grass":1,"minecraft:gold_block":3,"minecraft:deepslate_iron_ore":2,"biomesoplenty:barley":6,"minecraft:stone":243,"minecraft:bone_block":11,"minecraft:brain_coral":1,"minecraft:oak_slab":1,"minecraft:glass_pane":4,"minecraft:red_wool":2,"biomesoplenty:orange_sand":2,"minecraft:polished_granite":22,"minecraft:crafting_table":7,"minecraft:smooth_sandstone":1,"minecraft:andesite_slab":2,"minecraft:tall_grass":2,"minecraft:copper_ore":2,"minecraft:lapis_ore":2,"minecraft:deepslate_gold_ore":3,"farmersdelight:wild_tomatoes":23,"supplementaries:urn":1,"minecraft:lime_bed":12,"minecraft:spruce_log":6,"minecraft:birch_leaves":6,"minecraft:coal_ore":82,"biomesoplenty:redwood_leaves":25,"minecraft:terracotta":34,"minecraft:polished_andesite":3,"minecraft:stone_bricks":3,"minecraft:fern":5},"minecraft:dropped":{"minecraft:iron_sword":4,"minecraft:oak_log":94,"travelersbackpack:standard":2,"minecraft:gold_block":2,"minecraft:gold_nugget":6,"minecraft:sunflower":3,"minecraft:sand":7,"minecraft:iron_pickaxe":1,"minecraft:stone_axe":3,"minecraft:blackstone":8,"aquaculture:perch":3,"minecraft:rotten_flesh":6,"minecraft:oak_planks":3,"minecraft:azure_bluet":1,"aquaculture:synodontis":6,"minecraft:lime_bed":1,"tww:masters_broomstickitem":1,"minecraft:quartz_block":1,"aquaculture:bayad":1,"minecraft:beetroot_seeds":3,"minecraft:arrow":1,"minecraft:beef":3,"grimoireofgaia:meat":1,"minecraft:egg":1,"minecraft:stone_hoe":1,"minecraft:wheat_seeds":13,"minecraft:tnt":1,"minecraft:granite":18,"minecraft:acacia_log":2,"biomesoplenty:orange_sand":1,"minecraft:wooden_axe":1,"minecraft:melon_slice":1,"minecraft:string":1,"minecraft:acacia_planks":4,"create:raw_zinc":1,"minecraft:smooth_basalt":7,"minecraft:moss_carpet":6,"minecraft:stone_sword":3,"minecraft:raw_copper":8,"minecraft:iron_boots":1,"minecraft:spruce_fence":2,"minecraft:allium":5,"minecraft:oak_sapling":1,"biomesoplenty:orange_sandstone":2,"minecraft:spruce_log":12,"minecraft:sandstone":20,"minecraft:stripped_crimson_hyphae":2,"minecraft:bow":1,"minecraft:stone_pickaxe":3,"minecraft:wooden_pickaxe":2,"minecraft:calcite":1},"minecraft:crafted":{"minecraft:oak_planks":88,"minecraft:cooked_chicken":1,"minecraft:glass":63,"minecraft:iron_boots":1,"minecraft:melon_seeds":1,"minecraft:chest":4,"minecraft:stone_hoe":1,"minecraft:crafting_table":5,"minecraft:spruce_planks":24,"minecraft:wooden_pickaxe":1,"travelersbackpack:standard":2,"tww:mana":64,"minecraft:iron_chestplate":1,"minecraft:stick":72,"minecraft:iron_ingot":28,"minecraft:iron_pickaxe":2,"minecraft:stone_sword":2,"minecraft:gold_ingot":3,"biomesoplenty:palm_planks":12,"travelersbackpack:melon":1,"tww:masters_broomstickitem":2,"minecraft:furnace":2,"minecraft:bone_meal":36,"minecraft:spruce_fence":3,"travelersbackpack:white_sleeping_bag":2,"minecraft:stone_pickaxe":3,"minecraft:wheat":45,"minecraft:cooked_beef":2,"biomesoplenty:redwood_planks":4,"travelersbackpack:backpack_tank":4,"minecraft:stone_axe":3,"minecraft:bread":15,"minecraft:air":0,"minecraft:oak_boat":1,"minecraft:wooden_axe":1,"minecraft:iron_shovel":1,"minecraft:torch":104},"minecraft:killed_by":{"grimoireofgaia:sphinx":1,"mythicmounts:dragon":4,"grimoireofgaia:flesh_lich":1,"minecraft:skeleton":1},"minecraft:broken":{"minecraft:stone_pickaxe":1,"minecraft:stone_axe":1},"minecraft:picked_up":{"minecraft:wooden_axe":1,"minecraft:iron_chestplate":5,"minecraft:wheat":5,"aquaculture:synodontis":7,"minecraft:flower_pot":1,"minecraft:lead":2,"minecraft:enchanted_book":8,"minecraft:stone_brick_stairs":3,"minecraft:string":41,"minecraft:raw_copper":16,"minecraft:iron_leggings":2,"minecraft:pufferfish":1,"minecraft:gold_nugget":131,"minecraft:cobbled_deepslate":131,"minecraft:spruce_planks":4,"minecraft:calcite":25,"minecraft:iron_pickaxe":9,"minecraft:melon_slice":94,"minecraft:iron_boots":9,"minecraft:furnace":2,"minecraft:stick":11,"minecraft:green_bed":2,"minecraft:torch":271,"minecraft:acacia_log":66,"aquaculture:atlantic_halibut":2,"minecraft:quartz_block":2,"minecraft:stone_sword":3,"minecraft:cactus":1,"minecraft:rotten_flesh":11,"biomesoplenty:palm_log":12,"farmersdelight:onion":4,"create:asurine":92,"supplementaries:ash":4,"minecraft:obsidian":1,"minecraft:cobblestone":329,"minecraft:feather":9,"biomesoplenty:palm_planks":5,"biomesoplenty:glowshroom":1,"minecraft:flint":4,"create:raw_zinc":3,"minecraft:dirt":25,"minecraft:lapis_lazuli":120,"farmersdelight:tomato":4,"minecraft:polished_granite":35,"minecraft:bone":27,"minecraft:acacia_planks":60,"minecraft:bow":4,"minecraft:wheat_seeds":43,"minecraft:raw_gold":5,"biomesoplenty:palm_sapling":2,"minecraft:rabbit":1,"minecraft:stone_hoe":1,"minecraft:oak_planks":67,"minecraft:sand":74,"minecraft:granite_slab":40,"minecraft:chiseled_sandstone":2,"minecraft:polished_andesite":9,"naturalist:antler":1,"aquaculture:bayad":2,"minecraft:granite":65,"minecraft:bread":75,"minecraft:emerald":7,"minecraft:netherrack":3,"minecraft:oak_sapling":1,"minecraft:bricks":6,"minecraft:andesite_slab":9,"biomesoplenty:redwood_log":1,"minecraft:crafting_table":9,"minecraft:allium":10,"minecraft:azure_bluet":1,"minecraft:chicken":4,"minecraft:ladder":3,"naturalist:venison":2,"minecraft:wooden_pickaxe":1,"minecraft:gold_block":4,"minecraft:brick":3,"minecraft:moss_carpet":6,"tww:masters_broomstickitem":1,"minecraft:iron_shovel":2,"minecraft:blackstone":31,"minecraft:beef":26,"minecraft:iron_nugget":25,"minecraft:light_gray_wool":1,"minecraft:birch_sapling":2,"minecraft:egg":2,"minecraft:sandstone":39,"minecraft:stripped_crimson_hyphae":4,"minecraft:raw_iron":28,"grimoireofgaia:meat":3,"minecraft:spruce_fence":2,"minecraft:note_block":35,"aquaculture:perch":6,"farmersdelight:tomato_seeds":32,"minecraft:skull_pottery_sherd":5,"minecraft:carrot":17,"minecraft:redstone":6,"minecraft:prismarine_crystals":9,"minecraft:stone_pressure_plate":1,"minecraft:tnt":10,"minecraft:arrow":13,"bamboo:wooled_grass":1,"grimoireofgaia:bag_book":2,"minecraft:beetroot_seeds":3,"biomesoplenty:orange_sandstone":10,"minecraft:hay_block":68,"aquaculture:carp":2,"minecraft:saddle":2,"minecraft:gold_ingot":45,"biomesoplenty:redwood_sapling":3,"minecraft:mutton":18,"minecraft:white_wool":12,"biomesoplenty:orange_sand":3,"minecraft:bone_block":21,"minecraft:lime_bed":15,"tww:pupils_study":2,"travelersbackpack:melon":4,"minecraft:glow_ink_sac":15,"minecraft:leather":47,"minecraft:cut_sandstone":3,"grimoireofgaia:bone_shield":3,"minecraft:oak_log":263,"minecraft:gunpowder":5,"biomesoplenty:glowing_moss_carpet":3,"minecraft:orange_terracotta":2,"minecraft:apple":11,"minecraft:stone_bricks":3,"minecraft:iron_ingot":9,"minecraft:stone_pickaxe":3,"aquaculture:minnow":1,"minecraft:iron_sword":10,"minecraft:acacia_sapling":3,"minecraft:oak_slab":1,"minecraft:smooth_basalt":28,"minecraft:pumpkin":5,"minecraft:sweet_berries":19,"minecraft:red_wool":3,"minecraft:spruce_log":30,"biomesoplenty:glowing_moss_block":1,"minecraft:spider_eye":5,"aquaculture:boulti":3,"travelersbackpack:standard":1,"minecraft:stone_axe":4,"minecraft:iron_helmet":1,"minecraft:terracotta":43,"minecraft:melon_seeds":12,"minecraft:coal":137,"minecraft:sunflower":5},"minecraft:used":{"minecraft:iron_shovel":65,"minecraft:chest":2,"minecraft:iron_sword":249,"minecraft:iron_chestplate":1,"minecraft:carrot":10,"farmersdelight:tomato":4,"minecraft:bricks":1,"minecraft:furnace":3,"grimoireofgaia:meat":1,"aquaculture:atlantic_halibut":1,"minecraft:stone_pickaxe":267,"minecraft:oak_planks":30,"minecraft:blackstone":3,"minecraft:wooden_pickaxe":6,"travelersbackpack:melon":2,"minecraft:golden_apple":1,"minecraft:chiseled_sandstone":2,"minecraft:melon_slice":36,"minecraft:bread":37,"minecraft:polished_granite":17,"minecraft:granite_slab":20,"tww:masters_broomstickitem":2,"minecraft:bone_meal":4,"minecraft:stone_sword":8,"biomesoplenty:redwood_planks":4,"minecraft:spruce_planks":9,"minecraft:stone_hoe":30,"minecraft:torch":60,"minecraft:dirt":13,"minecraft:spruce_fence":2,"minecraft:granite":27,"minecraft:wooden_axe":16,"biomesoplenty:orange_sand":1,"minecraft:iron_boots":1,"aquaculture:boulti":3,"biomesoplenty:orange_sandstone":4,"minecraft:goat_horn":3,"minecraft:cooked_beef":2,"minecraft:cobbled_deepslate":2,"minecraft:orange_terracotta":2,"minecraft:wheat_seeds":4,"minecraft:polished_andesite":3,"minecraft:cut_sandstone":3,"farmersdelight:onion":3,"minecraft:terracotta":31,"minecraft:crafting_table":10,"minecraft:lime_bed":11,"minecraft:oak_log":3,"minecraft:flower_pot":1,"minecraft:apple":1,"minecraft:chicken":2,"minecraft:iron_pickaxe":392,"biomesoplenty:palm_planks":1,"minecraft:stone_axe":49,"minecraft:cobblestone":151,"travelersbackpack:standard":3}},"DataVersion":3465}