{"stats":{"minecraft:killed":{"aquaculture:boulti":3,"naturalist:tortoise":2,"minecraft:pufferfish":1,"grimoireofgaia:goblin":1,"minecraft:skeleton":6,"naturalist:deer":1,"minecraft:chicken":3,"grimoireofgaia:creep":1,"aquaculture:perch":3,"minecraft:camel":1,"aquaculture:carp":2,"aquaculture:bayad":1,"minecraft:husk":1,"naturalist:bear":1,"grimoireofgaia:bone_knight":4,"minecraft:rabbit":1,"minecraft:wandering_trader":1,"minecraft:creeper":1,"minecraft:sheep":13,"aquaculture:minnow":1,"minecraft:zombie":7,"aquaculture:synodontis":7,"minecraft:villager":1,"minecraft:cow":6},"minecraft:picked_up":{"minecraft:wooden_axe":1,"minecraft:iron_chestplate":1,"minecraft:crafting_table":8,"minecraft:wheat":4,"minecraft:allium":10,"aquaculture:synodontis":7,"naturalist:venison":2,"minecraft:chicken":4,"minecraft:flower_pot":1,"minecraft:lead":2,"minecraft:wooden_pickaxe":1,"minecraft:raw_copper":16,"minecraft:string":1,"minecraft:moss_carpet":6,"minecraft:iron_leggings":2,"minecraft:iron_shovel":2,"minecraft:pufferfish":1,"minecraft:blackstone":30,"minecraft:gold_nugget":13,"minecraft:cobbled_deepslate":131,"minecraft:spruce_planks":4,"minecraft:beef":10,"minecraft:iron_nugget":24,"minecraft:calcite":25,"minecraft:iron_pickaxe":5,"minecraft:light_gray_wool":1,"minecraft:melon_slice":51,"minecraft:iron_boots":2,"minecraft:furnace":2,"minecraft:egg":2,"minecraft:sandstone":30,"minecraft:stripped_crimson_hyphae":4,"minecraft:stick":10,"minecraft:raw_iron":28,"grimoireofgaia:meat":2,"minecraft:torch":47,"minecraft:acacia_log":66,"minecraft:green_bed":1,"aquaculture:perch":6,"farmersdelight:tomato_seeds":32,"aquaculture:atlantic_halibut":2,"minecraft:redstone":6,"minecraft:quartz_block":2,"minecraft:arrow":10,"minecraft:stone_sword":3,"minecraft:cactus":1,"minecraft:rotten_flesh":6,"minecraft:beetroot_seeds":3,"biomesoplenty:palm_log":12,"farmersdelight:onion":4,"biomesoplenty:orange_sandstone":10,"minecraft:hay_block":36,"create:asurine":92,"aquaculture:carp":2,"minecraft:mutton":18,"minecraft:obsidian":1,"minecraft:white_wool":12,"biomesoplenty:orange_sand":2,"minecraft:bone_block":21,"minecraft:cobblestone":329,"minecraft:lime_bed":12,"minecraft:feather":9,"tww:pupils_study":2,"minecraft:glow_ink_sac":6,"minecraft:leather":8,"biomesoplenty:palm_planks":5,"grimoireofgaia:bone_shield":3,"minecraft:flint":4,"create:raw_zinc":3,"minecraft:oak_log":263,"minecraft:gunpowder":5,"minecraft:lapis_lazuli":120,"farmersdelight:tomato":4,"minecraft:dirt":24,"minecraft:bone":13,"minecraft:acacia_planks":60,"minecraft:apple":6,"minecraft:stone_bricks":1,"minecraft:bow":4,"minecraft:wheat_seeds":16,"minecraft:raw_gold":5,"minecraft:iron_ingot":9,"minecraft:stone_pickaxe":3,"biomesoplenty:palm_sapling":2,"minecraft:rabbit":1,"aquaculture:minnow":1,"minecraft:stone_hoe":1,"minecraft:iron_sword":5,"minecraft:oak_planks":67,"minecraft:acacia_sapling":3,"minecraft:oak_slab":1,"minecraft:smooth_basalt":28,"minecraft:sand":74,"minecraft:spruce_log":27,"aquaculture:boulti":3,"naturalist:antler":1,"minecraft:stone_axe":4,"aquaculture:bayad":2,"minecraft:iron_helmet":1,"minecraft:granite":54,"minecraft:emerald":7,"minecraft:bread":75,"minecraft:oak_sapling":1,"minecraft:coal":137},"minecraft:dropped":{"minecraft:stone_hoe":1,"minecraft:iron_sword":3,"minecraft:wheat_seeds":12,"minecraft:oak_log":94,"minecraft:acacia_log":2,"minecraft:wooden_axe":1,"minecraft:gold_nugget":6,"minecraft:iron_pickaxe":1,"create:raw_zinc":1,"minecraft:acacia_planks":4,"minecraft:smooth_basalt":7,"minecraft:moss_carpet":6,"minecraft:stone_axe":3,"minecraft:stone_sword":3,"aquaculture:perch":3,"minecraft:oak_planks":3,"aquaculture:synodontis":6,"tww:masters_broomstickitem":1,"minecraft:allium":5,"minecraft:quartz_block":1,"aquaculture:bayad":1,"minecraft:oak_sapling":1,"minecraft:spruce_log":12,"biomesoplenty:orange_sandstone":2,"minecraft:stripped_crimson_hyphae":2,"minecraft:bow":1,"minecraft:arrow":1,"minecraft:wooden_pickaxe":2,"minecraft:stone_pickaxe":2,"grimoireofgaia:meat":1,"minecraft:calcite":1,"minecraft:egg":1},"minecraft:killed_by":{"grimoireofgaia:flesh_lich":1,"grimoireofgaia:sphinx":1},"minecraft:crafted":{"minecraft:oak_planks":68,"minecraft:cooked_chicken":1,"tww:masters_broomstickitem":2,"minecraft:furnace":2,"minecraft:bone_meal":36,"minecraft:glass":32,"travelersbackpack:white_sleeping_bag":2,"minecraft:iron_boots":1,"minecraft:stone_pickaxe":3,"minecraft:chest":4,"minecraft:stone_hoe":1,"minecraft:cooked_beef":2,"minecraft:crafting_table":4,"minecraft:spruce_planks":12,"travelersbackpack:standard":2,"travelersbackpack:backpack_tank":4,"minecraft:wooden_pickaxe":1,"minecraft:stone_axe":3,"minecraft:air":0,"minecraft:oak_boat":1,"minecraft:iron_chestplate":1,"minecraft:stick":56,"minecraft:iron_ingot":28,"minecraft:iron_pickaxe":2,"minecraft:wooden_axe":1,"minecraft:stone_sword":2,"minecraft:iron_shovel":1,"minecraft:gold_ingot":3,"minecraft:torch":104,"biomesoplenty:palm_planks":12},"minecraft:mined":{"create:zinc_ore":1,"minecraft:spruce_planks":1,"bamboo:lavally":2,"biomesoplenty:desert_grass":1,"minecraft:potted_cactus":1,"minecraft:granite":37,"minecraft:stripped_crimson_hyphae":2,"minecraft:acacia_log":1,"minecraft:grass_block":9,"minecraft:stone_brick_wall":1,"biomesoplenty:orange_sandstone":6,"minecraft:sandstone":20,"biomesoplenty:dune_grass":1,"biomesoplenty:palm_log":3,"minecraft:spawner":1,"minecraft:hay_block":36,"farmersdelight:wild_onions":3,"minecraft:furnace":2,"minecraft:iron_ore":26,"minecraft:deepslate_lapis_ore":5,"create:asurine":2,"minecraft:deepslate_iron_ore":2,"minecraft:stone":243,"minecraft:bone_block":11,"minecraft:brain_coral":1,"minecraft:oak_slab":1,"minecraft:glass_pane":2,"minecraft:quartz_block":1,"minecraft:blackstone":10,"biomesoplenty:orange_sand":1,"minecraft:smooth_sandstone":1,"minecraft:crafting_table":6,"minecraft:calcite":2,"minecraft:melon":11,"tww:pupils_study":2,"minecraft:dead_bush":1,"biomesoplenty:palm_planks":1,"minecraft:copper_ore":2,"minecraft:cobblestone":1,"minecraft:lapis_ore":2,"minecraft:deepslate_gold_ore":3,"farmersdelight:wild_tomatoes":23,"minecraft:oak_planks":3,"minecraft:wall_torch":1,"minecraft:lime_bed":9,"minecraft:wheat":2,"minecraft:spruce_log":3,"minecraft:grass":13,"minecraft:oak_log":42,"minecraft:coal_ore":82,"minecraft:sand":72,"minecraft:dirt":7,"minecraft:smooth_basalt":7,"minecraft:stone_bricks":1,"minecraft:deepslate":45,"minecraft:oak_leaves":10,"minecraft:fern":5},"minecraft:custom":{"minecraft:mob_kills":69,"minecraft:interact_with_crafting_table":34,"minecraft:open_barrel":3,"minecraft:leave_game":2,"minecraft:time_since_death":16320,"minecraft:sprint_one_cm":260577,"minecraft:walk_one_cm":303249,"minecraft:drop":46,"minecraft:talked_to_villager":16,"minecraft:play_time":150480,"minecraft:deaths":3,"minecraft:sneak_time":5960,"minecraft:walk_under_water_one_cm":24465,"minecraft:jump":2044,"minecraft:walk_on_water_one_cm":25816,"minecraft:total_world_time":150480,"minecraft:interact_with_furnace":26,"minecraft:interact_with_cartography_table":1,"minecraft:pot_flower":2,"minecraft:interact_with_grindstone":2,"minecraft:sleep_in_bed":7,"minecraft:time_since_rest":16349,"minecraft:damage_taken":2071,"minecraft:damage_absorbed":30,"minecraft:damage_dealt":11732,"minecraft:swim_one_cm":137381,"minecraft:fly_one_cm":357296,"minecraft:open_chest":44,"minecraft:crouch_one_cm":16567,"minecraft:fall_one_cm":55537,"minecraft:horse_one_cm":20},"minecraft:broken":{"minecraft:stone_pickaxe":1,"minecraft:stone_axe":1},"minecraft:used":{"minecraft:stone_sword":8,"minecraft:iron_shovel":65,"minecraft:chest":2,"minecraft:spruce_planks":9,"minecraft:iron_sword":183,"minecraft:stone_hoe":30,"minecraft:torch":59,"minecraft:dirt":12,"minecraft:granite":18,"minecraft:wooden_axe":16,"farmersdelight:tomato":4,"aquaculture:boulti":3,"minecraft:furnace":3,"grimoireofgaia:meat":1,"minecraft:cooked_beef":2,"aquaculture:atlantic_halibut":1,"minecraft:cobbled_deepslate":2,"minecraft:wheat_seeds":2,"minecraft:stone_pickaxe":267,"minecraft:oak_planks":6,"minecraft:wooden_pickaxe":6,"minecraft:golden_apple":1,"farmersdelight:onion":3,"minecraft:lime_bed":9,"minecraft:crafting_table":8,"minecraft:oak_log":3,"minecraft:flower_pot":1,"minecraft:apple":1,"minecraft:melon_slice":12,"minecraft:chicken":2,"minecraft:bread":22,"minecraft:iron_pickaxe":253,"biomesoplenty:palm_planks":1,"minecraft:stone_axe":49,"minecraft:cobblestone":115,"tww:masters_broomstickitem":1,"minecraft:bone_meal":4}},"DataVersion":3465}