{"stats":{"minecraft:dropped":{"minecraft:clay":1,"minecraft:iron_sword":5,"minecraft:moss_block":1,"minecraft:oak_log":94,"travelersbackpack:standard":2,"minecraft:gold_block":2,"minecraft:dirt":3,"biomesoplenty:redwood_log":1,"farmersdelight:salmon_slice":2,"minecraft:gold_nugget":6,"minecraft:sunflower":3,"minecraft:sand":7,"minecraft:iron_pickaxe":1,"bamboo:whistle":1,"minecraft:stone_axe":3,"minecraft:blackstone":8,"minecraft:iron_nugget":1,"biomesoplenty:redwood_sapling":3,"aquaculture:perch":3,"minecraft:andesite_slab":3,"minecraft:rotten_flesh":8,"minecraft:oak_planks":3,"minecraft:azure_bluet":1,"aquaculture:synodontis":6,"supplementaries:soap":5,"minecraft:lime_bed":1,"supplementaries:ash":2,"tww:masters_broomstickitem":1,"minecraft:quartz_block":1,"aquaculture:bayad":1,"minecraft:beetroot_seeds":3,"minecraft:azalea":2,"minecraft:ladder":1,"minecraft:arrow":2,"minecraft:beef":3,"grimoireofgaia:meat":1,"minecraft:egg":1,"minecraft:stone_hoe":1,"minecraft:oak_slab":6,"minecraft:wheat_seeds":17,"minecraft:tnt":1,"minecraft:granite":18,"grimoireofgaia:shiny_pearl":7,"minecraft:acacia_log":2,"biomesoplenty:orange_sand":1,"minecraft:wooden_axe":1,"minecraft:melon_slice":1,"minecraft:flowering_azalea":1,"minecraft:iron_axe":1,"minecraft:iron_shovel":1,"minecraft:string":1,"minecraft:acacia_planks":4,"create:raw_zinc":1,"minecraft:smooth_basalt":7,"minecraft:bricks":2,"minecraft:moss_carpet":7,"minecraft:sweet_berries":4,"minecraft:stone_sword":3,"minecraft:raw_copper":8,"minecraft:iron_boots":1,"minecraft:spruce_fence":3,"minecraft:allium":5,"minecraft:oak_sapling":1,"supplementaries:bubble_blower":1,"biomesoplenty:orange_sandstone":2,"minecraft:spruce_log":12,"minecraft:sandstone":20,"minecraft:stripped_crimson_hyphae":2,"minecraft:bow":1,"minecraft:stone_pickaxe":3,"minecraft:wooden_pickaxe":2,"minecraft:calcite":3,"minecraft:brick":6,"supplementaries:flute":1},"minecraft:killed_by":{"grimoireofgaia:cecaelia":2,"grimoireofgaia:sphinx":1,"mythicmounts:dragon":4,"grimoireofgaia:flesh_lich":1,"minecraft:skeleton":1},"minecraft:broken":{"minecraft:stone_pickaxe":1,"minecraft:stone_axe":1,"minecraft:iron_sword":1,"minecraft:iron_pickaxe":1},"minecraft:used":{"minecraft:iron_shovel":83,"minecraft:chest":6,"minecraft:iron_sword":368,"minecraft:iron_chestplate":1,"minecraft:carrot":13,"farmersdelight:tomato":4,"minecraft:bricks":1,"minecraft:coal_ore":1,"minecraft:furnace":5,"grimoireofgaia:meat":1,"aquaculture:atlantic_halibut":1,"minecraft:stone_pickaxe":267,"minecraft:oak_planks":47,"minecraft:blackstone":3,"minecraft:wooden_pickaxe":6,"travelersbackpack:melon":4,"minecraft:golden_apple":1,"create:copper_backtank":4,"supplementaries:bellows":1,"minecraft:chiseled_sandstone":2,"minecraft:melon_slice":36,"minecraft:bread":65,"minecraft:polished_granite":17,"minecraft:gravel":1,"minecraft:granite_slab":20,"tww:masters_broomstickitem":2,"minecraft:bone_meal":4,"minecraft:stone_sword":8,"minecraft:flint_and_steel":10,"biomesoplenty:redwood_planks":4,"minecraft:spruce_planks":9,"minecraft:stone_hoe":30,"minecraft:torch":129,"minecraft:dirt":21,"minecraft:granite":27,"minecraft:spruce_fence":2,"biomesoplenty:redwood_log":1,"minecraft:wooden_axe":16,"aquaculture:iron_fishing_rod":7,"minecraft:iron_axe":24,"biomesoplenty:orange_sand":1,"minecraft:iron_boots":1,"aquaculture:boulti":3,"biomesoplenty:orange_sandstone":4,"minecraft:goat_horn":3,"minecraft:cooked_beef":2,"minecraft:cobbled_deepslate":2,"minecraft:orange_terracotta":2,"minecraft:wheat_seeds":4,"minecraft:amethyst_block":1,"minecraft:lead":2,"minecraft:polished_andesite":3,"minecraft:cut_sandstone":3,"farmersdelight:onion":3,"minecraft:terracotta":31,"minecraft:lime_bed":11,"minecraft:crafting_table":14,"minecraft:oak_log":3,"minecraft:flower_pot":1,"minecraft:diamond_pickaxe":167,"minecraft:apple":1,"minecraft:sunflower":2,"minecraft:chicken":2,"minecraft:iron_pickaxe":631,"biomesoplenty:palm_planks":1,"minecraft:stone_axe":49,"minecraft:cobblestone":215,"travelersbackpack:standard":3,"minecraft:bucket":2},"minecraft:picked_up":{"minecraft:wooden_axe":1,"minecraft:iron_chestplate":6,"minecraft:wheat":5,"aquaculture:synodontis":7,"minecraft:flower_pot":1,"minecraft:lead":6,"minecraft:enchanted_book":8,"minecraft:stone_brick_stairs":3,"minecraft:amethyst_block":1,"bamboo:excited_soul":1,"minecraft:string":53,"minecraft:raw_copper":69,"minecraft:iron_leggings":2,"minecraft:pufferfish":1,"minecraft:gold_nugget":173,"minecraft:cobbled_deepslate":131,"minecraft:spruce_planks":17,"minecraft:calcite":27,"minecraft:azalea":2,"minecraft:iron_pickaxe":10,"minecraft:melon_slice":99,"minecraft:furnace":4,"minecraft:iron_boots":10,"minecraft:stick":26,"minecraft:acacia_log":66,"minecraft:torch":349,"minecraft:green_bed":2,"minecraft:porkchop":6,"aquaculture:atlantic_halibut":2,"minecraft:diorite":38,"minecraft:quartz_block":2,"minecraft:stone_sword":3,"minecraft:cactus":1,"minecraft:rotten_flesh":22,"biomesoplenty:palm_log":12,"farmersdelight:onion":4,"create:asurine":92,"supplementaries:ash":29,"minecraft:obsidian":3,"minecraft:cod":2,"minecraft:cobblestone":440,"grimoireofgaia:metal_dagger":1,"minecraft:feather":9,"biomesoplenty:palm_planks":5,"biomesoplenty:glowshroom":1,"minecraft:flint":4,"create:raw_zinc":7,"supplementaries:flax_seeds":8,"minecraft:lantern":1,"minecraft:lapis_lazuli":120,"farmersdelight:tomato":4,"minecraft:dirt":34,"minecraft:polished_granite":35,"minecraft:leather_boots":1,"minecraft:bone":39,"minecraft:acacia_planks":60,"minecraft:bow":4,"minecraft:wheat_seeds":46,"minecraft:raw_gold":5,"biomesoplenty:palm_sapling":2,"minecraft:bamboo":18,"minecraft:rabbit":1,"minecraft:moss_block":9,"minecraft:stone_hoe":1,"minecraft:oak_planks":77,"grimoireofgaia:box_overworld":1,"minecraft:jungle_planks":3,"minecraft:sand":74,"minecraft:granite_slab":40,"minecraft:chiseled_sandstone":2,"grimoireofgaia:shiny_pearl":16,"minecraft:dark_prismarine":17,"minecraft:polished_andesite":9,"create:crimsite":1,"minecraft:clay":1,"naturalist:antler":1,"minecraft:diamond":1,"aquaculture:bayad":2,"minecraft:granite":65,"minecraft:bone_meal":1,"minecraft:emerald":15,"minecraft:bread":87,"minecraft:oak_sapling":1,"minecraft:netherrack":6,"minecraft:bricks":6,"minecraft:andesite_slab":12,"biomesoplenty:redwood_log":3,"minecraft:crafting_table":12,"minecraft:allium":10,"minecraft:azure_bluet":1,"minecraft:chicken":4,"minecraft:ladder":3,"minecraft:clay_ball":28,"naturalist:venison":2,"minecraft:wooden_pickaxe":1,"minecraft:gold_block":4,"minecraft:brick":3,"minecraft:moss_carpet":7,"tww:masters_broomstickitem":1,"minecraft:iron_shovel":2,"minecraft:blackstone":31,"minecraft:beef":26,"bamboo:whistle":1,"minecraft:iron_nugget":40,"minecraft:light_gray_wool":1,"minecraft:birch_sapling":2,"minecraft:egg":2,"minecraft:sandstone":39,"minecraft:stripped_crimson_hyphae":4,"minecraft:raw_iron":56,"grimoireofgaia:meat":4,"farmersdelight:minced_beef":2,"minecraft:spruce_fence":2,"minecraft:note_block":40,"aquaculture:perch":6,"farmersdelight:tomato_seeds":32,"minecraft:skull_pottery_sherd":6,"create:copper_backtank":3,"minecraft:carrot":18,"minecraft:redstone":6,"minecraft:prismarine_crystals":12,"minecraft:stone_pressure_plate":1,"minecraft:tnt":10,"minecraft:arrow":19,"bamboo:wooled_grass":1,"grimoireofgaia:bag_book":2,"minecraft:beetroot_seeds":3,"biomesoplenty:orange_sandstone":10,"aquaculture:brown_trout":1,"minecraft:hay_block":68,"aquaculture:carp":3,"minecraft:glow_berries":6,"bamboo:bamboo_soul":7,"minecraft:saddle":3,"minecraft:gold_ingot":45,"biomesoplenty:redwood_sapling":3,"minecraft:mutton":18,"minecraft:white_wool":12,"biomesoplenty:orange_sand":3,"minecraft:bone_block":21,"minecraft:lime_bed":15,"tww:pupils_study":2,"travelersbackpack:melon":6,"minecraft:glow_ink_sac":15,"minecraft:salmon":1,"minecraft:cut_sandstone":3,"minecraft:leather":55,"minecraft:birch_planks":1,"grimoireofgaia:bone_shield":3,"minecraft:oak_log":385,"farmersdelight:salmon_slice":2,"minecraft:gunpowder":5,"biomesoplenty:glowing_moss_carpet":3,"minecraft:orange_terracotta":2,"minecraft:apple":15,"minecraft:stone_bricks":3,"minecraft:iron_ingot":14,"minecraft:stone_pickaxe":3,"aquaculture:minnow":2,"minecraft:flowering_azalea":1,"minecraft:iron_sword":13,"minecraft:acacia_sapling":3,"minecraft:oak_slab":1,"minecraft:smooth_basalt":28,"minecraft:pumpkin":10,"minecraft:sweet_berries":42,"minecraft:red_wool":4,"minecraft:gravel":1,"minecraft:amethyst_shard":12,"minecraft:spruce_log":31,"biomesoplenty:glowing_moss_block":1,"minecraft:spider_eye":7,"aquaculture:boulti":3,"travelersbackpack:standard":1,"minecraft:oak_wood":2,"minecraft:stone_axe":4,"minecraft:iron_helmet":2,"minecraft:terracotta":43,"minecraft:melon_seeds":15,"minecraft:dark_oak_wood":3,"minecraft:coal":256,"minecraft:sunflower":5},"minecraft:mined":{"minecraft:large_amethyst_bud":2,"minecraft:stone_pressure_plate":1,"minecraft:spruce_planks":14,"bamboo:lavally":2,"minecraft:potted_cactus":1,"minecraft:cave_vines_plant":5,"minecraft:granite":47,"minecraft:stripped_crimson_hyphae":2,"minecraft:acacia_log":1,"minecraft:grass_block":17,"minecraft:stone_brick_wall":1,"biomesoplenty:orange_sandstone":6,"biomesoplenty:palm_log":3,"minecraft:spawner":1,"supplementaries:ash":5,"minecraft:iron_ore":51,"minecraft:fire":6,"minecraft:pumpkin":6,"minecraft:granite_slab":11,"minecraft:deepslate_lapis_ore":5,"create:asurine":2,"minecraft:cave_vines":3,"biomesoplenty:redwood_log":2,"minecraft:azalea":1,"minecraft:cut_sandstone":3,"minecraft:quartz_block":1,"travelersbackpack:melon":5,"minecraft:blackstone":13,"minecraft:melon_stem":2,"minecraft:amethyst_cluster":3,"minecraft:orange_terracotta":2,"minecraft:clay":7,"minecraft:torch":9,"minecraft:note_block":7,"minecraft:dark_oak_wood":3,"minecraft:calcite":4,"minecraft:melon":11,"tww:pupils_study":2,"minecraft:dead_bush":1,"biomesoplenty:palm_planks":1,"minecraft:cobblestone":15,"minecraft:oak_planks":9,"minecraft:bricks":6,"minecraft:wall_torch":1,"minecraft:amethyst_block":1,"minecraft:wheat":25,"minecraft:tnt":9,"minecraft:stone_brick_stairs":3,"minecraft:grass":21,"minecraft:oak_log":42,"minecraft:sand":72,"minecraft:dirt":11,"minecraft:smooth_basalt":7,"minecraft:netherrack":6,"create:crimsite":1,"minecraft:oak_leaves":10,"minecraft:deepslate":45,"minecraft:redstone_lamp":2,"create:zinc_ore":5,"biomesoplenty:glowing_moss_block":1,"minecraft:dark_prismarine":17,"create:copper_backtank":3,"minecraft:deepslate_diamond_ore":1,"biomesoplenty:desert_grass":1,"minecraft:sea_lantern":1,"minecraft:glow_lichen":1,"minecraft:jungle_planks":3,"minecraft:decorated_pot":1,"minecraft:brick_stairs":1,"minecraft:moss_block":9,"minecraft:sandstone":29,"biomesoplenty:dune_grass":1,"minecraft:large_fern":6,"minecraft:hay_block":68,"farmersdelight:wild_onions":3,"minecraft:spore_blossom":1,"minecraft:furnace":4,"minecraft:chiseled_sandstone":2,"bamboo:wooled_grass":1,"minecraft:gold_block":3,"minecraft:deepslate_iron_ore":5,"minecraft:lantern":1,"biomesoplenty:barley":6,"minecraft:stone":348,"minecraft:bone_block":11,"minecraft:brain_coral":1,"minecraft:oak_slab":1,"minecraft:glass_pane":4,"minecraft:red_wool":2,"biomesoplenty:orange_sand":2,"minecraft:polished_granite":22,"minecraft:crafting_table":10,"minecraft:smooth_sandstone":1,"minecraft:oak_wood":2,"minecraft:andesite_slab":2,"minecraft:tall_grass":7,"minecraft:copper_ore":17,"minecraft:lapis_ore":2,"minecraft:deepslate_gold_ore":3,"farmersdelight:wild_tomatoes":23,"minecraft:diorite":38,"supplementaries:urn":13,"minecraft:birch_planks":1,"minecraft:lime_bed":12,"minecraft:sweet_berry_bush":5,"minecraft:spruce_log":6,"minecraft:birch_leaves":7,"minecraft:coal_ore":202,"minecraft:gravel":1,"biomesoplenty:redwood_leaves":25,"minecraft:terracotta":34,"minecraft:polished_andesite":3,"minecraft:stone_bricks":3,"minecraft:fern":12},"minecraft:custom":{"minecraft:interact_with_crafting_table":85,"minecraft:open_barrel":3,"minecraft:leave_game":4,"minecraft:time_since_death":44663,"minecraft:sprint_one_cm":617118,"minecraft:drop":113,"minecraft:play_noteblock":10,"minecraft:talked_to_villager":21,"minecraft:play_time":412096,"minecraft:deaths":12,"minecraft:jump":4894,"minecraft:walk_on_water_one_cm":43152,"minecraft:interact_with_furnace":62,"minecraft:traded_with_villager":4,"minecraft:interact_with_cartography_table":2,"minecraft:sleep_in_bed":19,"minecraft:damage_dealt":22600,"minecraft:crouch_one_cm":31506,"minecraft:horse_one_cm":6047554,"minecraft:mob_kills":124,"minecraft:damage_dealt_resisted":14,"minecraft:climb_one_cm":1072,"minecraft:walk_one_cm":683629,"minecraft:sneak_time":11499,"minecraft:walk_under_water_one_cm":28919,"minecraft:total_world_time":412096,"minecraft:tune_noteblock":8,"minecraft:pot_flower":2,"minecraft:interact_with_grindstone":3,"minecraft:time_since_rest":44688,"minecraft:damage_taken":7081,"minecraft:damage_absorbed":30,"minecraft:swim_one_cm":209621,"minecraft:fly_one_cm":898976,"minecraft:open_chest":208,"minecraft:fish_caught":6,"minecraft:fall_one_cm":146667},"minecraft:crafted":{"minecraft:brick":22,"minecraft:oak_planks":184,"minecraft:cooked_chicken":1,"supplementaries:bellows":1,"bamboo:whistle":2,"supplementaries:soap":6,"minecraft:glass":63,"minecraft:iron_boots":1,"minecraft:melon_seeds":1,"minecraft:chest":8,"minecraft:copper_block":1,"minecraft:bricks":2,"minecraft:stone_hoe":1,"supplementaries:flute":1,"minecraft:oak_slab":12,"minecraft:crafting_table":8,"minecraft:spruce_planks":24,"travelersbackpack:standard":2,"minecraft:wooden_pickaxe":1,"create:zinc_nugget":18,"tww:mana":64,"minecraft:copper_ingot":14,"minecraft:iron_chestplate":1,"minecraft:diamond_pickaxe":1,"minecraft:stick":116,"minecraft:iron_ingot":50,"minecraft:iron_pickaxe":4,"minecraft:stone_sword":2,"minecraft:gold_ingot":5,"aquaculture:iron_fishing_rod":1,"biomesoplenty:palm_planks":12,"travelersbackpack:melon":1,"minecraft:iron_nugget":18,"tww:masters_broomstickitem":2,"minecraft:furnace":3,"minecraft:bone_meal":36,"create:copper_backtank":1,"minecraft:spruce_fence":3,"minecraft:flint_and_steel":1,"travelersbackpack:white_sleeping_bag":2,"minecraft:iron_axe":2,"minecraft:stone_pickaxe":3,"minecraft:wheat":243,"minecraft:cooked_beef":2,"create:andesite_alloy":8,"biomesoplenty:redwood_planks":4,"travelersbackpack:backpack_tank":4,"minecraft:iron_sword":1,"minecraft:bucket":1,"minecraft:stone_axe":3,"minecraft:bread":81,"minecraft:air":0,"minecraft:oak_boat":1,"supplementaries:bubble_blower":2,"minecraft:wooden_axe":1,"minecraft:iron_shovel":3,"create:shaft":8,"minecraft:andesite":64,"minecraft:torch":228,"create:zinc_ingot":4},"minecraft:killed":{"mythicmounts:dragon":1,"minecraft:spider":7,"grimoireofgaia:minotaurus":1,"minecraft:pufferfish":1,"naturalist:snail":1,"grimoireofgaia:goblin":1,"minecraft:skeleton":12,"minecraft:chicken":3,"aquaculture:perch":3,"minecraft:camel":1,"aquaculture:carp":2,"aquaculture:bayad":1,"minecraft:pig":2,"minecraft:zombie_villager":6,"grimoireofgaia:bone_knight":4,"minecraft:creeper":2,"minecraft:sheep":13,"aquaculture:minnow":1,"minecraft:zombie":15,"minecraft:cow":13,"grimoireofgaia:satyress":1,"aquaculture:boulti":3,"naturalist:tortoise":2,"minecraft:phantom":1,"naturalist:deer":1,"grimoireofgaia:creep":1,"minecraft:husk":1,"naturalist:bear":1,"minecraft:rabbit":1,"grimoireofgaia:cecaelia":8,"minecraft:wandering_trader":1,"aquaculture:synodontis":7,"minecraft:villager":1}},"DataVersion":3465}