{"stats":{"minecraft:killed":{"alexsmobs:lobster":2,"minecraft:spider":5,"alexsmobs:seagull":1,"minecraft:skeleton":19,"minecraft:drowned":2,"jitl:stonewalker":1,"jitl:cavurn":1,"jitl:caveling":1,"minecraft:wandering_trader":1,"minecraft:creeper":4,"minecraft:sheep":4,"alexsmobs:cockroach":1,"minecraft:zombie":20},"minecraft:used":{"minecraft:beetroot":7,"beachparty:coconut":120,"minecraft:ladder":6,"minecraft:chest":2,"minecraft:iron_sword":204,"minecraft:rotten_flesh":2,"minecraft:netherrack":1,"minecraft:torch":169,"minecraft:dirt":9,"minecraft:granite":8,"jitl:loot_pouch":1,"beachparty:palm_planks":85,"beachparty:coconut_open":74,"wom:gesetz":13,"breadcraft:rye_seeds":1,"beachparty:palm_boat":2,"minepop:randombox":1,"beachparty:palm_sapling":39,"breadcraft:peanut":1,"minecraft:dark_oak_boat":2,"minecraft:golden_carrot":2,"biomesoplenty:violet":1,"minecraft:diorite":12,"epicfight:skillbook":3,"minecraft:oak_planks":5,"minecraft:stone_pickaxe":107,"minecraft:sandstone":12,"minecraft:wooden_pickaxe":12,"minecraft:blue_bed":1,"minecraft:sand":39,"minecraft:crafting_table":4,"bakery:strawberry":11,"biomesoplenty:orange_autumn_sapling":1,"moa_decor_cookery:copadevino":1,"minepop:minepop_ssj_gohan":1,"minecraft:apple":2,"biomesoplenty:yellow_autumn_sapling":2,"minecraft:iron_pickaxe":370,"minecraft:bread":10,"beachparty:palm_log":20,"beachparty:seashell":2,"minecraft:stone_axe":468,"minecraft:purple_bed":2,"minecraft:cobblestone":33,"minecraft:oak_boat":1,"alexsmobs:animal_dictionary":2},"minecraft:picked_up":{"minecraft:mud":1,"minecraft:crafting_table":2,"minecraft:clay_ball":4,"maidensmaterials:earthen_essence":1,"minecraft:lead":3,"jitl:cave_crystal":1,"biomesoplenty:orange_autumn_sapling":6,"arts_and_crafts:soapstone":13,"biomesoplenty:violet":4,"bakery:strawberry_seeds":1,"maidensmaterials:sodalite_chunk":1,"maidensmaterials:moonstone_chunk":2,"beachparty:coconut":130,"minecraft:amethyst_block":1,"maidensmaterials:jade_chunk":1,"minecraft:raw_copper":7,"minecraft:string":13,"biomesoplenty:yellow_autumn_sapling":3,"jitl:iridium_nugget":1,"beachparty:seashell":4,"minecraft:beetroot":11,"iceandfire:sea_serpent_scales_bronze":4,"beachparty:coconut_open":116,"minecraft:cobbled_deepslate":21,"minepop:minepop_ssj_gohan":1,"jitl:raw_shadium":7,"minecraft:poppy":1,"minecraft:light_gray_wool":1,"minecraft:stick":39,"minecraft:raw_iron":58,"minecraft:sandstone":38,"jitl:lunium_powder":23,"minecraft:copper_ingot":1,"minecraft:torch":4,"breadcraft:wild_greens_seeds":1,"jitl:verdite_ore":1,"epicfight:skillbook":2,"beachparty:palm_planks":2,"maidensmaterials:jasper_chunk":1,"minecraft:diorite":14,"maidensmaterials:rose_quartz_chunk":1,"maidensmaterials:mica_chunk":2,"breadcraft:rye_seeds":1,"minecraft:arrow":17,"butchersdelight:deadsheep":4,"minecraft:rotten_flesh":19,"minecraft:beetroot_seeds":39,"maidensmaterials:labradorite_chunk":2,"jitl:loot_pouch":1,"jitl:cave_dust":2,"minecraft:white_wool":1,"minecraft:cobblestone":149,"minecraft:birch_log":10,"minecraft:leather_chestplate":1,"iceandfire:sea_serpent_fang":4,"minecraft:glow_ink_sac":3,"alexsmobs:cachalot_whale_tooth":1,"moa_decor_cookery:copadevino":1,"minecraft:filled_map":1,"butchersdelight:deadpig":8,"beachparty:palm_log":381,"minecraft:flint":1,"jitl:sapphire":7,"minecraft:tuff":1,"minecraft:oak_log":42,"minecraft:gunpowder":5,"butchersdelight:goat_fur":2,"minecraft:lapis_lazuli":60,"minecraft:dirt":13,"minecraft:blue_bed":1,"minecraft:bone":16,"minecraft:apple":2,"minecraft:kelp":4,"maidensmaterials:aventurine_chunk":3,"biomesoplenty:toadstool":3,"bakery:strawberry":14,"maidensmaterials:citrine_chunk":1,"minecraft:sweet_berries":28,"minepop:randombox":1,"beachparty:palm_sapling":47,"minecraft:dandelion":2,"minecraft:gravel":3,"minecraft:sand":50,"breadcraft:peanut":1,"minecraft:amethyst_shard":8,"minecraft:spruce_sapling":1,"minecraft:ink_sac":4,"minecraft:spruce_log":1,"maidensmaterials:carnelian_chunk":2,"minecraft:dark_oak_log":18,"minecraft:spider_eye":1,"biomesoplenty:maple_sapling":3,"minecraft:purple_bed":2,"minecraft:diamond":7,"minecraft:stone_axe":2,"maidensmaterials:chalcopyrite_chunk":5,"minecraft:granite":28,"minecraft:gray_wool":2,"butchersdelight:deadllama":2,"minecraft:oak_sapling":6,"minecraft:netherrack":1,"minecraft:coal":8,"iceandfire:raw_silver":6,"minecraft:sunflower":1},"minecraft:mined":{"biomesoplenty:orange_autumn_leaves":1,"minecraft:tuff":1,"iceandfire:silver_ore":5,"minecraft:deepslate_diamond_ore":7,"minepop:minepop_ssj_gohan":1,"maidensmaterials:moonstone_ore":2,"minecraft:dark_oak_log":18,"minecraft:budding_amethyst":1,"minecraft:granite":48,"minecraft:grass_block":8,"iceandfire:deepslate_silver_ore":2,"minecraft:spruce_leaves":3,"maidensmaterials:deepslate_jade_ore":1,"butchersdelight:deadpigblock":5,"minecraft:sandstone":31,"beachparty:seashell_block":5,"maidensmaterials:deepslate_amethyst_ore":2,"jitl:deepslate_lunium_ore":21,"maidensmaterials:chalcopyrite_ore":2,"jitl:deepslate_iridium_ore":2,"biomesoplenty:toadstool":3,"minecraft:iron_ore":37,"biomesoplenty:violet":4,"maidensmaterials:deepslate_mica_ore":1,"minecraft:deepslate_lapis_ore":6,"minecraft:deepslate_iron_ore":21,"maidensmaterials:carnelian_ore":1,"arts_and_crafts:soapstone":13,"jitl:deepslate_sapphire_ore":7,"minecraft:stone":142,"maidensmaterials:deepslate_chalcopyrite_ore":8,"beachparty:palm_planks":2,"jitl:lunium_ore":2,"maidensmaterials:deepslate_carnelian_ore":1,"minecraft:amethyst_cluster":2,"minecraft:medium_amethyst_bud":7,"minecraft:dandelion":2,"minecraft:clay":1,"minecraft:torch":3,"maidensmaterials:jasper_ore":1,"minecraft:crafting_table":2,"bakery:wild_strawberries":15,"minecraft:poppy":1,"jitl:deepslate_shadium_ore":7,"maidensmaterials:mica_ore":1,"minecraft:copper_ore":2,"minecraft:cobblestone":2,"minecraft:lapis_ore":4,"minecraft:diorite":15,"minecraft:blue_bed":1,"minecraft:amethyst_block":1,"farmersdelight:wild_beetroots":39,"maidensmaterials:deepslate_citrine_ore":5,"minecraft:purple_bed":2,"farmersdelight:sandy_shrub":7,"minecraft:mud":1,"minecraft:birch_log":7,"biomesoplenty:yellow_autumn_leaves":3,"maidensmaterials:deepslate_sodalite_ore":3,"beachparty:palm_sapling":1,"minecraft:sweet_berry_bush":12,"maidensmaterials:labradorite_ore":1,"minecraft:spruce_log":1,"biomesoplenty:maple_leaves":7,"jitl:verdite_ore":1,"maidensmaterials:deepslate_aventurine_ore":2,"minecraft:grass":9,"beachparty:palm_log":354,"minecraft:coal_ore":8,"minecraft:oak_log":42,"minecraft:gravel":8,"maidensmaterials:deepslate_labradorite_ore":5,"beachparty:coconut_block":3,"minecraft:dirt":4,"minecraft:sunflower":1,"minecraft:sand":48,"maidensmaterials:aventurine_ore":1,"maidensmaterials:jade_ore":3,"minecraft:cobweb":1,"maidensmaterials:deepslate_rose_quartz_ore":1,"minecraft:netherrack":1,"minecraft:deepslate":20},"minecraft:killed_by":{"iceandfire:siren":1,"iceandfire:sea_serpent":1},"minecraft:crafted":{"minecraft:oak_planks":32,"minecraft:dark_oak_boat":2,"iceandfire:tide_bronze_boots":1,"beachparty:palm_boat":2,"minecraft:ladder":6,"minecraft:stone_pickaxe":2,"minecraft:chest":2,"minecraft:dark_oak_planks":52,"beachparty:palm_planks":108,"minecraft:crafting_table":2,"minecraft:spruce_planks":16,"minecraft:wooden_pickaxe":1,"minecraft:iron_sword":1,"immersive_melodies:lute":2,"minecraft:stone_axe":2,"minecraft:blue_dye":2,"minecraft:air":0,"minecraft:oak_boat":1,"minecraft:charcoal":25,"minecraft:stick":60,"minecraft:iron_ingot":4,"minecraft:iron_pickaxe":3,"minecraft:torch":236},"minecraft:dropped":{"minecraft:iron_sword":1,"iceandfire:raw_silver":1,"minecraft:clock":1,"minecraft:glow_ink_sac":3,"maidensmaterials:rose_quartz_chunk":1,"biomesoplenty:maple_sapling":3,"minecraft:lead":1,"minecraft:cobblestone":8,"maidensmaterials:sodalite_chunk":1,"immersive_melodies:lute":1,"beachparty:palm_log":61,"minecraft:copper_ingot":1,"minecraft:coal":9,"minecraft:emerald":5,"biomesoplenty:violet":3,"minecraft:dirt":3,"minecraft:blue_dye":2,"minecraft:gray_wool":2,"minecraft:diorite":1,"minecraft:dark_oak_log":3,"beachparty:overgrown_disc":1,"minecraft:golden_carrot":3,"minecraft:ink_sac":2,"minecraft:gold_nugget":8,"minecraft:sunflower":1,"beachparty:coconut_open":5,"minecraft:sand":5,"minecraft:mud":1,"minecraft:iron_pickaxe":1,"maidensmaterials:moonstone_chunk":2,"breadcraft:rye_seeds":1,"minecraft:dark_oak_planks":6,"butchersdelight:deadpig":2,"minecraft:fishing_rod":1,"minecraft:white_wool":1,"maidensmaterials:citrine_chunk":1,"minecraft:spruce_sapling":1,"minecraft:dandelion":2,"jitl:verdite_ore":1,"minecraft:gravel":1,"biomesoplenty:toadstool":3,"maidensmaterials:jasper_chunk":1,"minecraft:stone_axe":3,"minecraft:kelp":4,"minecraft:sweet_berries":28,"beachparty:palm_sapling":5,"minecraft:cobbled_deepslate":21,"maidensmaterials:mica_chunk":2,"minecraft:tuff":1,"biomesoplenty:yellow_autumn_sapling":1,"butchersdelight:deadsheep":4,"maidensmaterials:aventurine_chunk":3,"beachparty:coconut":8,"minecraft:beetroot":4,"minecraft:rotten_flesh":17,"minecraft:light_gray_wool":1,"minecraft:clay_ball":4,"minecraft:oak_planks":9,"maidensmaterials:carnelian_chunk":2,"jitl:iridium_nugget":1,"minecraft:pumpkin_seeds":6,"minecraft:filled_map":4,"beachparty:rubber_ring_axolotl":1,"minecraft:poppy":1,"minecraft:leather_chestplate":1,"maidensmaterials:chalcopyrite_chunk":5,"minecraft:beetroot_seeds":39,"maidensmaterials:earthen_essence":1,"maidensmaterials:labradorite_chunk":2,"wom:gesetz":1,"minecraft:oak_sapling":6,"minecraft:spider_eye":1,"minecraft:sandstone":6,"minecraft:stone_pickaxe":1,"minecraft:wooden_pickaxe":1,"jellyfishing:jellyfish_net":1},"minecraft:broken":{"minecraft:stone_axe":3,"minecraft:iron_pickaxe":1},"minecraft:custom":{"minecraft:mob_kills":65,"minecraft:interact_with_crafting_table":18,"minecraft:leave_game":8,"minecraft:time_since_death":113036,"minecraft:climb_one_cm":17052,"minecraft:sprint_one_cm":884556,"minecraft:walk_one_cm":1218933,"minecraft:damage_blocked_by_shield":750,"minecraft:drop":123,"minecraft:talked_to_villager":3,"minecraft:play_time":231762,"minecraft:sneak_time":9062,"minecraft:deaths":2,"minecraft:walk_under_water_one_cm":98796,"minecraft:boat_one_cm":452347,"minecraft:jump":3347,"minecraft:walk_on_water_one_cm":90128,"minecraft:total_world_time":231762,"minecraft:interact_with_furnace":13,"minecraft:sleep_in_bed":5,"minecraft:time_since_rest":1058,"minecraft:damage_taken":2670,"minecraft:damage_dealt":13340,"minecraft:swim_one_cm":310719,"minecraft:fly_one_cm":1106332,"minecraft:open_chest":58,"minecraft:crouch_one_cm":64921,"minecraft:fall_one_cm":81547}},"DataVersion":3465}