{"stats":{"minecraft:killed":{"minecraft:skeleton":1,"minecraft:spider":1,"minecraft:zombie":1},"minecraft:custom":{"minecraft:time_since_rest":476,"minecraft:play_time":3588,"minecraft:crouch_one_cm":146,"minecraft:sprint_one_cm":32796,"champions:champion_mobs_killed":3,"minecraft:walk_one_cm":35617,"minecraft:damage_taken":426,"minecraft:deaths":2,"minecraft:sneak_time":9,"minecraft:walk_under_water_one_cm":113,"minecraft:mob_kills":3,"minecraft:jump":63,"minecraft:damage_dealt":805,"minecraft:walk_on_water_one_cm":473,"minecraft:time_since_death":427,"minecraft:total_world_time":3588,"minecraft:damage_dealt_absorbed":42,"minecraft:swim_one_cm":3320,"minecraft:fall_one_cm":1523,"minecraft:fly_one_cm":20372},"minecraft:used":{"epicfight:uchigatana":15},"minecraft:mined":{"minecraft:gravel":1},"minecraft:killed_by":{"minecraft:zombie":1,"dannys_expansion:cursed_skull":1},"minecraft:picked_up":{"minecraft:arrow":2,"minecraft:rotten_flesh":1,"minecraft:string":2}},"DataVersion":2975}