{"stats":{"minecraft:killed":{"alexsmobs:lobster":2,"minecraft:spider":6,"minecraft:skeleton":19,"jitl:small_hongo":1,"jitl:stonewalker":1,"jitl:caveling":1,"minecraft:creeper":4,"minecraft:sheep":8,"minecraft:zombie":23,"tameablebeasts:giant_grasshopper":1,"alexsmobs:seagull":1,"minecraft:horse":5,"alexsmobs:bison":5,"minecraft:drowned":2,"jitl:cavurn":1,"tameablebeasts:tameable_chikote":2,"minecraft:wandering_trader":1,"minecraft:squid":2,"tameablebeasts:giant_roly_poly":3,"alexsmobs:cockroach":1,"iceandfire:ghost":7,"jitl:boomboom":3},"minecraft:used":{"minecraft:beetroot":7,"minecraft:iron_shovel":47,"minecraft:ladder":6,"minecraft:chest":4,"minecraft:iron_sword":204,"minecraft:rotten_flesh":2,"jitl:lunium_sword":335,"minecraft:spruce_boat":2,"jitl:loot_pouch":2,"wom:gesetz":13,"beachparty:palm_boat":2,"luphieclutteredmod:luphie_heart_garland":1,"minecraft:dark_oak_boat":4,"epicfight:skillbook":6,"minecraft:diorite":12,"minecraft:oak_planks":5,"minecraft:stone_pickaxe":107,"minecraft:wooden_pickaxe":12,"minecraft:sandstone":12,"minecraft:blue_bed":1,"minecraft:sand":39,"moa_decor_cookery:copadevino":1,"waystones:waystone":1,"minecraft:bread":10,"biomesoplenty:yellow_autumn_sapling":2,"beachparty:palm_log":20,"beachparty:seashell":3,"butchersdelightfoods:cooked_ham":2,"iceandfire:pixie_house_mushroom_red":1,"butchersdelightfoods:cooked_llama_ribs":1,"minecraft:oak_boat":1,"beachparty:coconut":192,"minecraft:netherrack":1,"minecraft:torch":169,"minecraft:dirt":37,"minecraft:granite":8,"minepop:minepop_ssj_goku":1,"beachparty:palm_planks":85,"minecraft:iron_axe":223,"beachparty:coconut_open":123,"breadcraft:rye_seeds":1,"butchersdelightfoods:cooked_llama_loin":1,"beachparty:palm_sapling":65,"breadcraft:peanut":1,"minepop:randombox":9,"minecraft:golden_carrot":3,"biomesoplenty:violet":1,"minecraft:cooked_mutton":1,"iceandfire:pixie_house_spruce":1,"alexsdelight:raw_bison":14,"minecraft:crafting_table":5,"bakery:strawberry":11,"biomesoplenty:orange_autumn_sapling":1,"minecraft:apple":2,"minecraft:iron_pickaxe":412,"iceandfire:graveyard_soil":1,"minepop:minepop_ssj_gohan":1,"minecraft:stone_axe":468,"travelersbackpack:standard":1,"minecraft:cobblestone":66,"minecraft:purple_bed":2,"minecraft:cooked_porkchop":6,"alexsmobs:animal_dictionary":6},"minecraft:mined":{"minecraft:granite":48,"minecraft:budding_amethyst":1,"minecraft:grass_block":11,"iceandfire:pixie_house_oak":1,"minecraft:oxeye_daisy":5,"beachparty:seashell_block":5,"maidensmaterials:deepslate_amethyst_ore":2,"farmersdelight:wild_rice":13,"minecraft:iron_ore":42,"biomesoplenty:violet":4,"minecraft:deepslate_lapis_ore":6,"minecraft:azure_bluet":9,"iceandfire:gold_pile":1,"iceandfire:pixie_house_spruce":2,"minecraft:pink_tulip":1,"maidensmaterials:deepslate_chalcopyrite_ore":8,"maidensmaterials:deepslate_carnelian_ore":1,"minecraft:medium_amethyst_bud":7,"minecraft:amethyst_cluster":2,"minecraft:clay":1,"minecraft:torch":3,"minecraft:poppy":5,"minecraft:chest":1,"minecraft:mushroom_stem":4,"iceandfire:fire_lily":1,"maidensmaterials:mica_ore":1,"minecraft:cobblestone":5,"minecraft:sugar_cane":3,"minecraft:amethyst_block":1,"minecraft:skeleton_skull":1,"farmersdelight:sandy_shrub":7,"minecraft:mud":1,"minecraft:birch_log":7,"beachparty:palm_sapling":1,"maidensmaterials:labradorite_ore":1,"minepop:minepop_ssj_goku":1,"minecraft:lilac":54,"biomesoplenty:maple_leaves":7,"minecraft:light_gray_wool":1,"minecraft:orange_tulip":1,"jitl:verdite_ore":1,"minecraft:wither_rose":1,"minecraft:grass":83,"beachparty:palm_log":560,"minecraft:oak_log":42,"minecraft:sand":124,"minecraft:dirt":6,"maidensmaterials:jade_ore":3,"maidensmaterials:aventurine_ore":1,"maidensmaterials:deepslate_rose_quartz_ore":1,"minecraft:red_mushroom_block":18,"minecraft:netherrack":1,"minecraft:oak_leaves":3,"minecraft:deepslate":20,"biomesoplenty:orange_autumn_leaves":1,"minecraft:tuff":1,"iceandfire:silver_ore":5,"minecraft:mossy_cobblestone":2,"minecraft:deepslate_diamond_ore":7,"minepop:minepop_ssj_gohan":1,"maidensmaterials:moonstone_ore":3,"iceandfire:pixie_house_birch":1,"minecraft:dark_oak_log":18,"biomesoplenty:bush":3,"minecraft:allium":21,"iceandfire:deepslate_silver_ore":2,"minecraft:brown_mushroom_block":3,"minecraft:spruce_leaves":3,"maidensmaterials:deepslate_jade_ore":1,"butchersdelight:deadpigblock":5,"minecraft:sandstone":31,"biomesoplenty:dune_grass":1,"jitl:deepslate_lunium_ore":21,"biomesoplenty:toadstool":3,"jitl:deepslate_iridium_ore":2,"maidensmaterials:chalcopyrite_ore":2,"maidensmaterials:deepslate_mica_ore":1,"biomesoplenty:sea_oats":8,"biomesoplenty:high_grass":20,"minecraft:deepslate_iron_ore":21,"maidensmaterials:carnelian_ore":1,"arts_and_crafts:soapstone":13,"minecraft:stone":155,"jitl:deepslate_sapphire_ore":7,"minecraft:white_wool":9,"beachparty:palm_planks":2,"minecraft:lily_of_the_valley":4,"jitl:lunium_ore":2,"minecraft:dandelion":54,"minecraft:crafting_table":2,"minecraft:cornflower":5,"maidensmaterials:jasper_ore":2,"iceandfire:pixie_house_mushroom_brown":1,"bakery:wild_strawberries":15,"minecraft:rose_bush":36,"jitl:deepslate_shadium_ore":7,"biomesoplenty:high_grass_plant":29,"minecraft:tall_grass":6,"minecraft:copper_ore":2,"biomesoplenty:sprout":56,"minecraft:lapis_ore":4,"minecraft:diorite":15,"minecraft:blue_bed":1,"maidensmaterials:deepslate_citrine_ore":5,"farmersdelight:wild_beetroots":39,"minecraft:purple_bed":2,"biomesoplenty:yellow_autumn_leaves":3,"maidensmaterials:deepslate_sodalite_ore":3,"minecraft:sweet_berry_bush":13,"biomesoplenty:pink_daffodil":24,"minecraft:spruce_log":4,"iceandfire:pixie_house_mushroom_red":3,"maidensmaterials:deepslate_aventurine_ore":2,"luphieclutteredmod:luphie_heart_garland":1,"minecraft:coal_ore":8,"maidensmaterials:deepslate_labradorite_ore":5,"beachparty:coconut_block":3,"minecraft:sunflower":1,"minecraft:gravel":8,"minecraft:cobweb":2,"minecraft:cracked_stone_bricks":1,"minecraft:stone_bricks":10,"minecraft:fern":1},"minecraft:picked_up":{"breadcraft:garlic":4,"maidensmaterials:earthen_essence":1,"minecraft:yellow_wool":1,"minecraft:lead":3,"jitl:cave_crystal":1,"biomesoplenty:orange_autumn_sapling":6,"biomesoplenty:violet":4,"arts_and_crafts:soapstone":13,"minecraft:wither_rose":1,"bakery:strawberry_seeds":1,"maidensmaterials:moonstone_chunk":2,"minecraft:amethyst_block":1,"maidensmaterials:jade_chunk":1,"minecraft:string":14,"minecraft:raw_copper":37,"biomesoplenty:yellow_autumn_sapling":3,"jitl:iridium_nugget":1,"iceandfire:sea_serpent_scales_bronze":4,"minecraft:beetroot":11,"beachparty:coconut_open":188,"minecraft:cobbled_deepslate":21,"minepop:minepop_ssj_gohan":1,"minecraft:rose_bush":29,"breadcraft:tomato_seeds":3,"iceandfire:pixie_dust":2,"minecraft:stick":56,"jitl:lunium_powder":23,"minecraft:torch":4,"epicfight:skillbook":2,"jitl:verdite_ore":1,"minecraft:diorite":14,"maidensmaterials:rose_quartz_chunk":1,"breadcraft:thyme_seeds":2,"maidensmaterials:mica_chunk":2,"breadcraft:rye_seeds":1,"minecraft:rotten_flesh":25,"tameablebeasts:big_bird_meat":1,"alexsdelight:raw_bison":14,"minecraft:cobblestone":175,"minecraft:birch_log":10,"farmersdelight:rice":11,"minecraft:leather_chestplate":1,"minecraft:feather":10,"minecraft:lilac":44,"minecraft:andesite":2,"minecraft:dark_oak_boat":1,"moa_decor_cookery:copadevino":1,"alexsmobs:bison_fur":7,"butchersdelight:deadpig":22,"beachparty:palm_log":582,"minecraft:flint":1,"jitl:sapphire":7,"minecraft:tuff":1,"butchersdelight:goat_fur":2,"minecraft:lapis_lazuli":60,"minecraft:dirt":44,"minecraft:bone":16,"minecraft:wheat_seeds":6,"jitl:hongoshroom":1,"biomesoplenty:toadstool":3,"maidensmaterials:citrine_chunk":1,"breadcraft:mustard_seeds":4,"iceandfire:pixie_house_birch":1,"breadcraft:hot_pepper_seeds":1,"butchersdelight:cow_hide":6,"minecraft:sand":125,"breadcraft:peanut":3,"breadcraft:rosemary_seeds":1,"minecraft:lily_of_the_valley":1,"minecraft:ink_sac":7,"maidensmaterials:carnelian_chunk":2,"minecraft:dark_oak_log":18,"minecraft:mossy_cobblestone":1,"minecraft:diamond":7,"minecraft:spruce_boat":1,"waystones:waystone":2,"minecraft:granite":28,"butchersdelight:deadllama":2,"biomesoplenty:pink_daffodil":22,"minecraft:oak_sapling":6,"minecraft:netherrack":1,"breadcraft:onion_seeds":1,"iceandfire:raw_silver":6,"minecraft:mud":1,"minecraft:crafting_table":2,"minecraft:allium":20,"minecraft:azure_bluet":8,"iceandfire:pixie_house_oak":1,"minecraft:clay_ball":4,"iceandfire:fire_lily":1,"minecraft:brown_mushroom":5,"maidensmaterials:sodalite_chunk":1,"beachparty:coconut":202,"minecraft:cornflower":4,"beachparty:seashell":6,"butchersdelight:dead_cow":6,"iceandfire:graveyard_soil":1,"minecraft:cracked_stone_bricks":1,"jitl:raw_shadium":7,"immersive_melodies:trumpet":1,"minecraft:poppy":5,"minecraft:light_gray_wool":2,"minecraft:sugar_cane":1,"minecraft:raw_iron":63,"minecraft:sandstone":38,"minecraft:copper_ingot":1,"breadcraft:wild_greens_seeds":2,"beachparty:palm_planks":2,"maidensmaterials:jasper_chunk":1,"luphieclutteredmod:luphie_heart_garland":1,"minecraft:tnt":2,"butchersdelight:deadsheep":8,"minecraft:arrow":17,"maidensmaterials:labradorite_chunk":2,"minecraft:beetroot_seeds":39,"jitl:loot_pouch":2,"jitl:cave_dust":2,"breadcraft:basil_seeds":2,"minepop:minepop_ssj_goku":1,"minecraft:skeleton_skull":1,"minecraft:white_wool":13,"minecraft:oxeye_daisy":3,"iceandfire:sea_serpent_fang":4,"minecraft:glow_ink_sac":3,"minecraft:leather":6,"minecraft:red_mushroom":8,"minecraft:filled_map":1,"alexsmobs:cachalot_whale_tooth":1,"minecraft:oak_log":42,"minecraft:gunpowder":6,"minecraft:blue_bed":1,"iceandfire:pixie_house_mushroom_red":3,"minecraft:apple":2,"minecraft:stone_bricks":9,"minecraft:kelp":6,"maidensmaterials:aventurine_chunk":3,"minecraft:iron_ingot":1,"bakery:strawberry":14,"tameablebeasts:roly_plaque":3,"tameablebeasts:leaf":3,"minecraft:sweet_berries":28,"beachparty:palm_sapling":74,"minecraft:dandelion":46,"minecraft:gravel":3,"minecraft:amethyst_shard":8,"minepop:randombox":9,"minecraft:spruce_sapling":1,"minecraft:spruce_log":4,"minecraft:spider_eye":1,"biomesoplenty:maple_sapling":3,"iceandfire:pixie_house_spruce":2,"minecraft:purple_bed":2,"minecraft:stone_axe":2,"maidensmaterials:chalcopyrite_chunk":5,"minecraft:gray_wool":2,"minecraft:coal":8,"minecraft:sunflower":1},"minecraft:killed_by":{"iceandfire:cyclops":2,"iceandfire:siren":1,"iceandfire:sea_serpent":1},"minecraft:crafted":{"jitl:lunium_ingot":16,"minecraft:oak_planks":32,"minecraft:dark_oak_boat":3,"beachparty:palm_boat":2,"minecraft:glass":32,"minecraft:chest":7,"travelersbackpack:iron_tier_upgrade":2,"minecraft:cooked_porkchop":6,"minecraft:crafting_table":3,"minecraft:spruce_planks":28,"travelersbackpack:standard":2,"minecraft:wooden_pickaxe":1,"immersive_melodies:lute":2,"minecraft:charcoal":25,"minecraft:stick":76,"minecraft:iron_ingot":4,"minecraft:iron_pickaxe":4,"jitl:lunium_sword":3,"iceandfire:tide_bronze_boots":1,"travelersbackpack:blank_upgrade":4,"travelersbackpack:white_sleeping_bag":2,"minecraft:iron_axe":1,"minecraft:ladder":6,"minecraft:stone_pickaxe":2,"minecraft:spruce_boat":1,"minecraft:dark_oak_planks":60,"beachparty:palm_planks":156,"travelersbackpack:backpack_tank":6,"minecraft:iron_sword":1,"minecraft:stone_axe":2,"minecraft:air":0,"minecraft:blue_dye":2,"minecraft:oak_boat":1,"minecraft:iron_shovel":1,"minecraft:torch":236},"minecraft:dropped":{"breadcraft:wild_greens_seeds":1,"minecraft:iron_sword":1,"iceandfire:raw_silver":1,"biomesoplenty:pink_daffodil":22,"minecraft:glow_ink_sac":3,"maidensmaterials:rose_quartz_chunk":1,"bakery:strawberry":2,"immersive_melodies:lute":1,"beachparty:palm_log":124,"travelersbackpack:standard":1,"iceandfire:graveyard_soil":1,"minecraft:emerald":5,"minecraft:dirt":6,"breadcraft:onion_seeds":1,"minecraft:dark_oak_log":55,"beachparty:overgrown_disc":1,"minecraft:cornflower":4,"minecraft:gold_nugget":8,"minecraft:sunflower":1,"minecraft:sand":5,"minecraft:iron_pickaxe":1,"minecraft:dark_oak_planks":6,"minecraft:fishing_rod":1,"minecraft:white_wool":1,"minecraft:bone":7,"minecraft:gravel":1,"biomesoplenty:toadstool":3,"minecraft:stone_axe":3,"minecraft:cobbled_deepslate":21,"maidensmaterials:mica_chunk":2,"biomesoplenty:yellow_autumn_sapling":1,"butchersdelight:deadsheep":4,"maidensmaterials:aventurine_chunk":3,"minecraft:beetroot":4,"beachparty:coconut":8,"minecraft:rotten_flesh":17,"maidensmaterials:jade_chunk":1,"minecraft:oak_planks":9,"breadcraft:hot_pepper_seeds":1,"iceandfire:fire_lily":1,"minecraft:azure_bluet":8,"beachparty:rubber_ring_axolotl":1,"minecraft:poppy":1,"minecraft:leather_chestplate":1,"minecraft:gunpowder":1,"minecraft:beetroot_seeds":39,"maidensmaterials:earthen_essence":1,"breadcraft:tomato_seeds":3,"minecraft:clock":1,"minecraft:lilac":44,"minecraft:tnt":2,"tameablebeasts:big_bird_meat":1,"minecraft:mossy_cobblestone":1,"biomesoplenty:maple_sapling":3,"minecraft:feather":8,"minecraft:cobblestone":48,"minecraft:lead":1,"maidensmaterials:sodalite_chunk":1,"minecraft:granite":20,"minecraft:copper_ingot":1,"minecraft:coal":9,"minecraft:stick":1,"biomesoplenty:violet":3,"minecraft:oxeye_daisy":3,"minecraft:gray_wool":2,"minecraft:blue_dye":2,"minecraft:diorite":1,"minecraft:golden_carrot":3,"minecraft:ink_sac":3,"minecraft:torch":7,"minecraft:rose_bush":29,"tameablebeasts:roly_plaque":3,"beachparty:coconut_open":5,"minecraft:mud":1,"maidensmaterials:moonstone_chunk":2,"breadcraft:rye_seeds":1,"minecraft:string":1,"butchersdelight:deadpig":2,"maidensmaterials:citrine_chunk":1,"minecraft:spruce_sapling":1,"minecraft:dandelion":2,"jitl:verdite_ore":1,"maidensmaterials:jasper_chunk":1,"minecraft:kelp":4,"minecraft:sweet_berries":28,"beachparty:palm_sapling":5,"minecraft:tuff":1,"jitl:lunium_sword":1,"breadcraft:thyme_seeds":1,"minecraft:light_gray_wool":1,"minecraft:clay_ball":4,"breadcraft:mustard_seeds":3,"maidensmaterials:carnelian_chunk":2,"jitl:iridium_nugget":1,"minecraft:pumpkin_seeds":6,"minecraft:lily_of_the_valley":1,"minecraft:filled_map":4,"maidensmaterials:chalcopyrite_chunk":5,"beachparty:palm_planks":2,"minecraft:spruce_planks":1,"minecraft:allium":20,"minecraft:andesite":2,"breadcraft:basil_seeds":2,"maidensmaterials:labradorite_chunk":2,"wom:gesetz":1,"minecraft:oak_sapling":6,"minecraft:spider_eye":1,"minecraft:stone_bricks":5,"jellyfishing:jellyfish_jelly":3,"minecraft:sandstone":6,"minecraft:stone_pickaxe":2,"minecraft:wooden_pickaxe":1,"waystones:waystone":1,"jellyfishing:jellyfish_net":1,"epicfight:skillbook":1,"breadcraft:rosemary_seeds":1},"minecraft:broken":{"minecraft:stone_axe":3,"minecraft:iron_pickaxe":1},"minecraft:custom":{"minecraft:interact_with_crafting_table":44,"minecraft:leave_game":10,"minecraft:time_since_death":106114,"minecraft:sprint_one_cm":1718261,"minecraft:damage_blocked_by_shield":750,"minecraft:drop":174,"minecraft:talked_to_villager":17,"minecraft:play_time":372624,"minecraft:deaths":4,"minecraft:jump":6423,"minecraft:walk_on_water_one_cm":136744,"minecraft:interact_with_furnace":46,"minecraft:interact_with_loom":1,"minecraft:sleep_in_bed":5,"minecraft:waystone_activated":1,"minecraft:damage_dealt":25225,"minecraft:crouch_one_cm":77653,"minecraft:interact_with_smoker":2,"minecraft:mob_kills":104,"minecraft:climb_one_cm":45029,"minecraft:walk_one_cm":1621400,"minecraft:sneak_time":11468,"minecraft:walk_under_water_one_cm":113235,"minecraft:boat_one_cm":933374,"minecraft:total_world_time":372624,"minecraft:time_since_rest":106143,"minecraft:damage_taken":4952,"minecraft:trigger_trapped_chest":8,"minecraft:swim_one_cm":441591,"minecraft:fly_one_cm":2418793,"minecraft:open_chest":153,"minecraft:fall_one_cm":170523}},"DataVersion":3465}