{"stats":{"minecraft:killed":{"aquaculture:boulti":3,"naturalist:tortoise":2,"grimoireofgaia:goblin":1,"minecraft:skeleton":4,"minecraft:chicken":3,"aquaculture:perch":3,"aquaculture:carp":2,"aquaculture:bayad":1,"minecraft:husk":1,"minecraft:wandering_trader":1,"minecraft:creeper":1,"aquaculture:minnow":1,"minecraft:zombie":5,"aquaculture:synodontis":7,"minecraft:villager":1,"minecraft:cow":2},"minecraft:custom":{"minecraft:mob_kills":38,"minecraft:interact_with_crafting_table":14,"minecraft:open_barrel":1,"minecraft:leave_game":1,"minecraft:time_since_death":57309,"minecraft:sprint_one_cm":192277,"minecraft:walk_one_cm":189205,"minecraft:drop":41,"minecraft:talked_to_villager":11,"minecraft:play_time":84723,"minecraft:deaths":1,"minecraft:sneak_time":2551,"minecraft:walk_under_water_one_cm":22697,"minecraft:jump":1415,"minecraft:walk_on_water_one_cm":23004,"minecraft:total_world_time":84723,"minecraft:interact_with_furnace":7,"minecraft:interact_with_cartography_table":1,"minecraft:pot_flower":2,"minecraft:interact_with_grindstone":1,"minecraft:sleep_in_bed":4,"minecraft:time_since_rest":3722,"minecraft:damage_taken":742,"minecraft:damage_absorbed":30,"minecraft:damage_dealt":4792,"minecraft:swim_one_cm":125658,"minecraft:fly_one_cm":289581,"minecraft:open_chest":10,"minecraft:crouch_one_cm":8521,"minecraft:fall_one_cm":37724,"minecraft:horse_one_cm":20},"minecraft:killed_by":{"grimoireofgaia:sphinx":1},"minecraft:broken":{"minecraft:stone_axe":1},"minecraft:used":{"minecraft:stone_sword":8,"minecraft:chest":1,"minecraft:spruce_planks":9,"minecraft:iron_sword":67,"minecraft:stone_hoe":30,"minecraft:torch":4,"minecraft:dirt":12,"minecraft:wooden_axe":16,"farmersdelight:tomato":4,"aquaculture:boulti":3,"minecraft:furnace":2,"grimoireofgaia:meat":1,"aquaculture:atlantic_halibut":1,"minecraft:cooked_beef":2,"minecraft:wheat_seeds":2,"minecraft:stone_pickaxe":126,"minecraft:oak_planks":1,"minecraft:wooden_pickaxe":6,"minecraft:golden_apple":1,"farmersdelight:onion":3,"minecraft:lime_bed":8,"minecraft:crafting_table":7,"minecraft:oak_log":3,"minecraft:flower_pot":1,"minecraft:apple":1,"minecraft:chicken":2,"minecraft:bread":6,"biomesoplenty:palm_planks":1,"minecraft:stone_axe":49,"tww:masters_broomstickitem":1,"minecraft:bone_meal":4},"minecraft:mined":{"bamboo:lavally":1,"minecraft:potted_cactus":1,"minecraft:stripped_crimson_hyphae":2,"minecraft:acacia_log":1,"minecraft:grass_block":9,"biomesoplenty:orange_sandstone":2,"biomesoplenty:palm_log":3,"minecraft:spawner":1,"minecraft:hay_block":36,"farmersdelight:wild_onions":3,"minecraft:furnace":2,"minecraft:iron_ore":5,"create:asurine":2,"minecraft:stone":73,"minecraft:bone_block":11,"minecraft:brain_coral":1,"minecraft:oak_slab":1,"minecraft:quartz_block":1,"minecraft:smooth_sandstone":1,"minecraft:crafting_table":5,"minecraft:calcite":2,"minecraft:dead_bush":1,"biomesoplenty:palm_planks":1,"farmersdelight:wild_tomatoes":23,"minecraft:oak_planks":3,"minecraft:lime_bed":9,"minecraft:wheat":2,"minecraft:spruce_log":3,"minecraft:grass":10,"minecraft:oak_log":42,"minecraft:coal_ore":24,"minecraft:sand":1,"minecraft:dirt":7,"minecraft:oak_leaves":10},"minecraft:crafted":{"minecraft:oak_planks":24,"minecraft:cooked_chicken":1,"tww:masters_broomstickitem":2,"minecraft:furnace":1,"minecraft:bone_meal":36,"minecraft:stone_pickaxe":2,"minecraft:chest":1,"minecraft:stone_hoe":1,"minecraft:cooked_beef":2,"minecraft:crafting_table":3,"minecraft:spruce_planks":12,"minecraft:wooden_pickaxe":1,"minecraft:stone_axe":3,"minecraft:air":0,"minecraft:oak_boat":1,"minecraft:stick":16,"minecraft:iron_ingot":5,"minecraft:wooden_axe":1,"minecraft:stone_sword":2,"minecraft:torch":4,"biomesoplenty:palm_planks":12},"minecraft:dropped":{"minecraft:stone_hoe":1,"minecraft:iron_sword":2,"minecraft:wheat_seeds":12,"minecraft:oak_log":94,"minecraft:acacia_log":2,"minecraft:wooden_axe":1,"minecraft:gold_nugget":6,"minecraft:acacia_planks":4,"minecraft:stone_axe":3,"minecraft:moss_carpet":6,"minecraft:stone_sword":3,"aquaculture:perch":3,"minecraft:oak_planks":3,"aquaculture:synodontis":6,"tww:masters_broomstickitem":1,"minecraft:allium":5,"aquaculture:bayad":1,"minecraft:quartz_block":1,"minecraft:oak_sapling":1,"minecraft:spruce_log":12,"biomesoplenty:orange_sandstone":2,"minecraft:stripped_crimson_hyphae":2,"minecraft:arrow":1,"minecraft:bow":1,"minecraft:wooden_pickaxe":2,"minecraft:stone_pickaxe":1,"grimoireofgaia:meat":1,"minecraft:calcite":1,"minecraft:egg":1},"minecraft:picked_up":{"minecraft:wooden_axe":1,"minecraft:crafting_table":6,"minecraft:allium":10,"minecraft:wheat":4,"aquaculture:synodontis":7,"minecraft:chicken":4,"minecraft:flower_pot":1,"minecraft:lead":2,"minecraft:wooden_pickaxe":1,"minecraft:moss_carpet":6,"minecraft:gold_nugget":6,"minecraft:spruce_planks":3,"minecraft:beef":2,"minecraft:iron_nugget":21,"minecraft:calcite":25,"minecraft:egg":2,"minecraft:furnace":2,"minecraft:stripped_crimson_hyphae":4,"minecraft:stick":6,"minecraft:raw_iron":5,"grimoireofgaia:meat":2,"minecraft:green_bed":1,"minecraft:acacia_log":66,"aquaculture:perch":6,"farmersdelight:tomato_seeds":32,"aquaculture:atlantic_halibut":2,"minecraft:quartz_block":2,"minecraft:arrow":4,"minecraft:stone_sword":3,"minecraft:cactus":1,"minecraft:rotten_flesh":3,"minecraft:beetroot_seeds":3,"biomesoplenty:palm_log":12,"farmersdelight:onion":4,"biomesoplenty:orange_sandstone":2,"minecraft:hay_block":36,"create:asurine":92,"aquaculture:carp":2,"minecraft:obsidian":1,"minecraft:bone_block":21,"minecraft:cobblestone":83,"minecraft:lime_bed":10,"minecraft:feather":8,"minecraft:leather":3,"biomesoplenty:palm_planks":5,"minecraft:flint":4,"minecraft:oak_log":263,"minecraft:gunpowder":5,"farmersdelight:tomato":4,"minecraft:dirt":24,"minecraft:bone":7,"minecraft:acacia_planks":60,"minecraft:apple":6,"minecraft:bow":2,"minecraft:wheat_seeds":15,"minecraft:stone_pickaxe":2,"biomesoplenty:palm_sapling":2,"aquaculture:minnow":1,"minecraft:stone_hoe":1,"minecraft:oak_planks":51,"minecraft:iron_sword":3,"minecraft:acacia_sapling":3,"minecraft:oak_slab":1,"minecraft:spruce_log":27,"aquaculture:boulti":3,"minecraft:stone_axe":4,"aquaculture:bayad":2,"minecraft:bread":33,"minecraft:emerald":7,"minecraft:oak_sapling":1,"minecraft:coal":47}},"DataVersion":3465}