{"stats":{"minecraft:killed":{"alexsmobs:lobster":2,"minecraft:wandering_trader":1,"alexsmobs:seagull":1},"minecraft:used":{"minecraft:beetroot":7,"beachparty:coconut":11,"minecraft:stone_pickaxe":66,"minecraft:oak_planks":5,"minecraft:wooden_pickaxe":12,"minecraft:sandstone":5,"minecraft:blue_bed":1,"minecraft:rotten_flesh":2,"minecraft:netherrack":1,"minecraft:sand":24,"minecraft:dirt":5,"minecraft:crafting_table":2,"minecraft:granite":6,"biomesoplenty:orange_autumn_sapling":1,"jitl:loot_pouch":1,"minecraft:apple":2,"beachparty:coconut_open":4,"minecraft:bread":1,"biomesoplenty:yellow_autumn_sapling":2,"beachparty:seashell":1,"breadcraft:rye_seeds":1,"beachparty:palm_sapling":1,"minecraft:cobblestone":7,"minecraft:purple_bed":1,"minecraft:stone_axe":132,"minecraft:golden_carrot":2,"minecraft:oak_boat":1,"alexsmobs:animal_dictionary":2},"minecraft:mined":{"biomesoplenty:orange_autumn_leaves":1,"minecraft:dark_oak_log":18,"minecraft:granite":19,"minecraft:crafting_table":2,"bakery:wild_strawberries":2,"minecraft:grass_block":4,"minecraft:spruce_leaves":1,"butchersdelight:deadpigblock":5,"minecraft:sandstone":17,"minecraft:blue_bed":1,"beachparty:seashell_block":1,"farmersdelight:wild_beetroots":30,"minecraft:purple_bed":1,"farmersdelight:sandy_shrub":5,"maidensmaterials:chalcopyrite_ore":1,"biomesoplenty:toadstool":3,"minecraft:birch_log":7,"biomesoplenty:yellow_autumn_leaves":3,"beachparty:palm_sapling":1,"minecraft:spruce_log":1,"minecraft:gravel":2,"biomesoplenty:maple_leaves":7,"minecraft:dirt":2,"beachparty:palm_log":42,"minecraft:grass":7,"minecraft:oak_log":42,"minecraft:sand":25,"beachparty:coconut_block":2,"minecraft:sunflower":1,"maidensmaterials:jade_ore":2,"minecraft:stone":32,"minecraft:netherrack":1},"minecraft:picked_up":{"minecraft:birch_log":10,"minecraft:crafting_table":2,"maidensmaterials:earthen_essence":1,"minecraft:lead":2,"biomesoplenty:orange_autumn_sapling":6,"beachparty:palm_log":40,"bakery:strawberry_seeds":1,"butchersdelight:deadpig":7,"minecraft:oak_log":42,"beachparty:coconut":19,"minecraft:blue_bed":1,"minecraft:string":5,"minecraft:dirt":7,"biomesoplenty:yellow_autumn_sapling":3,"beachparty:seashell":1,"minecraft:beetroot":7,"minecraft:apple":2,"beachparty:coconut_open":9,"biomesoplenty:toadstool":3,"minecraft:sandstone":18,"minecraft:stick":5,"bakery:strawberry":1,"beachparty:palm_sapling":4,"breadcraft:wild_greens_seeds":1,"minecraft:sand":29,"minecraft:spruce_log":1,"minecraft:dark_oak_log":18,"breadcraft:rye_seeds":1,"minecraft:purple_bed":1,"biomesoplenty:maple_sapling":3,"minecraft:rotten_flesh":3,"minecraft:stone_axe":1,"minecraft:beetroot_seeds":30,"jitl:loot_pouch":1,"maidensmaterials:chalcopyrite_chunk":1,"minecraft:granite":6,"butchersdelight:deadllama":2,"minecraft:oak_sapling":6,"minecraft:netherrack":1,"minecraft:cobblestone":28,"minecraft:sunflower":1},"minecraft:crafted":{"minecraft:oak_planks":32,"minecraft:crafting_table":1,"minecraft:wooden_pickaxe":1,"minecraft:stone_axe":2,"minecraft:oak_boat":1,"minecraft:stick":12,"minecraft:stone_pickaxe":2},"minecraft:dropped":{"biomesoplenty:toadstool":3,"minecraft:stone_axe":2,"minecraft:clock":1,"biomesoplenty:yellow_autumn_sapling":1,"biomesoplenty:maple_sapling":3,"minecraft:cobblestone":3,"beachparty:coconut":8,"minecraft:rotten_flesh":1,"minecraft:oak_planks":9,"minecraft:pumpkin_seeds":6,"minecraft:filled_map":1,"minecraft:dirt":2,"maidensmaterials:chalcopyrite_chunk":1,"minecraft:golden_carrot":3,"minecraft:beetroot_seeds":30,"maidensmaterials:earthen_essence":1,"wom:gesetz":1,"minecraft:oak_sapling":6,"minecraft:sandstone":6,"minecraft:sand":5,"beachparty:coconut_open":5,"minecraft:sunflower":1,"minecraft:wooden_pickaxe":1,"minecraft:stone_pickaxe":1,"breadcraft:rye_seeds":1,"butchersdelight:deadpig":1},"minecraft:broken":{"minecraft:stone_axe":1},"minecraft:custom":{"minecraft:mob_kills":4,"minecraft:interact_with_crafting_table":4,"minecraft:leave_game":3,"minecraft:time_since_death":71946,"minecraft:sleep_in_bed":3,"minecraft:time_since_rest":4202,"minecraft:sprint_one_cm":213768,"minecraft:damage_taken":190,"minecraft:walk_one_cm":494585,"minecraft:drop":41,"minecraft:damage_dealt":1060,"minecraft:swim_one_cm":121386,"minecraft:talked_to_villager":3,"minecraft:fly_one_cm":306206,"minecraft:open_chest":14,"minecraft:crouch_one_cm":6198,"minecraft:play_time":71946,"minecraft:sneak_time":1645,"minecraft:walk_under_water_one_cm":27257,"minecraft:boat_one_cm":51055,"minecraft:jump":942,"minecraft:walk_on_water_one_cm":34816,"minecraft:total_world_time":71946,"minecraft:fall_one_cm":20643}},"DataVersion":3465}