{"stats":{"minecraft:used":{"minecraft:chest":4,"minecraft:stone":4,"minecraft:rotten_flesh":1,"minecraft:stone_brick_stairs":1,"minecraft:bow":61,"minecraft:furnace":6,"chipped:iron_bowl_soul_lantern":1,"minecraft:potato":137,"minecraft:wooden_pickaxe":26,"minecraft:cookie":1,"minecraft:golden_apple":5,"biomesoplenty:rainbow_birch_sapling":2,"minecraft:dark_oak_trapdoor":1,"player_companions:samurai_blue":2,"minecraft:blast_furnace":1,"ageofweapons:machete_iron":249,"minecraft:deepslate_brick_stairs":1,"minecraft:deepslate_tiles":8,"minecraft:mangrove_door":3,"minecraft:birch_slab":1,"minecraft:soul_lantern":2,"player_companions:small_slime_default":1,"minecraft:smithing_table":2,"minecraft:birch_log":4,"tww:spyewt_totem":1,"tww:masters_broomstickitem":93,"biomesoplenty:umbran_fence_gate":12,"create:limestone":17,"minecraft:enchanting_table":3,"minecraft:stone_sword":67,"player_companions:raptor_default":4,"minecraft:torch":659,"minecraft:anvil":3,"player_companions:dobutsu_creeper":40,"farmersdelight:beef_patty":2,"ageofweapons:ninjato_diamond":1143,"minecraft:iron_axe":21,"ageofweapons:caveman_spear":2,"minecraft:barrel":2,"minecraft:goat_horn":1,"minecraft:beef":28,"player_companions:dobutsu_default":2,"chipped:boarded_mangrove_door":1,"minecraft:cobbled_deepslate":253,"minecraft:water_bucket":699,"biomesoplenty:umbran_sign":2,"biomesoplenty:hellbark_sapling":2,"minecraft:deepslate_bricks":5,"minecraft:salmon":17,"minecraft:mossy_cobblestone":4,"minecraft:crafting_table":9,"minecraft:red_bed":3,"minecraft:cod":3,"minecraft:cake":2,"minecraft:diamond_pickaxe":8559,"minecraft:diamond_shovel":13257,"minecraft:iron_pickaxe":1464,"travelersbackpack:white_sleeping_bag":3,"minecraft:leather_helmet":1,"enchantinginfuser:enchanting_infuser":2,"minecraft:cobblestone":778,"travelersbackpack:standard":10,"biomesoplenty:dead_sapling":1,"minecraft:jukebox":1,"player_companions:dobutsu_spawn_egg":2,"minecraft:iron_shovel":1301,"minecraft:iron_sword":269,"minecraft:player_head":1,"supplementaries:globe":2,"create:blue_seat":2,"minecraft:carrot":30,"bamboo:wooled_log":1,"minecraft:tuff":5,"minecraft:beehive":1,"enchantinginfuser:advanced_enchanting_infuser":1,"biomesoplenty:fir_sapling":1,"minecraft:packed_mud":1,"minecraft:iron_helmet":1,"minecraft:stone_bricks":5,"minecraft:red_carpet":1,"grimoireofgaia:meat":1,"minecraft:diamond_boots":2,"minecraft:stone_pickaxe":471,"minecraft:oak_planks":1,"minecraft:diamond_axe":1086,"biomesoplenty:fir_planks":3,"minecraft:chainmail_helmet":3,"minecraft:blue_bed":3,"minecraft:white_wool":2,"minecraft:golden_hoe":1,"alexscaves:cave_book":1,"minecraft:mushroom_stew":1,"minecraft:dripstone_block":7,"minecraft:cobbled_deepslate_stairs":124,"biomesoplenty:umbran_planks":673,"minecraft:bread":154,"minecraft:gravel":3,"biomesoplenty:umbran_slab":94,"naturalist:cooked_duck":1,"chipped:broken_cobweb":1,"minecraft:cooked_rabbit":2,"minecraft:coarse_dirt":3,"ironchest:crystal_chest":9,"minecraft:bone_meal":105,"minecraft:golden_pickaxe":24,"minecraft:experience_bottle":87,"grimoireofgaia:doll_ender_girl":3,"minecraft:rose_bush":1,"minecraft:flint_and_steel":122,"tacz:gun_smith_table":4,"minecraft:cooked_chicken":2,"minecraft:dirt":5659,"ironchest:diamond_chest":1,"biomesoplenty:umbran_fence":265,"minecraft:granite":1,"biomesoplenty:maple_sapling":4,"minecraft:iron_hoe":323,"minecraft:dark_oak_planks":2,"minecraft:bookshelf":19,"chipped:glassblower":1,"minecraft:smooth_sandstone":2,"biomesoplenty:umbran_sapling":178,"alexscaves:spelunkery_table":1,"warriorsofpastepoch:cistus":1,"minecraft:emerald_block":1,"player_companions:dobutsu_enderman":1,"minecraft:cooked_beef":37,"minecraft:cooked_mutton":5,"minecraft:baked_potato":27,"create:train_door":2,"minecraft:stonecutter":2,"chipped:mason_table":1,"minecraft:apple":25,"waystones:mossy_waystone":1,"ageofweapons:compound_bow":29,"minecraft:bucket":701,"minecraft:pumpkin_pie":4,"minecraft:yellow_bed":1},"minecraft:broken":{"minecraft:iron_chestplate":1,"minecraft:iron_hoe":1,"aether:iron_gloves":1,"minecraft:iron_pickaxe":3,"minecraft:iron_shovel":4,"minecraft:stone_pickaxe":3,"minecraft:diamond_boots":1,"minecraft:flint_and_steel":1,"minecraft:golden_pickaxe":1},"minecraft:crafted":{"travelersbackpack:crafting_upgrade":1,"ageofweapons:compound_bow":1,"minecraft:diamond_shovel":1,"minecraft:bookshelf":18,"minecraft:iron_bars":16,"ironchest:crystal_chest":8,"minecraft:glass":120,"ageofweapons:caveman_spear":5,"ageofweapons:machete_iron":3,"minecraft:diamond_helmet":1,"minecraft:diamond_leggings":1,"minecraft:cooked_rabbit":2,"minecraft:gray_bed":1,"irons_spellbooks:scroll":1,"minecraft:emerald":45,"minecraft:diamond_axe":1,"enchantinginfuser:enchanting_infuser":1,"travelersbackpack:standard":6,"minecraft:smithing_table":2,"minecraft:copper_ingot":174,"biomesoplenty:umbran_sign":3,"player_companions:tame_sweet_berries":2,"minecraft:iron_pickaxe":6,"minecraft:iron_block":4,"minecraft:gold_ingot":2,"minecraft:light_gray_dye":1,"biomesoplenty:umbran_fence_gate":8,"ageofweapons:ninjato_diamond_part":1,"luckys_armory:bone_armor_helmet":1,"tww:masters_broomstickitem":6,"minecraft:bone_meal":93,"travelersbackpack:blank_upgrade":4,"travelersbackpack:gold_tier_upgrade":1,"biomesoplenty:rainbow_birch_sapling":1,"minecraft:diamond":9,"travelersbackpack:white_sleeping_bag":3,"minecraft:stone_pickaxe":4,"minecraft:diamond_boots":2,"minecraft:cobbled_deepslate_stairs":48,"ageofweapons:large_diamond_blank":1,"minecraft:dark_oak_planks":80,"create:blue_seat":1,"minecraft:wheat":216,"ironchest:gold_chest":8,"biomesoplenty:maple_sapling":1,"minecraft:enchanting_table":1,"minecraft:blue_bed":1,"tacz:gun_smith_table":1,"biomesoplenty:umbran_sapling":2,"ageofweapons:hammer":1,"minecraft:gunpowder":6,"minecraft:iron_shovel":10,"minecraft:iron_leggings":1,"minecraft:brick":1,"ageofweapons:machete_template":3,"naturalist:cooked_duck":1,"buildersdelight:iron_chisel":1,"minecraft:oak_planks":212,"minecraft:cooked_chicken":1,"ageofweapons:blank_template":9,"minecraft:stone":43,"biomesoplenty:dead_sapling":1,"portablemobs:master_capture_cell":2,"ageofweapons:machete_iron_part":3,"minecraft:iron_boots":1,"minecraft:raw_copper":90,"biomesoplenty:hellbark_sapling":1,"minecraft:chest":16,"biomesoplenty:umbran_fence":297,"chipped:mason_table":1,"travelersbackpack:iron_tier_upgrade":1,"minecraft:crafting_table":6,"minecraft:spruce_planks":8,"tacz:ammo_box":1,"minecraft:wooden_pickaxe":3,"minecraft:baked_potato":10,"irons_spellbooks:furled_map":2,"ageofweapons:ninjato_template":1,"minecraft:birch_planks":24,"biomesoplenty:fir_planks":236,"ironchest:diamond_chest":8,"biomesoplenty:fir_sapling":1,"minecraft:iron_chestplate":1,"portablemobs:basic_capture_cell":2,"minecraft:diamond_pickaxe":3,"minecraft:charcoal":25,"minecraft:stick":596,"minecraft:light_blue_dye":8,"minecraft:iron_ingot":108,"minecraft:stone_sword":3,"minecraft:shears":1,"minecraft:small_dripleaf":2,"minecraft:cherry_planks":40,"minecraft:furnace":2,"supplementaries:globe":2,"minecraft:iron_axe":1,"minecraft:iron_hoe":2,"ageofweapons:recurve_bow":1,"travelersbackpack:diamond_tier_upgrade":1,"minecraft:cooked_beef":8,"minecraft:sugar":11,"biomesoplenty:umbran_planks":1360,"minecraft:red_dye":7,"travelersbackpack:backpack_tank":6,"minecraft:mangrove_door":3,"minecraft:iron_sword":3,"ironchest:copper_chest":6,"minecraft:mangrove_planks":12,"minecraft:bucket":11,"minecraft:stone_axe":1,"minecraft:bread":182,"minecraft:air":0,"aether:iron_gloves":1,"minecraft:blue_dye":14,"ageofweapons:longstick_wood":3,"minecraft:blue_wool":1,"minecraft:stonecutter":1,"minecraft:anvil":1,"ageofweapons:ninjato_diamond":1,"minecraft:torch":572,"ageofweapons:medium_iron_blank":3,"biomesoplenty:umbran_slab":84,"chipped:glassblower":1,"minecraft:lapis_lazuli":9,"minecraft:diamond_chestplate":2,"ironchest:iron_chest":8},"minecraft:mined":{"minecraft:dark_oak_planks":6,"minecraft:white_bed":4,"minecraft:light_blue_concrete":1,"irons_spellbooks:armor_pile":1,"minecraft:obsidian":21,"minecraft:granite":1,"minecraft:stone_brick_wall":2,"minecraft:yellow_carpet":1,"minecraft:deepslate_bricks":10,"tacz:gun_smith_table":2,"minecraft:oxeye_daisy":115,"minecraft:spawner":10,"minecraft:light_blue_stained_glass":2,"ironchest:crystal_chest":1,"minecraft:dark_oak_trapdoor":2,"biomesoplenty:hellbark_sapling":1,"minecraft:cobbled_deepslate":102,"minecraft:fire":9,"minecraft:barrel":2,"minecraft:pumpkin":10,"minecraft:deepslate_lapis_ore":18,"minecraft:enchanting_table":2,"minecraft:lime_stained_glass_pane":1,"minecraft:cave_vines":1,"minecraft:dirt_path":2,"amendments:wall_lantern":3,"minecraft:small_amethyst_bud":1,"biomesoplenty:webbing":15,"minecraft:deepslate_brick_stairs":1,"minecraft:blue_orchid":12,"minecraft:stripped_mangrove_wood":3,"minecraft:player_head":20,"create:limestone":44,"minecraft:blue_wall_banner":1,"minecraft:red_bed":3,"biomesoplenty:umbran_fence":27,"minecraft:amethyst_cluster":3,"minecraft:torch":18,"minecraft:blast_furnace":2,"minecraft:white_stained_glass_pane":2,"minecraft:sugar_cane":7,"minecraft:bricks":1,"minecraft:amethyst_block":1,"minecraft:chain":4,"chipped:arched_red_stained_glass_pillar":4,"minecraft:light_gray_stained_glass":7,"minecraft:jukebox":1,"minecraft:stone_brick_stairs":1,"minecraft:grass":522,"minecraft:stonecutter":1,"minecraft:deepslate":3107,"minecraft:deepslate_tiles":7,"minecraft:mossy_cobblestone":14,"create:blue_seat":1,"minecraft:dark_oak_log":1,"minecraft:cyan_stained_glass":4,"minecraft:allium":8,"minecraft:white_concrete_powder":1,"farmersdelight:wild_onions":6,"minecraft:packed_mud":4,"minecraft:acacia_wood":1,"bamboo:wooled_grass":1,"minecraft:andesite":1,"minecraft:diamond_block":1,"minecraft:potatoes":31,"biomesoplenty:rainbow_birch_leaves":14,"minecraft:cobblestone_slab":1,"minecraft:vine":1,"biomesoplenty:barley":1,"warriorsofpastepoch:depositof_forgotten_steel":18,"minecraft:bamboo":1,"irons_spellbooks:inscription_table":1,"minecraft:hanging_roots":1,"minecraft:smooth_sandstone":8,"minecraft:cornflower":22,"minecraft:emerald_ore":8,"minecraft:tall_grass":52,"minecraft:copper_ore":21,"minecraft:deepslate_gold_ore":14,"minecraft:green_stained_glass_pane":2,"biomesoplenty:umbran_sapling":14,"minecraft:black_stained_glass":2,"minecraft:coarse_dirt":10,"minecraft:spruce_log":2,"minecraft:birch_leaves":1,"minecraft:gravel":81,"minecraft:dripstone_block":19,"minecraft:cobweb":24,"minecraft:stone_bricks":17,"grimoireofgaia:doll_ender_girl":1,"minecraft:fern":6,"minecraft:waxed_cut_copper_slab":1,"minecraft:large_amethyst_bud":1,"create:deepslate_zinc_ore":5,"minecraft:spruce_planks":7,"warriorsofpastepoch:cistus":1,"minecraft:cobbled_deepslate_stairs":146,"minecraft:cobblestone_stairs":3,"minecraft:sculk_vein":6,"minecraft:orange_stained_glass":2,"chipped:boarded_mangrove_door":1,"bamboo:gazanite_flower":2,"biomesoplenty:umbran_planks":34,"minecraft:grass_block":5841,"minecraft:mangrove_door":2,"biomesoplenty:umbran_fence_gate":4,"minecraft:mud_bricks":1,"minecraft:glowstone":1,"minecraft:sculk_catalyst":1,"supplementaries:ash":121,"minecraft:iron_ore":121,"minecraft:anvil":1,"minecraft:dark_oak_stairs":1,"minecraft:pointed_dripstone":3,"bamboo:berry_flower":1,"minecraft:deepslate_redstone_ore":3,"minecraft:blackstone":862,"irons_spellbooks:alchemist_cauldron":1,"minecraft:medium_amethyst_bud":1,"minecraft:soul_lantern":2,"minecraft:clay":33,"minecraft:calcite":2,"minecraft:mossy_cobblestone_wall":1,"minecraft:poppy":54,"minecraft:chest":1,"minecraft:cobblestone":506,"minecraft:wall_torch":40,"minecraft:deepslate_copper_ore":2,"minecraft:dark_oak_slab":1,"minecraft:lapis_block":1,"minecraft:birch_log":21,"ironchest:diamond_chest":1,"biomesoplenty:umbran_log":749,"biomesoplenty:fir_log":10,"minecraft:oak_log":108,"minecraft:sand":525,"minecraft:dirt":7699,"biomesoplenty:umbran_leaves":75,"create:crimsite":6,"minecraft:oak_leaves":8,"minecraft:emerald_block":3,"alexscaves:spelunkery_table":1,"minecraft:diamond_ore":2,"minecraft:crying_obsidian":3,"minecraft:red_carpet":1,"minecraft:tuff":17,"minecraft:deepslate_diamond_ore":38,"minecraft:candle":1,"minecraft:red_stained_glass":2,"minecraft:ladder":1,"minecraft:decorated_pot":2,"biomesoplenty:umbran_slab":14,"minecraft:brown_mushroom_block":1,"travelersbackpack:white_sleeping_bag":2,"minecraft:birch_slab":1,"minecraft:spruce_leaves":5,"minecraft:large_fern":2,"minecraft:hay_block":26,"minecraft:deepslate_brick_slab":15,"minecraft:furnace":5,"minecraft:peony":1,"minecraft:gold_block":1,"bamboo:wooled_log":5,"minecraft:bookshelf":58,"minecraft:deepslate_iron_ore":47,"minecraft:packed_ice":1,"irons_spellbooks:firefly_jar":1,"biomesoplenty:dead_sapling":1,"biomesoplenty:spider_egg":1,"minecraft:stone":4786,"minecraft:magenta_stained_glass":2,"minecraft:basalt":1,"travelersbackpack:standard":12,"minecraft:crafting_table":7,"minecraft:rose_bush":3,"minecraft:stone_slab":1,"minecraft:deepslate_coal_ore":16,"minecraft:lapis_ore":12,"minecraft:lily_pad":1,"minecraft:sculk":38,"minecraft:blue_bed":2,"supplementaries:urn":43,"minecraft:prismarine_bricks":1,"minecraft:spruce_stairs":3,"minecraft:gray_wool":5,"minecraft:beehive":1,"minecraft:yellow_bed":3,"minecraft:coal_ore":273,"biomesoplenty:fir_leaves":2,"minecraft:mossy_stone_bricks":3},"minecraft:custom":{"minecraft:interact_with_crafting_table":183,"minecraft:open_barrel":234,"minecraft:eat_cake_slice":15,"minecraft:leave_game":11,"minecraft:time_since_death":42048,"minecraft:play_time":1409512,"minecraft:deaths":27,"minecraft:jump":15680,"minecraft:enchant_item":11,"minecraft:interact_with_furnace":164,"minecraft:traded_with_villager":36,"minecraft:sleep_in_bed":27,"minecraft:waystone_activated":4,"minecraft:damage_dealt":95086,"minecraft:interact_with_smoker":7,"minecraft:interact_with_smithing_table":33,"minecraft:interact_with_anvil":14,"minecraft:sneak_time":39822,"minecraft:interact_with_lectern":2,"minecraft:interact_with_blast_furnace":22,"minecraft:total_world_time":1409512,"minecraft:tune_noteblock":4,"minecraft:interact_with_stonecutter":10,"minecraft:time_since_rest":42800,"minecraft:swim_one_cm":79919,"minecraft:fly_one_cm":3719251,"minecraft:open_chest":1489,"minecraft:fall_one_cm":430971,"minecraft:sprint_one_cm":2033373,"minecraft:drop":354,"minecraft:play_noteblock":2,"minecraft:talked_to_villager":53,"minecraft:interact_with_brewingstand":5,"minecraft:walk_on_water_one_cm":250808,"minecraft:interact_with_loom":7,"minecraft:crouch_one_cm":106591,"minecraft:mob_kills":400,"minecraft:damage_dealt_resisted":159,"minecraft:climb_one_cm":15221,"minecraft:walk_one_cm":3965523,"minecraft:raid_win":1,"minecraft:walk_under_water_one_cm":36790,"minecraft:raid_trigger":1,"minecraft:interact_with_grindstone":1,"minecraft:damage_taken":21046,"minecraft:damage_absorbed":160},"minecraft:dropped":{"biomesoplenty:fir_log":140,"minecraft:iron_sword":4,"minecraft:cooked_beef":4,"ageofweapons:machete_iron":1,"minecraft:leather_helmet":1,"minecraft:red_mushroom":1,"minecraft:packed_mud":1,"minecraft:dirt":760,"minecraft:grass":1,"minecraft:dark_oak_trapdoor":6,"minecraft:chain":4,"minecraft:gold_nugget":18,"minecraft:iron_pickaxe":3,"minecraft:dark_oak_planks":1,"minecraft:white_wool":1,"chipped:iron_bowl_soul_lantern":2,"minecraft:stone_axe":2,"minecraft:sugar_cane":3,"minecraft:iron_nugget":18,"minecraft:cobbled_deepslate":265,"aether:golden_gloves":1,"minecraft:rotten_flesh":15,"minecraft:oak_planks":3,"minecraft:azure_bluet":1,"bamboo:wooled_grass":1,"tww:masters_broomstickitem":2,"alexscaves:cave_book":1,"grimoireofgaia:cursed_metal_sword":2,"minecraft:arms_up_pottery_sherd":1,"minecraft:ladder":2,"minecraft:glass":13,"minecraft:beef":4,"grimoireofgaia:meat":1,"farmersdelight:tomato_seeds":7,"minecraft:iron_ingot":3,"minecraft:shelter_pottery_sherd":1,"minecraft:wheat_seeds":110,"minecraft:feather":1,"minecraft:cobblestone":315,"minecraft:book":9,"minecraft:explorer_pottery_sherd":1,"minecraft:burn_pottery_sherd":1,"minecraft:coal":2,"minecraft:yellow_carpet":1,"minecraft:oxeye_daisy":38,"minecraft:cobweb":7,"player_companions:dobutsu_spawn_egg":1,"player_companions:tame_sweet_berries":65,"minecraft:rose_bush":2,"minecraft:diamond_helmet":1,"minecraft:potion":2,"minecraft:pumpkin":10,"minecraft:red_dye":7,"minecraft:string":4,"minecraft:paper":14,"minecraft:iron_shovel":2,"minecraft:gray_carpet":1,"create:raw_zinc":2,"minecraft:stone_sword":4,"minecraft:bowl":1,"minecraft:iron_boots":1,"minecraft:name_tag":1,"portablemobs:basic_capture_cell":1,"grimoireofgaia:soulfire":1,"minecraft:light_blue_dye":8,"minecraft:cobblestone_slab":1,"minecraft:stone":4,"minecraft:allium":21,"minecraft:peony":1,"minecraft:spruce_planks":2,"minecraft:howl_pottery_sherd":1,"minecraft:diamond_pickaxe":2,"minecraft:small_dripleaf":2,"minecraft:spider_eye":2,"minecraft:stone_bricks":12,"minecraft:bamboo":1,"minecraft:light_gray_dye":1,"minecraft:bow":2,"minecraft:blue_orchid":1,"minecraft:black_wool":2,"minecraft:birch_planks":5,"minecraft:brown_mushroom":1,"minecraft:dark_oak_stairs":1,"minecraft:dark_oak_sapling":2,"minecraft:lantern":2,"minecraft:mossy_cobblestone_wall":2,"travelersbackpack:standard":1,"minecraft:flint":1,"minecraft:cobblestone_stairs":1,"artifacts:novelty_drinking_hat":1,"chipped:arched_red_stained_glass_pillar":2,"minecraft:cornflower":36,"minecraft:mutton":12,"farmersdelight:onion":6,"minecraft:glistering_melon_slice":1,"minecraft:birch_log":6,"minecraft:gravel":5,"minecraft:blackstone":65,"buildersdelight:iron_chisel":1,"biomesoplenty:rainbow_birch_sapling":5,"minecraft:pointed_dripstone":3,"artifacts:villager_hat":1,"bamboo:wooled_log":2,"portablemobs:master_capture_cell":1,"minecraft:carrot":1,"minecraft:poppy":70,"minecraft:rabbit_hide":7,"supplementaries:ash":268,"biomesoplenty:umbran_slab":3,"minecraft:bread":78,"biomesoplenty:jacaranda_sapling":1,"minecraft:mossy_cobblestone":4,"minecraft:diamond_leggings":1,"minecraft:golden_axe":1,"luckys_armory:bone_armor_helmet":1,"minecraft:spruce_stairs":3,"minecraft:stick":48,"tacz:ammo_box":3,"minecraft:blue_dye":12,"farmersdelight:golden_knife":1,"minecraft:torch":73,"minecraft:pink_petals":12,"minecraft:coarse_dirt":2,"minecraft:tuff":9,"minecraft:iron_hoe":1,"grimoireofgaia:bone_shield":1,"minecraft:flint_and_steel":1,"irons_spellbooks:frostward_ring":1,"minecraft:deepslate_bricks":3,"minecraft:filled_map":1,"minecraft:mud_bricks":1,"biomesoplenty:fir_planks":4,"minecraft:diamond_chestplate":2,"minecraft:oak_sapling":2,"minecraft:golden_sword":1,"minecraft:diamond_boots":1,"minecraft:wooden_pickaxe":3,"ageofweapons:ninjato_diamond":1,"minecraft:calcite":2,"minecraft:brick":3},"minecraft:killed_by":{"minecraft:zombie":1,"grimoireofgaia:dwarf":2,"minecraft:husk":1,"grimoireofgaia:flesh_lich":2,"grimoireofgaia:siren":3,"irons_spellbooks:apothecarist":1,"grimoireofgaia:bone_knight":3,"grimoireofgaia:harpy":1,"tww:necromancer":1,"minecraft:spider":1,"irons_spellbooks:necromancer":2,"minecraft:skeleton":2,"irons_spellbooks:archevoker":1,"grimoireofgaia:naga":1},"minecraft:killed":{"minecraft:cave_spider":4,"minecraft:skeleton":25,"grimoireofgaia:mimic":4,"irons_spellbooks:apothecarist":1,"minecraft:chicken":1,"irons_spellbooks:archevoker":2,"grimoireofgaia:flesh_lich":9,"grimoireofgaia:banshee":3,"minecraft:pillager":16,"minecraft:zombie":57,"irons_spellbooks:summoned_vex":1,"minecraft:donkey":1,"grimoireofgaia:siren":4,"grimoireofgaia:deathword":1,"minecraft:cow":28,"tww:necromancer":1,"minecraft:vindicator":5,"bamboo:opposite_rodboo":1,"naturalist:tortoise":3,"naturalist:duck":1,"grimoireofgaia:creep":2,"grimoireofgaia:dwarf":4,"minecraft:husk":11,"minecraft:rabbit":2,"irons_spellbooks:citadel_keeper":1,"minecraft:wandering_trader":4,"player_companions:dobutsu":1,"tww:masters_broomstick":85,"irons_spellbooks:pyromancer":1,"minecraft:spider":3,"grimoireofgaia:minotaurus":1,"irons_spellbooks:summoned_skeleton":2,"artifacts:mimic":4,"minecraft:zombie_villager":1,"grimoireofgaia:bone_knight":11,"irons_spellbooks:necromancer":3,"minecraft:creeper":15,"grimoireofgaia:naga":2,"minecraft:sheep":14,"minecraft:trader_llama":8,"grimoireofgaia:harpy":2,"minecraft:vex":1,"irons_spellbooks:summoned_zombie":9,"grimoireofgaia:satyress":2,"minecraft:slime":1,"grimoireofgaia:ender_eye":3,"grimoireofgaia:dullahan":18,"grimoireofgaia:gryphon":8,"warriorsofpastepoch:skeleton_musketeer":4,"grimoireofgaia:horse":2,"grimoireofgaia:arachne":2},"minecraft:picked_up":{"biomesoplenty:umbran_slab":14,"minecraft:anvil":2,"minecraft:lead":10,"chipped:arched_red_stained_glass_pillar":2,"minecraft:golden_sword":1,"biomesoplenty:rainbow_birch_sapling":6,"minecraft:string":26,"minecraft:dark_oak_trapdoor":7,"chipped:boarded_mangrove_door":1,"create:limestone":44,"minecraft:explorer_pottery_sherd":1,"minecraft:diamond_leggings":1,"minecraft:gold_nugget":71,"minecraft:cobbled_deepslate":3192,"ageofweapons:caveman_spear":2,"player_companions:tame_sweet_berries":59,"minecraft:spruce_planks":6,"naturalist:cooked_duck":2,"minecraft:beehive":1,"minecraft:jukebox":1,"minecraft:golden_axe":1,"ironchest:diamond_chest":1,"irons_spellbooks:fire_rune":1,"portablemobs:basic_capture_cell":1,"minecraft:stone_sword":7,"grimoireofgaia:stone_coal":1,"artifacts:villager_hat":1,"farmersdelight:onion":10,"supplementaries:ash":309,"minecraft:mangrove_door":4,"minecraft:birch_log":21,"minecraft:cooked_beef":36,"minecraft:feather":7,"minecraft:water_bucket":6,"minecraft:birch_slab":1,"biomesoplenty:fir_sapling":3,"biomesoplenty:fir_log":209,"minecraft:flint":10,"warriorsofpastepoch:forgotten_steel_nugget":4,"minecraft:lantern":2,"artifacts:flippers":1,"tacz:ammo_box":3,"minecraft:stonecutter":1,"minecraft:diamond_helmet":1,"minecraft:rabbit":2,"minecraft:glowstone_dust":3,"tacz:gun_smith_table":2,"irons_spellbooks:legendary_ink":2,"minecraft:dark_oak_log":1,"minecraft:barrel":2,"naturalist:duck_egg":1,"irons_spellbooks:evasion_elixir":1,"minecraft:iron_hoe":1,"create:crimsite":6,"minecraft:granite":1,"minecraft:chainmail_helmet":6,"bamboo:wooled_log":7,"minecraft:bread":200,"minecraft:blue_banner":1,"minecraft:bricks":1,"minecraft:diamond_pickaxe":2,"minecraft:crafting_table":7,"minecraft:coarse_dirt":8,"minecraft:shelter_pottery_sherd":1,"chipped:broken_cobweb":1,"minecraft:clay_ball":128,"irons_spellbooks:tarnished_helmet":1,"biomesoplenty:jacaranda_sapling":1,"minecraft:cornflower":59,"minecraft:red_bed":3,"minecraft:flint_and_steel":2,"tacz:ammo":780,"tww:masters_broomstickitem":92,"minecraft:iron_shovel":5,"minecraft:beef":60,"minecraft:iron_nugget":71,"minecraft:poppy":104,"irons_spellbooks:emerald_stoneplate_ring":1,"minecraft:chest":1,"naturalist:duck":1,"ageofweapons:ninjato_diamond":2,"minecraft:fire_charge":3,"farmersdelight:tomato_seeds":1,"minecraft:cake":4,"minecraft:carrot":44,"minecraft:redstone":22,"irons_spellbooks:alchemist_cauldron":1,"irons_spellbooks:evocation_rune":2,"minecraft:diamond_chestplate":2,"minecraft:peony":1,"minecraft:deepslate_bricks":8,"minecraft:diamond_boots":3,"minecraft:hay_block":26,"grimoireofgaia:cursed_metal_sword":3,"minecraft:gold_ingot":7,"artifacts:pocket_piston":1,"minecraft:mutton":15,"minecraft:white_wool":23,"minecraft:oxeye_daisy":276,"tww:spyewt_totem":1,"minecraft:mud_bricks":1,"minecraft:red_mushroom":1,"minecraft:acacia_wood":1,"grimoireofgaia:bone_shield":2,"warriorsofpastepoch:azure_fabric":1,"minecraft:packed_mud":4,"minecraft:oak_log":114,"minecraft:lily_pad":1,"minecraft:blue_bed":2,"minecraft:paper":5,"minecraft:white_banner":4,"minecraft:apple":20,"minecraft:stone_bricks":17,"player_companions:dobutsu_creeper":1,"minecraft:stone_pickaxe":1,"minecraft:cobweb":23,"minecraft:arms_up_pottery_sherd":1,"minecraft:iron_sword":9,"biomesoplenty:umbran_log":784,"minecraft:dark_oak_stairs":1,"grimoireofgaia:zombie_staff":1,"minecraft:gravel":59,"minecraft:spruce_log":4,"minecraft:crying_obsidian":3,"irons_spellbooks:poisonward_ring":1,"minecraft:diamond_shovel":1,"travelersbackpack:standard":12,"biomesoplenty:maple_sapling":12,"minecraft:slime_ball":4,"minecraft:stone_axe":2,"tacz:modern_kinetic_gun":2,"minecraft:diamond_axe":1,"minecraft:gray_wool":16,"minecraft:baked_potato":18,"minecraft:ender_pearl":4,"irons_spellbooks:scroll":4,"minecraft:wheat":18,"minecraft:light_blue_concrete":2,"aether:iron_gloves":5,"minecraft:potion":3,"minecraft:stone_brick_stairs":1,"minecraft:lapis_block":1,"bamboo:excited_soul":2,"minecraft:raw_copper":86,"irons_spellbooks:nature_rune":1,"aether:diamond_gloves":1,"minecraft:experience_bottle":10,"irons_spellbooks:arcane_essence":32,"minecraft:deepslate_tiles":7,"minecraft:bucket":9,"biomesoplenty:fir_planks":4,"artifacts:aqua_dashers":2,"minecraft:rose_bush":7,"minecraft:cobblestone_slab":1,"minecraft:calcite":4,"minecraft:iron_pickaxe":13,"irons_spellbooks:inscription_table":1,"minecraft:furnace":7,"minecraft:stick":195,"ironchest:crystal_chest":1,"chipped:iron_bowl_soul_lantern":3,"biomesoplenty:umbran_planks":30,"minecraft:torch":287,"minecraft:spruce_stairs":4,"tacz:attachment":1,"minecraft:pointed_dripstone":5,"minecraft:rotten_flesh":78,"supplementaries:antique_ink":3,"biomesoplenty:umbran_fence_gate":4,"minecraft:deepslate_brick_stairs":1,"minecraft:obsidian":20,"minecraft:cod":4,"minecraft:cobblestone":3235,"minecraft:enchanting_table":2,"minecraft:pink_petals":12,"minecraft:potato":104,"alexscaves:cave_book":1,"minecraft:tuff":15,"create:raw_zinc":4,"minecraft:prismarine_bricks":2,"supplementaries:flax_seeds":19,"minecraft:lapis_lazuli":327,"minecraft:dirt":12146,"minecraft:leather_boots":1,"minecraft:glass":48,"minecraft:bone":64,"ageofweapons:compound_bow":3,"minecraft:bow":9,"minecraft:wheat_seeds":174,"minecraft:raw_gold":22,"minecraft:bamboo":11,"minecraft:oak_planks":2,"minecraft:sand":518,"biomesoplenty:umbran_fence":31,"minecraft:diamond_block":1,"minecraft:mossy_cobblestone":12,"travelersbackpack:white_sleeping_bag":2,"warriorsofpastepoch:forgotten_steel":18,"minecraft:yellow_carpet":1,"minecraft:diamond":60,"minecraft:soul_lantern":4,"waystones:waystone":1,"minecraft:bone_meal":1,"minecraft:grass":1,"minecraft:golden_apple":1,"minecraft:emerald":47,"minecraft:oak_sapling":2,"minecraft:azure_bluet":3,"minecraft:charcoal":1,"minecraft:allium":33,"grimoireofgaia:soulfire":24,"minecraft:chicken":1,"minecraft:ladder":3,"create:blue_seat":1,"minecraft:brown_mushroom":1,"minecraft:cooked_rabbit":3,"minecraft:chain":4,"minecraft:brick":3,"warriorsofpastepoch:cistus":37,"minecraft:iron_axe":9,"biomesoplenty:hellbark_sapling":1,"minecraft:blackstone":863,"minecraft:blue_orchid":9,"minecraft:candle":2,"minecraft:mossy_cobblestone_wall":3,"irons_spellbooks:epic_ink":4,"minecraft:player_head":19,"minecraft:light_gray_wool":5,"grimoireofgaia:doll_ender_girl":3,"minecraft:sugar_cane":23,"minecraft:dark_oak_sapling":8,"minecraft:raw_iron":200,"minecraft:stripped_mangrove_wood":8,"grimoireofgaia:meat":5,"ageofweapons:katana_netherite":2,"minecraft:bowl":1,"minecraft:cookie":1,"minecraft:dark_oak_planks":5,"minecraft:howl_pottery_sherd":1,"minecraft:arrow":213,"bamboo:wooled_grass":1,"biomesoplenty:umbran_sapling":282,"minecraft:pumpkin_pie":12,"minecraft:golden_hoe":1,"luckys_armory:bone_armor_helmet":3,"alexscaves:spelunkery_table":1,"minecraft:saddle":1,"minecraft:glistering_melon_slice":4,"artifacts:novelty_drinking_hat":1,"minecraft:burn_pottery_sherd":1,"minecraft:salmon":1,"minecraft:leather":53,"minecraft:birch_planks":4,"minecraft:yellow_bed":4,"minecraft:cobbled_deepslate_stairs":216,"minecraft:gunpowder":17,"minecraft:cobblestone_stairs":2,"ageofweapons:machete_iron":6,"minecraft:cooked_mutton":3,"irons_spellbooks:common_ink":1,"minecraft:smooth_sandstone":7,"minecraft:red_carpet":1,"minecraft:gray_carpet":2,"minecraft:rabbit_hide":15,"minecraft:iron_ingot":17,"minecraft:cooked_chicken":2,"portablemobs:master_capture_cell":1,"irons_spellbooks:cinder_essence":2,"minecraft:book":168,"artifacts:obsidian_skull":2,"minecraft:emerald_block":3,"minecraft:pumpkin":10,"waystones:mossy_waystone":1,"minecraft:dripstone_block":19,"minecraft:amethyst_shard":14,"minecraft:red_banner":2,"minecraft:blast_furnace":3,"minecraft:white_bed":4,"minecraft:spruce_door":1,"minecraft:spider_eye":7,"minecraft:white_concrete_powder":2,"minecraft:iron_helmet":1,"minecraft:black_wool":2,"minecraft:coal":369}},"DataVersion":3465}