{"stats":{"minecraft:killed_by":{"irons_spellbooks:pyromancer":1,"grimoireofgaia:spriggan":1},"minecraft:used":{"minecraft:stone_pickaxe":33,"minecraft:oak_planks":9,"minecraft:wooden_pickaxe":9,"minecraft:torch":10,"farmersdelight:onion":12,"minecraft:dirt":6,"minecraft:crafting_table":1,"minecraft:carrot":4,"minecraft:apple":2,"farmersdelight:tomato":2,"biomesoplenty:toadstool":3,"minecraft:stone_axe":49,"minecraft:diamond_sword":20,"naturalist:cooked_duck":1,"minecraft:furnace":1},"minecraft:picked_up":{"irons_spellbooks:scroll":5,"minecraft:charcoal":24,"minecraft:allium":44,"minecraft:crafting_table":2,"minecraft:wheat":14,"minecraft:feather":12,"minecraft:chicken":5,"naturalist:venison":2,"minecraft:leather":6,"minecraft:wooden_pickaxe":3,"minecraft:oak_log":110,"minecraft:gunpowder":22,"farmersdelight:tomato":2,"minecraft:dirt":18,"minecraft:paper":3,"minecraft:moss_carpet":15,"irons_spellbooks:common_ink":9,"minecraft:apple":1,"irons_spellbooks:arcane_essence":14,"minecraft:wheat_seeds":5,"irons_spellbooks:conjurers_talisman":2,"minecraft:candle":13,"minecraft:beef":11,"minecraft:stone_pickaxe":2,"minecraft:iron_nugget":7,"minecraft:glass_bottle":7,"minecraft:honeycomb":5,"minecraft:furnace":1,"minecraft:egg":2,"grimoireofgaia:taproot":7,"biomesoplenty:toadstool":3,"minecraft:ghast_tear":2,"minecraft:stick":7,"naturalist:duck":6,"minecraft:pumpkin":1,"minecraft:torch":14,"farmersdelight:tomato_seeds":6,"minecraft:carrot":10,"naturalist:duck_egg":1,"naturalist:antler":2,"minecraft:stone_axe":3,"minecraft:beetroot_seeds":4,"farmersdelight:onion":21,"minecraft:hay_block":5,"minecraft:oak_sapling":16,"minecraft:blaze_rod":3,"irons_spellbooks:uncommon_ink":1,"minecraft:obsidian":5,"minecraft:cobblestone":23},"minecraft:crafted":{"naturalist:cooked_duck":3,"minecraft:oak_planks":24,"minecraft:crafting_table":1,"minecraft:wooden_pickaxe":1,"minecraft:furnace":1,"minecraft:stone_axe":3,"minecraft:air":0,"minecraft:stick":16,"minecraft:stone_pickaxe":1,"minecraft:torch":20},"minecraft:broken":{"minecraft:stone_axe":1},"minecraft:custom":{"minecraft:interact_with_furnace":4,"minecraft:mob_kills":25,"minecraft:interact_with_crafting_table":6,"minecraft:open_barrel":40,"minecraft:damage_dealt_resisted":278,"minecraft:leave_game":6,"minecraft:time_since_death":31981,"minecraft:climb_one_cm":170,"minecraft:time_since_rest":32054,"minecraft:sprint_one_cm":190425,"minecraft:damage_taken":731,"minecraft:walk_one_cm":147621,"minecraft:drop":40,"minecraft:damage_dealt":3845,"minecraft:swim_one_cm":12750,"minecraft:fly_one_cm":911393,"minecraft:open_chest":7,"minecraft:crouch_one_cm":1023,"minecraft:play_time":65350,"minecraft:deaths":4,"minecraft:sneak_time":430,"minecraft:walk_under_water_one_cm":2271,"minecraft:jump":1104,"minecraft:walk_on_water_one_cm":15933,"minecraft:total_world_time":65350,"minecraft:interact_with_smoker":1,"minecraft:fall_one_cm":27458},"minecraft:killed":{"grimoireofgaia:spriggan":1,"naturalist:zebra":1,"naturalist:tortoise":1,"naturalist:duck":6,"naturalist:deer":2,"minecraft:chicken":5,"grimoireofgaia:mandragora":4,"minecraft:cow":5},"minecraft:mined":{"biomesoplenty:orange_sand":3,"farmersdelight:wild_carrots":12,"minecraft:crafting_table":2,"biomesoplenty:bush":1,"minecraft:grass_block":6,"biomesoplenty:sprout":5,"farmersdelight:wild_tomatoes":6,"biomesoplenty:dune_grass":3,"minecraft:hay_block":7,"farmersdelight:wild_onions":20,"minecraft:furnace":1,"minecraft:wheat":2,"minecraft:moss_carpet":1,"minecraft:grass":3,"minecraft:bookshelf":1,"minecraft:oak_log":17,"minecraft:dirt":3,"minecraft:stone":23,"minecraft:oak_leaves":7},"minecraft:dropped":{"minecraft:moss_carpet":11,"minecraft:stone_axe":3,"naturalist:antler":1,"minecraft:wheat_seeds":1,"minecraft:iron_nugget":2,"minecraft:oak_log":64,"minecraft:glass_bottle":7,"minecraft:feather":12,"minecraft:cobblestone":3,"minecraft:stick":6,"minecraft:gunpowder":11,"irons_spellbooks:conjurers_talisman":1,"minecraft:allium":39,"naturalist:venison":2,"minecraft:beetroot_seeds":4,"grimoireofgaia:taproot":1,"minecraft:oak_sapling":7,"farmersdelight:onion":1,"minecraft:pumpkin":1,"irons_spellbooks:common_ink":1,"minecraft:wooden_pickaxe":2,"naturalist:cooked_duck":2,"minecraft:paper":3}},"DataVersion":3465}