{"stats":{"minecraft:killed":{"alexsmobs:lobster":2,"minecraft:spider":6,"minecraft:skeleton":19,"jitl:small_hongo":1,"jitl:stonewalker":1,"jitl:caveling":1,"minecraft:creeper":4,"minecraft:sheep":7,"minecraft:zombie":20,"tameablebeasts:giant_grasshopper":1,"alexsmobs:seagull":1,"minecraft:horse":5,"minecraft:drowned":2,"jitl:cavurn":1,"tameablebeasts:tameable_chikote":2,"minecraft:wandering_trader":1,"minecraft:squid":2,"tameablebeasts:giant_roly_poly":3,"alexsmobs:cockroach":1,"iceandfire:ghost":5,"jitl:boomboom":2},"minecraft:used":{"minecraft:beetroot":7,"minecraft:iron_shovel":47,"minecraft:ladder":6,"minecraft:chest":4,"minecraft:iron_sword":204,"minecraft:rotten_flesh":2,"jitl:lunium_sword":103,"jitl:loot_pouch":2,"wom:gesetz":13,"beachparty:palm_boat":2,"luphieclutteredmod:luphie_heart_garland":1,"minecraft:dark_oak_boat":4,"epicfight:skillbook":6,"minecraft:diorite":12,"minecraft:oak_planks":5,"minecraft:stone_pickaxe":107,"minecraft:wooden_pickaxe":12,"minecraft:sandstone":12,"minecraft:blue_bed":1,"minecraft:sand":39,"moa_decor_cookery:copadevino":1,"waystones:waystone":1,"minecraft:bread":10,"biomesoplenty:yellow_autumn_sapling":2,"beachparty:palm_log":20,"beachparty:seashell":3,"minecraft:oak_boat":1,"beachparty:coconut":120,"minecraft:netherrack":1,"minecraft:torch":169,"minecraft:dirt":9,"minecraft:granite":8,"minepop:minepop_ssj_goku":1,"beachparty:palm_planks":85,"beachparty:coconut_open":100,"breadcraft:rye_seeds":1,"beachparty:palm_sapling":39,"breadcraft:peanut":1,"minepop:randombox":4,"minecraft:golden_carrot":3,"biomesoplenty:violet":1,"iceandfire:pixie_house_spruce":1,"minecraft:crafting_table":4,"bakery:strawberry":11,"biomesoplenty:orange_autumn_sapling":1,"minecraft:apple":2,"minecraft:iron_pickaxe":388,"iceandfire:graveyard_soil":1,"minepop:minepop_ssj_gohan":1,"minecraft:stone_axe":468,"travelersbackpack:standard":1,"minecraft:cobblestone":57,"minecraft:purple_bed":2,"minecraft:cooked_porkchop":6,"alexsmobs:animal_dictionary":2},"minecraft:mined":{"minecraft:granite":48,"minecraft:budding_amethyst":1,"minecraft:grass_block":9,"iceandfire:pixie_house_oak":1,"minecraft:oxeye_daisy":5,"beachparty:seashell_block":5,"maidensmaterials:deepslate_amethyst_ore":2,"minecraft:iron_ore":37,"biomesoplenty:violet":4,"minecraft:deepslate_lapis_ore":6,"minecraft:azure_bluet":9,"iceandfire:pixie_house_spruce":2,"maidensmaterials:deepslate_chalcopyrite_ore":8,"maidensmaterials:deepslate_carnelian_ore":1,"minecraft:medium_amethyst_bud":7,"minecraft:amethyst_cluster":2,"minecraft:clay":1,"minecraft:torch":3,"minecraft:poppy":5,"iceandfire:fire_lily":1,"maidensmaterials:mica_ore":1,"minecraft:cobblestone":5,"minecraft:amethyst_block":1,"minecraft:skeleton_skull":1,"farmersdelight:sandy_shrub":7,"minecraft:mud":1,"minecraft:birch_log":7,"beachparty:palm_sapling":1,"maidensmaterials:labradorite_ore":1,"minepop:minepop_ssj_goku":1,"minecraft:lilac":17,"biomesoplenty:maple_leaves":7,"minecraft:light_gray_wool":1,"jitl:verdite_ore":1,"minecraft:wither_rose":1,"minecraft:grass":44,"beachparty:palm_log":354,"minecraft:oak_log":42,"minecraft:sand":124,"minecraft:dirt":5,"maidensmaterials:jade_ore":3,"maidensmaterials:aventurine_ore":1,"maidensmaterials:deepslate_rose_quartz_ore":1,"minecraft:netherrack":1,"minecraft:oak_leaves":2,"minecraft:deepslate":20,"biomesoplenty:orange_autumn_leaves":1,"minecraft:tuff":1,"iceandfire:silver_ore":5,"minecraft:deepslate_diamond_ore":7,"minepop:minepop_ssj_gohan":1,"maidensmaterials:moonstone_ore":2,"iceandfire:pixie_house_birch":1,"minecraft:dark_oak_log":18,"biomesoplenty:bush":3,"minecraft:allium":21,"iceandfire:deepslate_silver_ore":2,"minecraft:spruce_leaves":3,"maidensmaterials:deepslate_jade_ore":1,"butchersdelight:deadpigblock":5,"minecraft:sandstone":31,"biomesoplenty:dune_grass":1,"jitl:deepslate_lunium_ore":21,"biomesoplenty:toadstool":3,"jitl:deepslate_iridium_ore":2,"maidensmaterials:chalcopyrite_ore":2,"maidensmaterials:deepslate_mica_ore":1,"biomesoplenty:sea_oats":8,"biomesoplenty:high_grass":15,"minecraft:deepslate_iron_ore":21,"maidensmaterials:carnelian_ore":1,"arts_and_crafts:soapstone":13,"minecraft:stone":142,"jitl:deepslate_sapphire_ore":7,"minecraft:white_wool":9,"beachparty:palm_planks":2,"jitl:lunium_ore":2,"minecraft:dandelion":54,"minecraft:crafting_table":2,"minecraft:cornflower":5,"maidensmaterials:jasper_ore":1,"iceandfire:pixie_house_mushroom_brown":1,"bakery:wild_strawberries":15,"jitl:deepslate_shadium_ore":7,"biomesoplenty:high_grass_plant":20,"minecraft:tall_grass":2,"minecraft:copper_ore":2,"minecraft:lapis_ore":4,"minecraft:diorite":15,"minecraft:blue_bed":1,"maidensmaterials:deepslate_citrine_ore":5,"farmersdelight:wild_beetroots":39,"minecraft:purple_bed":2,"biomesoplenty:yellow_autumn_leaves":3,"maidensmaterials:deepslate_sodalite_ore":3,"minecraft:sweet_berry_bush":12,"minecraft:spruce_log":1,"iceandfire:pixie_house_mushroom_red":2,"maidensmaterials:deepslate_aventurine_ore":2,"luphieclutteredmod:luphie_heart_garland":1,"minecraft:coal_ore":8,"maidensmaterials:deepslate_labradorite_ore":5,"beachparty:coconut_block":3,"minecraft:sunflower":1,"minecraft:gravel":8,"minecraft:cobweb":2,"minecraft:cracked_stone_bricks":1,"minecraft:stone_bricks":10,"minecraft:fern":1},"minecraft:picked_up":{"breadcraft:garlic":2,"maidensmaterials:earthen_essence":1,"minecraft:lead":3,"jitl:cave_crystal":1,"biomesoplenty:orange_autumn_sapling":6,"biomesoplenty:violet":4,"arts_and_crafts:soapstone":13,"minecraft:wither_rose":1,"bakery:strawberry_seeds":1,"maidensmaterials:moonstone_chunk":2,"minecraft:amethyst_block":1,"maidensmaterials:jade_chunk":1,"minecraft:string":14,"minecraft:raw_copper":37,"biomesoplenty:yellow_autumn_sapling":3,"jitl:iridium_nugget":1,"iceandfire:sea_serpent_scales_bronze":4,"minecraft:beetroot":11,"beachparty:coconut_open":116,"minecraft:cobbled_deepslate":21,"minepop:minepop_ssj_gohan":1,"breadcraft:tomato_seeds":3,"minecraft:stick":39,"jitl:lunium_powder":23,"minecraft:torch":4,"epicfight:skillbook":2,"jitl:verdite_ore":1,"minecraft:diorite":14,"maidensmaterials:rose_quartz_chunk":1,"maidensmaterials:mica_chunk":2,"breadcraft:rye_seeds":1,"minecraft:rotten_flesh":19,"tameablebeasts:big_bird_meat":1,"minecraft:cobblestone":151,"minecraft:birch_log":10,"minecraft:leather_chestplate":1,"minecraft:feather":8,"minecraft:lilac":15,"minecraft:dark_oak_boat":1,"moa_decor_cookery:copadevino":1,"butchersdelight:deadpig":22,"beachparty:palm_log":381,"minecraft:flint":1,"jitl:sapphire":7,"minecraft:tuff":1,"butchersdelight:goat_fur":2,"minecraft:lapis_lazuli":60,"minecraft:dirt":41,"minecraft:bone":16,"minecraft:wheat_seeds":2,"jitl:hongoshroom":1,"biomesoplenty:toadstool":3,"maidensmaterials:citrine_chunk":1,"breadcraft:mustard_seeds":1,"iceandfire:pixie_house_birch":1,"breadcraft:hot_pepper_seeds":1,"butchersdelight:cow_hide":6,"minecraft:sand":125,"breadcraft:peanut":2,"minecraft:ink_sac":5,"maidensmaterials:carnelian_chunk":2,"minecraft:dark_oak_log":18,"minecraft:diamond":7,"waystones:waystone":2,"minecraft:granite":28,"butchersdelight:deadllama":2,"minecraft:oak_sapling":6,"minecraft:netherrack":1,"breadcraft:onion_seeds":1,"iceandfire:raw_silver":6,"minecraft:mud":1,"minecraft:crafting_table":2,"minecraft:allium":20,"minecraft:azure_bluet":8,"iceandfire:pixie_house_oak":1,"minecraft:clay_ball":4,"iceandfire:fire_lily":1,"maidensmaterials:sodalite_chunk":1,"beachparty:coconut":130,"minecraft:cornflower":4,"beachparty:seashell":6,"butchersdelight:dead_cow":6,"iceandfire:graveyard_soil":1,"minecraft:cracked_stone_bricks":1,"jitl:raw_shadium":7,"immersive_melodies:trumpet":1,"minecraft:poppy":5,"minecraft:light_gray_wool":2,"minecraft:raw_iron":58,"minecraft:sandstone":38,"minecraft:copper_ingot":1,"breadcraft:wild_greens_seeds":1,"beachparty:palm_planks":2,"maidensmaterials:jasper_chunk":1,"luphieclutteredmod:luphie_heart_garland":1,"minecraft:tnt":2,"butchersdelight:deadsheep":7,"minecraft:arrow":17,"maidensmaterials:labradorite_chunk":2,"minecraft:beetroot_seeds":39,"jitl:loot_pouch":2,"jitl:cave_dust":2,"breadcraft:basil_seeds":1,"minepop:minepop_ssj_goku":1,"minecraft:skeleton_skull":1,"minecraft:white_wool":13,"minecraft:oxeye_daisy":3,"iceandfire:sea_serpent_fang":4,"minecraft:glow_ink_sac":3,"minecraft:leather":6,"minecraft:filled_map":1,"alexsmobs:cachalot_whale_tooth":1,"minecraft:oak_log":42,"minecraft:gunpowder":6,"minecraft:blue_bed":1,"iceandfire:pixie_house_mushroom_red":2,"minecraft:apple":2,"minecraft:stone_bricks":9,"minecraft:kelp":4,"maidensmaterials:aventurine_chunk":3,"minecraft:iron_ingot":1,"bakery:strawberry":14,"tameablebeasts:roly_plaque":3,"tameablebeasts:leaf":3,"minecraft:sweet_berries":28,"beachparty:palm_sapling":47,"minecraft:dandelion":46,"minecraft:gravel":3,"minecraft:amethyst_shard":8,"minepop:randombox":4,"minecraft:spruce_sapling":1,"minecraft:spruce_log":1,"minecraft:spider_eye":1,"biomesoplenty:maple_sapling":3,"iceandfire:pixie_house_spruce":2,"minecraft:purple_bed":2,"minecraft:stone_axe":2,"maidensmaterials:chalcopyrite_chunk":5,"minecraft:gray_wool":2,"minecraft:coal":8,"minecraft:sunflower":1},"minecraft:killed_by":{"iceandfire:cyclops":2,"iceandfire:siren":1,"iceandfire:sea_serpent":1},"minecraft:dropped":{"minecraft:iron_sword":1,"iceandfire:raw_silver":1,"minecraft:glow_ink_sac":3,"maidensmaterials:rose_quartz_chunk":1,"bakery:strawberry":2,"immersive_melodies:lute":1,"beachparty:palm_log":124,"travelersbackpack:standard":1,"iceandfire:graveyard_soil":1,"minecraft:emerald":5,"minecraft:dirt":3,"minecraft:dark_oak_log":55,"beachparty:overgrown_disc":1,"minecraft:gold_nugget":8,"minecraft:sunflower":1,"minecraft:sand":5,"minecraft:iron_pickaxe":1,"minecraft:dark_oak_planks":6,"minecraft:fishing_rod":1,"minecraft:white_wool":1,"minecraft:bone":6,"minecraft:gravel":1,"biomesoplenty:toadstool":3,"minecraft:stone_axe":3,"minecraft:cobbled_deepslate":21,"maidensmaterials:mica_chunk":2,"biomesoplenty:yellow_autumn_sapling":1,"butchersdelight:deadsheep":4,"maidensmaterials:aventurine_chunk":3,"minecraft:beetroot":4,"beachparty:coconut":8,"minecraft:rotten_flesh":17,"maidensmaterials:jade_chunk":1,"minecraft:oak_planks":9,"iceandfire:fire_lily":1,"beachparty:rubber_ring_axolotl":1,"minecraft:poppy":1,"minecraft:leather_chestplate":1,"minecraft:beetroot_seeds":39,"maidensmaterials:earthen_essence":1,"minecraft:clock":1,"minecraft:tnt":2,"tameablebeasts:big_bird_meat":1,"biomesoplenty:maple_sapling":3,"minecraft:feather":8,"minecraft:cobblestone":48,"minecraft:lead":1,"maidensmaterials:sodalite_chunk":1,"minecraft:granite":20,"minecraft:copper_ingot":1,"minecraft:coal":9,"minecraft:stick":1,"biomesoplenty:violet":3,"minecraft:gray_wool":2,"minecraft:blue_dye":2,"minecraft:diorite":1,"minecraft:golden_carrot":3,"minecraft:ink_sac":2,"minecraft:torch":7,"tameablebeasts:roly_plaque":3,"beachparty:coconut_open":5,"minecraft:mud":1,"maidensmaterials:moonstone_chunk":2,"breadcraft:rye_seeds":1,"minecraft:string":1,"butchersdelight:deadpig":2,"maidensmaterials:citrine_chunk":1,"minecraft:spruce_sapling":1,"minecraft:dandelion":2,"jitl:verdite_ore":1,"maidensmaterials:jasper_chunk":1,"minecraft:kelp":4,"minecraft:sweet_berries":28,"beachparty:palm_sapling":5,"minecraft:tuff":1,"jitl:lunium_sword":1,"minecraft:light_gray_wool":1,"minecraft:clay_ball":4,"maidensmaterials:carnelian_chunk":2,"jitl:iridium_nugget":1,"minecraft:pumpkin_seeds":6,"minecraft:filled_map":4,"maidensmaterials:chalcopyrite_chunk":5,"beachparty:palm_planks":2,"maidensmaterials:labradorite_chunk":2,"wom:gesetz":1,"minecraft:oak_sapling":6,"minecraft:spider_eye":1,"minecraft:stone_bricks":5,"jellyfishing:jellyfish_jelly":3,"minecraft:sandstone":6,"minecraft:stone_pickaxe":2,"minecraft:wooden_pickaxe":1,"waystones:waystone":1,"jellyfishing:jellyfish_net":1,"epicfight:skillbook":1},"minecraft:crafted":{"jitl:lunium_ingot":16,"minecraft:oak_planks":32,"minecraft:dark_oak_boat":3,"beachparty:palm_boat":2,"minecraft:glass":32,"minecraft:chest":7,"travelersbackpack:iron_tier_upgrade":2,"minecraft:cooked_porkchop":6,"minecraft:crafting_table":2,"minecraft:spruce_planks":16,"travelersbackpack:standard":2,"minecraft:wooden_pickaxe":1,"immersive_melodies:lute":2,"minecraft:charcoal":25,"minecraft:stick":72,"minecraft:iron_ingot":4,"minecraft:iron_pickaxe":3,"jitl:lunium_sword":3,"iceandfire:tide_bronze_boots":1,"travelersbackpack:blank_upgrade":4,"travelersbackpack:white_sleeping_bag":2,"minecraft:ladder":6,"minecraft:stone_pickaxe":2,"minecraft:dark_oak_planks":60,"beachparty:palm_planks":156,"travelersbackpack:backpack_tank":6,"minecraft:iron_sword":1,"minecraft:stone_axe":2,"minecraft:air":0,"minecraft:blue_dye":2,"minecraft:oak_boat":1,"minecraft:iron_shovel":1,"minecraft:torch":236},"minecraft:broken":{"minecraft:stone_axe":3,"minecraft:iron_pickaxe":1},"minecraft:custom":{"minecraft:interact_with_crafting_table":40,"minecraft:leave_game":10,"minecraft:time_since_death":46114,"minecraft:sprint_one_cm":1289438,"minecraft:damage_blocked_by_shield":750,"minecraft:drop":151,"minecraft:talked_to_villager":17,"minecraft:play_time":312624,"minecraft:deaths":4,"minecraft:jump":5059,"minecraft:walk_on_water_one_cm":121799,"minecraft:interact_with_furnace":41,"minecraft:interact_with_loom":1,"minecraft:sleep_in_bed":5,"minecraft:waystone_activated":1,"minecraft:damage_dealt":21358,"minecraft:crouch_one_cm":70716,"minecraft:interact_with_smoker":2,"minecraft:mob_kills":91,"minecraft:climb_one_cm":40253,"minecraft:walk_one_cm":1472798,"minecraft:sneak_time":10524,"minecraft:walk_under_water_one_cm":110390,"minecraft:boat_one_cm":812989,"minecraft:total_world_time":312624,"minecraft:time_since_rest":46143,"minecraft:damage_taken":4126,"minecraft:trigger_trapped_chest":6,"minecraft:swim_one_cm":426312,"minecraft:fly_one_cm":1838506,"minecraft:open_chest":117,"minecraft:fall_one_cm":134269}},"DataVersion":3465}