{"stats":{"minecraft:killed":{"alexsmobs:lobster":2,"minecraft:spider":1,"alexsmobs:seagull":1,"minecraft:skeleton":1,"minecraft:drowned":2,"minecraft:wandering_trader":1},"minecraft:used":{"minecraft:beetroot":7,"beachparty:coconut":52,"minecraft:ladder":6,"minecraft:chest":2,"minecraft:iron_sword":20,"minecraft:rotten_flesh":2,"minecraft:netherrack":1,"minecraft:dirt":9,"minecraft:granite":6,"jitl:loot_pouch":1,"beachparty:coconut_open":13,"wom:gesetz":4,"breadcraft:rye_seeds":1,"beachparty:palm_boat":1,"breadcraft:peanut":1,"beachparty:palm_sapling":21,"minecraft:golden_carrot":2,"minecraft:dark_oak_boat":2,"biomesoplenty:violet":1,"epicfight:skillbook":1,"minecraft:stone_pickaxe":95,"minecraft:oak_planks":5,"minecraft:wooden_pickaxe":12,"minecraft:sandstone":12,"minecraft:blue_bed":1,"minecraft:sand":39,"minecraft:crafting_table":3,"bakery:strawberry":7,"biomesoplenty:orange_autumn_sapling":1,"minecraft:apple":2,"minecraft:bread":10,"minecraft:iron_pickaxe":13,"biomesoplenty:yellow_autumn_sapling":2,"beachparty:seashell":1,"minecraft:stone_axe":263,"minecraft:purple_bed":2,"minecraft:cobblestone":20,"minecraft:oak_boat":1,"alexsmobs:animal_dictionary":2},"minecraft:picked_up":{"minecraft:crafting_table":2,"maidensmaterials:earthen_essence":1,"minecraft:lead":3,"biomesoplenty:orange_autumn_sapling":6,"biomesoplenty:violet":4,"bakery:strawberry_seeds":1,"beachparty:coconut":62,"minecraft:string":7,"biomesoplenty:yellow_autumn_sapling":3,"beachparty:seashell":3,"minecraft:beetroot":7,"iceandfire:sea_serpent_scales_bronze":4,"beachparty:coconut_open":48,"minecraft:poppy":1,"minecraft:stick":28,"minecraft:sandstone":37,"minecraft:copper_ingot":1,"breadcraft:wild_greens_seeds":1,"breadcraft:rye_seeds":1,"minecraft:rotten_flesh":4,"minecraft:beetroot_seeds":30,"jitl:loot_pouch":1,"minecraft:cobblestone":50,"minecraft:birch_log":10,"minecraft:leather_chestplate":1,"iceandfire:sea_serpent_fang":4,"minecraft:filled_map":1,"beachparty:palm_log":161,"butchersdelight:deadpig":7,"minecraft:oak_log":42,"minecraft:blue_bed":1,"minecraft:dirt":12,"minecraft:apple":2,"minecraft:kelp":4,"biomesoplenty:toadstool":3,"bakery:strawberry":8,"minecraft:sweet_berries":28,"beachparty:palm_sapling":24,"minecraft:dandelion":2,"minecraft:gravel":1,"minecraft:sand":50,"breadcraft:peanut":1,"minecraft:spruce_sapling":1,"minecraft:ink_sac":2,"minecraft:spruce_log":1,"minecraft:dark_oak_log":18,"minecraft:spider_eye":1,"biomesoplenty:maple_sapling":3,"minecraft:purple_bed":2,"minecraft:stone_axe":1,"maidensmaterials:chalcopyrite_chunk":1,"minecraft:granite":6,"butchersdelight:deadllama":2,"minecraft:oak_sapling":6,"minecraft:netherrack":1,"iceandfire:raw_silver":4,"minecraft:sunflower":1},"minecraft:mined":{"biomesoplenty:orange_autumn_leaves":1,"iceandfire:silver_ore":4,"minecraft:dark_oak_log":18,"minecraft:granite":26,"minecraft:grass_block":7,"minecraft:spruce_leaves":3,"butchersdelight:deadpigblock":5,"minecraft:sandstone":30,"beachparty:seashell_block":3,"biomesoplenty:toadstool":3,"maidensmaterials:chalcopyrite_ore":1,"biomesoplenty:violet":4,"minecraft:stone":48,"minecraft:dandelion":2,"minecraft:crafting_table":2,"bakery:wild_strawberries":9,"minecraft:poppy":1,"minecraft:blue_bed":1,"farmersdelight:wild_beetroots":30,"minecraft:purple_bed":2,"farmersdelight:sandy_shrub":5,"biomesoplenty:yellow_autumn_leaves":3,"minecraft:birch_log":7,"minecraft:sweet_berry_bush":12,"beachparty:palm_sapling":1,"minecraft:spruce_log":1,"biomesoplenty:maple_leaves":7,"minecraft:grass":8,"beachparty:palm_log":163,"minecraft:oak_log":42,"beachparty:coconut_block":3,"minecraft:sunflower":1,"minecraft:gravel":3,"minecraft:sand":48,"minecraft:dirt":3,"maidensmaterials:jade_ore":2,"minecraft:netherrack":1},"minecraft:killed_by":{"iceandfire:siren":1,"iceandfire:sea_serpent":1},"minecraft:crafted":{"minecraft:oak_planks":32,"minecraft:dark_oak_boat":2,"iceandfire:tide_bronze_boots":1,"beachparty:palm_boat":1,"minecraft:ladder":6,"minecraft:stone_pickaxe":2,"minecraft:chest":2,"minecraft:dark_oak_planks":32,"beachparty:palm_planks":16,"minecraft:crafting_table":1,"minecraft:spruce_planks":16,"minecraft:wooden_pickaxe":1,"minecraft:iron_sword":1,"immersive_melodies:lute":2,"minecraft:stone_axe":2,"minecraft:oak_boat":1,"minecraft:stick":44,"minecraft:iron_ingot":1,"minecraft:iron_pickaxe":2},"minecraft:dropped":{"minecraft:iron_sword":1,"minecraft:clock":1,"biomesoplenty:maple_sapling":3,"minecraft:cobblestone":3,"immersive_melodies:lute":1,"minecraft:emerald":5,"minecraft:dirt":2,"beachparty:overgrown_disc":1,"minecraft:golden_carrot":3,"minecraft:sunflower":1,"minecraft:sand":5,"beachparty:coconut_open":5,"minecraft:iron_pickaxe":1,"breadcraft:rye_seeds":1,"butchersdelight:deadpig":1,"minecraft:spruce_sapling":1,"minecraft:gravel":1,"biomesoplenty:toadstool":3,"minecraft:stone_axe":2,"minecraft:kelp":4,"minecraft:sweet_berries":28,"biomesoplenty:yellow_autumn_sapling":1,"beachparty:coconut":8,"minecraft:rotten_flesh":1,"minecraft:oak_planks":9,"minecraft:pumpkin_seeds":6,"minecraft:filled_map":3,"beachparty:rubber_ring_axolotl":1,"minecraft:poppy":1,"minecraft:leather_chestplate":1,"maidensmaterials:chalcopyrite_chunk":1,"minecraft:beetroot_seeds":30,"maidensmaterials:earthen_essence":1,"wom:gesetz":1,"minecraft:oak_sapling":6,"minecraft:sandstone":6,"minecraft:wooden_pickaxe":1,"minecraft:stone_pickaxe":1,"jellyfishing:jellyfish_net":1},"minecraft:broken":{"minecraft:stone_axe":1},"minecraft:custom":{"minecraft:mob_kills":8,"minecraft:interact_with_crafting_table":16,"minecraft:leave_game":5,"minecraft:time_since_death":20681,"minecraft:climb_one_cm":11431,"minecraft:sprint_one_cm":380019,"minecraft:walk_one_cm":750318,"minecraft:damage_blocked_by_shield":325,"minecraft:drop":59,"minecraft:talked_to_villager":3,"minecraft:play_time":139407,"minecraft:deaths":2,"minecraft:sneak_time":4779,"minecraft:walk_under_water_one_cm":63600,"minecraft:boat_one_cm":400394,"minecraft:jump":1682,"minecraft:walk_on_water_one_cm":58780,"minecraft:total_world_time":139407,"minecraft:sleep_in_bed":4,"minecraft:time_since_rest":20710,"minecraft:damage_taken":1250,"minecraft:damage_dealt":2296,"minecraft:swim_one_cm":266218,"minecraft:fly_one_cm":576538,"minecraft:open_chest":36,"minecraft:crouch_one_cm":36432,"minecraft:fall_one_cm":39672}},"DataVersion":3465}