{"stats":{"minecraft:killed":{"alexsmobs:lobster":2,"minecraft:spider":1,"alexsmobs:seagull":1,"minecraft:skeleton":1,"minecraft:drowned":2,"minecraft:wandering_trader":1,"minecraft:sheep":4,"minecraft:zombie":2},"minecraft:used":{"minecraft:beetroot":7,"beachparty:coconut":52,"minecraft:ladder":6,"minecraft:chest":2,"minecraft:iron_sword":41,"minecraft:rotten_flesh":2,"minecraft:netherrack":1,"minecraft:torch":18,"minecraft:dirt":9,"minecraft:granite":6,"jitl:loot_pouch":1,"beachparty:coconut_open":19,"wom:gesetz":4,"breadcraft:rye_seeds":1,"beachparty:palm_boat":1,"breadcraft:peanut":1,"beachparty:palm_sapling":21,"minecraft:golden_carrot":2,"minecraft:dark_oak_boat":2,"biomesoplenty:violet":1,"epicfight:skillbook":1,"minecraft:stone_pickaxe":95,"minecraft:oak_planks":5,"minecraft:wooden_pickaxe":12,"minecraft:sandstone":12,"minecraft:blue_bed":1,"minecraft:sand":39,"minecraft:crafting_table":3,"bakery:strawberry":8,"biomesoplenty:orange_autumn_sapling":1,"minecraft:apple":2,"minecraft:bread":10,"minecraft:iron_pickaxe":71,"biomesoplenty:yellow_autumn_sapling":2,"beachparty:seashell":1,"minecraft:stone_axe":325,"minecraft:purple_bed":2,"minecraft:cobblestone":20,"minecraft:oak_boat":1,"alexsmobs:animal_dictionary":2},"minecraft:picked_up":{"minecraft:crafting_table":2,"minecraft:clay_ball":4,"maidensmaterials:earthen_essence":1,"minecraft:lead":3,"biomesoplenty:orange_autumn_sapling":6,"biomesoplenty:violet":4,"bakery:strawberry_seeds":1,"maidensmaterials:moonstone_chunk":1,"beachparty:coconut":82,"minecraft:string":7,"biomesoplenty:yellow_autumn_sapling":3,"beachparty:seashell":3,"minecraft:beetroot":9,"iceandfire:sea_serpent_scales_bronze":4,"beachparty:coconut_open":48,"minecraft:poppy":1,"minecraft:light_gray_wool":1,"minecraft:raw_iron":33,"minecraft:stick":29,"minecraft:sandstone":37,"minecraft:copper_ingot":1,"minecraft:torch":2,"breadcraft:wild_greens_seeds":1,"jitl:verdite_ore":1,"maidensmaterials:jasper_chunk":1,"maidensmaterials:mica_chunk":1,"breadcraft:rye_seeds":1,"maidensmaterials:labradorite_chunk":1,"butchersdelight:deadsheep":4,"minecraft:rotten_flesh":7,"minecraft:beetroot_seeds":39,"jitl:loot_pouch":1,"minecraft:white_wool":1,"minecraft:cobblestone":55,"minecraft:birch_log":10,"minecraft:leather_chestplate":1,"iceandfire:sea_serpent_fang":4,"minecraft:filled_map":1,"beachparty:palm_log":195,"butchersdelight:deadpig":8,"minecraft:oak_log":42,"minecraft:lapis_lazuli":20,"minecraft:blue_bed":1,"minecraft:dirt":13,"minecraft:apple":2,"minecraft:kelp":4,"maidensmaterials:aventurine_chunk":2,"biomesoplenty:toadstool":3,"bakery:strawberry":14,"minecraft:sweet_berries":28,"beachparty:palm_sapling":27,"minecraft:dandelion":2,"minecraft:gravel":1,"minecraft:sand":50,"breadcraft:peanut":1,"minecraft:spruce_sapling":1,"minecraft:ink_sac":2,"minecraft:spruce_log":1,"minecraft:dark_oak_log":18,"minecraft:spider_eye":1,"biomesoplenty:maple_sapling":3,"minecraft:purple_bed":2,"minecraft:stone_axe":1,"maidensmaterials:chalcopyrite_chunk":1,"minecraft:granite":6,"minecraft:gray_wool":2,"butchersdelight:deadllama":2,"minecraft:oak_sapling":6,"minecraft:netherrack":1,"minecraft:coal":7,"iceandfire:raw_silver":5,"minecraft:sunflower":1},"minecraft:mined":{"biomesoplenty:orange_autumn_leaves":1,"iceandfire:silver_ore":5,"maidensmaterials:moonstone_ore":1,"minecraft:dark_oak_log":18,"minecraft:granite":26,"minecraft:grass_block":7,"minecraft:spruce_leaves":3,"butchersdelight:deadpigblock":5,"minecraft:sandstone":30,"beachparty:seashell_block":3,"biomesoplenty:toadstool":3,"maidensmaterials:chalcopyrite_ore":2,"minecraft:iron_ore":33,"biomesoplenty:violet":4,"minecraft:stone":52,"minecraft:dandelion":2,"minecraft:clay":1,"minecraft:crafting_table":2,"minecraft:torch":2,"maidensmaterials:jasper_ore":1,"bakery:wild_strawberries":15,"minecraft:poppy":1,"maidensmaterials:mica_ore":1,"minecraft:lapis_ore":4,"minecraft:blue_bed":1,"farmersdelight:wild_beetroots":39,"minecraft:purple_bed":2,"farmersdelight:sandy_shrub":7,"maidensmaterials:labradorite_ore":1,"biomesoplenty:yellow_autumn_leaves":3,"minecraft:birch_log":7,"minecraft:sweet_berry_bush":12,"beachparty:palm_sapling":1,"jitl:verdite_ore":1,"minecraft:spruce_log":1,"biomesoplenty:maple_leaves":7,"minecraft:grass":9,"beachparty:palm_log":222,"minecraft:coal_ore":7,"minecraft:oak_log":42,"beachparty:coconut_block":3,"minecraft:sunflower":1,"minecraft:gravel":3,"minecraft:sand":48,"minecraft:dirt":4,"maidensmaterials:aventurine_ore":1,"maidensmaterials:jade_ore":2,"minecraft:netherrack":1},"minecraft:killed_by":{"iceandfire:siren":1,"iceandfire:sea_serpent":1},"minecraft:crafted":{"minecraft:oak_planks":32,"minecraft:dark_oak_boat":2,"iceandfire:tide_bronze_boots":1,"beachparty:palm_boat":1,"minecraft:ladder":6,"minecraft:stone_pickaxe":2,"minecraft:chest":2,"minecraft:dark_oak_planks":32,"beachparty:palm_planks":16,"minecraft:crafting_table":1,"minecraft:spruce_planks":16,"minecraft:wooden_pickaxe":1,"minecraft:iron_sword":1,"immersive_melodies:lute":2,"minecraft:stone_axe":2,"minecraft:oak_boat":1,"minecraft:stick":44,"minecraft:iron_ingot":1,"minecraft:iron_pickaxe":2,"minecraft:torch":64},"minecraft:dropped":{"minecraft:iron_sword":1,"minecraft:clock":1,"biomesoplenty:maple_sapling":3,"minecraft:cobblestone":3,"immersive_melodies:lute":1,"biomesoplenty:violet":3,"minecraft:emerald":5,"minecraft:dirt":2,"minecraft:gray_wool":2,"beachparty:overgrown_disc":1,"minecraft:golden_carrot":3,"minecraft:ink_sac":2,"minecraft:gold_nugget":8,"minecraft:sunflower":1,"minecraft:sand":5,"beachparty:coconut_open":5,"minecraft:iron_pickaxe":1,"maidensmaterials:moonstone_chunk":1,"breadcraft:rye_seeds":1,"butchersdelight:deadpig":1,"minecraft:fishing_rod":1,"minecraft:white_wool":1,"minecraft:spruce_sapling":1,"minecraft:dandelion":2,"minecraft:gravel":1,"biomesoplenty:toadstool":3,"maidensmaterials:jasper_chunk":1,"minecraft:stone_axe":2,"minecraft:kelp":4,"minecraft:sweet_berries":28,"beachparty:palm_sapling":3,"maidensmaterials:mica_chunk":1,"biomesoplenty:yellow_autumn_sapling":1,"maidensmaterials:aventurine_chunk":2,"beachparty:coconut":8,"minecraft:rotten_flesh":1,"minecraft:light_gray_wool":1,"minecraft:clay_ball":4,"minecraft:oak_planks":9,"minecraft:pumpkin_seeds":6,"minecraft:filled_map":3,"beachparty:rubber_ring_axolotl":1,"minecraft:poppy":1,"minecraft:leather_chestplate":1,"maidensmaterials:chalcopyrite_chunk":1,"maidensmaterials:labradorite_chunk":1,"minecraft:beetroot_seeds":30,"maidensmaterials:earthen_essence":1,"wom:gesetz":1,"minecraft:oak_sapling":6,"minecraft:spider_eye":1,"minecraft:sandstone":6,"minecraft:wooden_pickaxe":1,"minecraft:stone_pickaxe":1,"jellyfishing:jellyfish_net":1},"minecraft:broken":{"minecraft:stone_axe":2},"minecraft:custom":{"minecraft:mob_kills":15,"minecraft:interact_with_crafting_table":16,"minecraft:leave_game":6,"minecraft:time_since_death":32762,"minecraft:climb_one_cm":11431,"minecraft:sprint_one_cm":467615,"minecraft:walk_one_cm":807879,"minecraft:damage_blocked_by_shield":325,"minecraft:drop":79,"minecraft:talked_to_villager":3,"minecraft:play_time":151488,"minecraft:deaths":2,"minecraft:sneak_time":5249,"minecraft:walk_under_water_one_cm":64365,"minecraft:boat_one_cm":400394,"minecraft:jump":2148,"minecraft:walk_on_water_one_cm":65247,"minecraft:total_world_time":151488,"minecraft:sleep_in_bed":4,"minecraft:time_since_rest":32791,"minecraft:damage_taken":1324,"minecraft:damage_dealt":3310,"minecraft:swim_one_cm":279859,"minecraft:fly_one_cm":780358,"minecraft:open_chest":36,"minecraft:crouch_one_cm":39727,"minecraft:fall_one_cm":53377}},"DataVersion":3465}