{"stats":{"minecraft:broken":{"minecraft:iron_shovel":4,"minecraft:stone_pickaxe":3,"aether:iron_gloves":1,"minecraft:iron_pickaxe":3},"minecraft:custom":{"minecraft:interact_with_crafting_table":122,"minecraft:open_barrel":40,"minecraft:eat_cake_slice":7,"minecraft:leave_game":1,"minecraft:time_since_death":16359,"minecraft:sprint_one_cm":658230,"minecraft:drop":206,"minecraft:talked_to_villager":8,"minecraft:play_time":477600,"minecraft:deaths":26,"minecraft:jump":5492,"minecraft:walk_on_water_one_cm":26190,"minecraft:interact_with_furnace":137,"minecraft:traded_with_villager":8,"minecraft:sleep_in_bed":11,"minecraft:waystone_activated":2,"minecraft:damage_dealt":26558,"minecraft:crouch_one_cm":42487,"minecraft:interact_with_smoker":3,"minecraft:interact_with_smithing_table":13,"minecraft:interact_with_anvil":1,"minecraft:mob_kills":121,"minecraft:climb_one_cm":10184,"minecraft:walk_one_cm":1015530,"minecraft:sneak_time":15999,"minecraft:walk_under_water_one_cm":13130,"minecraft:interact_with_lectern":1,"minecraft:interact_with_blast_furnace":2,"minecraft:total_world_time":477600,"minecraft:interact_with_stonecutter":4,"minecraft:interact_with_grindstone":1,"minecraft:time_since_rest":16450,"minecraft:damage_absorbed":40,"minecraft:damage_taken":12666,"minecraft:swim_one_cm":63526,"minecraft:fly_one_cm":881302,"minecraft:open_chest":460,"minecraft:fall_one_cm":176902},"minecraft:mined":{"minecraft:waxed_cut_copper_slab":1,"minecraft:large_amethyst_bud":1,"create:deepslate_zinc_ore":5,"minecraft:spruce_planks":3,"warriorsofpastepoch:cistus":1,"minecraft:cobbled_deepslate_stairs":22,"minecraft:light_blue_concrete":1,"minecraft:sculk_vein":6,"minecraft:cobblestone_stairs":1,"minecraft:orange_stained_glass":2,"bamboo:gazanite_flower":1,"minecraft:granite":1,"minecraft:stone_brick_wall":2,"minecraft:mangrove_door":2,"minecraft:grass_block":241,"minecraft:yellow_carpet":1,"minecraft:oxeye_daisy":2,"minecraft:spawner":2,"ironchest:crystal_chest":1,"minecraft:sculk_catalyst":1,"minecraft:dark_oak_trapdoor":1,"minecraft:iron_ore":76,"minecraft:barrel":2,"minecraft:cobbled_deepslate":88,"minecraft:anvil":1,"minecraft:pointed_dripstone":3,"minecraft:cave_vines":1,"minecraft:dirt_path":1,"amendments:wall_lantern":2,"minecraft:small_amethyst_bud":1,"biomesoplenty:webbing":15,"minecraft:stripped_mangrove_wood":3,"minecraft:blue_orchid":12,"minecraft:player_head":1,"create:limestone":44,"minecraft:deepslate_redstone_ore":3,"minecraft:red_bed":3,"irons_spellbooks:alchemist_cauldron":1,"minecraft:medium_amethyst_bud":1,"minecraft:amethyst_cluster":3,"minecraft:soul_lantern":2,"minecraft:clay":33,"minecraft:torch":8,"minecraft:blast_furnace":2,"minecraft:mossy_cobblestone_wall":1,"minecraft:poppy":7,"minecraft:calcite":2,"minecraft:chest":1,"minecraft:white_stained_glass_pane":2,"minecraft:cobblestone":15,"minecraft:sugar_cane":7,"minecraft:bricks":1,"minecraft:wall_torch":30,"minecraft:amethyst_block":1,"minecraft:deepslate_copper_ore":2,"minecraft:chain":4,"minecraft:birch_log":10,"minecraft:lapis_block":1,"ironchest:diamond_chest":1,"biomesoplenty:fir_log":3,"minecraft:grass":28,"minecraft:oak_log":5,"minecraft:dirt":495,"minecraft:sand":525,"create:crimsite":6,"minecraft:oak_leaves":8,"minecraft:deepslate":745,"minecraft:emerald_block":1,"minecraft:diamond_ore":2,"minecraft:tuff":14,"minecraft:mossy_cobblestone":6,"minecraft:deepslate_diamond_ore":7,"minecraft:candle":1,"minecraft:red_stained_glass":2,"minecraft:dark_oak_log":1,"minecraft:cyan_stained_glass":2,"minecraft:ladder":1,"minecraft:decorated_pot":2,"travelersbackpack:white_sleeping_bag":2,"minecraft:spruce_leaves":5,"minecraft:white_concrete_powder":1,"minecraft:hay_block":3,"minecraft:large_fern":1,"farmersdelight:wild_onions":2,"minecraft:furnace":5,"minecraft:diamond_block":1,"minecraft:gold_block":1,"minecraft:bookshelf":1,"bamboo:wooled_log":3,"minecraft:deepslate_iron_ore":34,"minecraft:cobblestone_slab":1,"minecraft:packed_ice":1,"minecraft:bamboo":1,"irons_spellbooks:inscription_table":1,"biomesoplenty:barley":1,"irons_spellbooks:firefly_jar":1,"minecraft:stone":415,"biomesoplenty:spider_egg":1,"minecraft:magenta_stained_glass":2,"travelersbackpack:standard":11,"minecraft:smooth_sandstone":8,"minecraft:crafting_table":7,"minecraft:cornflower":18,"minecraft:emerald_ore":1,"minecraft:rose_bush":2,"minecraft:stone_slab":1,"minecraft:copper_ore":21,"minecraft:tall_grass":6,"minecraft:deepslate_coal_ore":16,"minecraft:deepslate_gold_ore":14,"minecraft:lily_pad":1,"minecraft:sculk":38,"supplementaries:urn":19,"minecraft:prismarine_bricks":1,"minecraft:spruce_stairs":1,"minecraft:gray_wool":5,"minecraft:black_stained_glass":2,"minecraft:beehive":1,"minecraft:spruce_log":2,"minecraft:birch_leaves":1,"minecraft:coal_ore":106,"biomesoplenty:fir_leaves":1,"minecraft:gravel":25,"minecraft:dripstone_block":11,"minecraft:cobweb":5,"minecraft:stone_bricks":9,"minecraft:mossy_stone_bricks":3,"minecraft:fern":6,"minecraft:dark_oak_planks":5},"minecraft:picked_up":{"minecraft:wheat":18,"minecraft:light_blue_concrete":2,"minecraft:anvil":2,"minecraft:lead":4,"aether:iron_gloves":5,"minecraft:potion":3,"minecraft:lapis_block":1,"minecraft:string":13,"minecraft:raw_copper":86,"create:limestone":44,"minecraft:explorer_pottery_sherd":1,"minecraft:experience_bottle":10,"irons_spellbooks:arcane_essence":7,"minecraft:gold_nugget":26,"minecraft:cobbled_deepslate":862,"biomesoplenty:fir_planks":4,"minecraft:spruce_planks":3,"ageofweapons:caveman_spear":2,"minecraft:rose_bush":6,"minecraft:cobblestone_slab":1,"minecraft:calcite":4,"minecraft:iron_pickaxe":13,"irons_spellbooks:inscription_table":1,"naturalist:cooked_duck":2,"minecraft:furnace":7,"minecraft:beehive":1,"minecraft:stick":58,"ironchest:crystal_chest":1,"minecraft:torch":193,"minecraft:spruce_stairs":2,"minecraft:golden_axe":1,"minecraft:pointed_dripstone":3,"ironchest:diamond_chest":1,"minecraft:stone_sword":4,"minecraft:rotten_flesh":29,"farmersdelight:onion":6,"supplementaries:antique_ink":3,"supplementaries:ash":25,"minecraft:mangrove_door":4,"minecraft:cod":1,"minecraft:cobblestone":522,"minecraft:birch_log":10,"minecraft:pink_petals":12,"minecraft:feather":1,"minecraft:cooked_beef":27,"biomesoplenty:fir_log":203,"alexscaves:cave_book":1,"minecraft:flint":2,"minecraft:tuff":12,"create:raw_zinc":4,"minecraft:prismarine_bricks":2,"supplementaries:flax_seeds":10,"minecraft:lapis_lazuli":3,"minecraft:dirt":1337,"minecraft:lantern":2,"minecraft:leather_boots":1,"minecraft:glass":48,"minecraft:bone":29,"ageofweapons:compound_bow":3,"minecraft:bow":7,"minecraft:wheat_seeds":12,"minecraft:raw_gold":22,"minecraft:rabbit":2,"minecraft:bamboo":11,"minecraft:oak_planks":2,"minecraft:sand":518,"minecraft:diamond_block":1,"minecraft:dark_oak_log":1,"minecraft:barrel":2,"naturalist:duck_egg":1,"minecraft:mossy_cobblestone":4,"irons_spellbooks:evasion_elixir":1,"travelersbackpack:white_sleeping_bag":2,"create:crimsite":6,"minecraft:yellow_carpet":1,"minecraft:diamond":22,"minecraft:soul_lantern":4,"minecraft:granite":1,"minecraft:golden_apple":1,"minecraft:chainmail_helmet":5,"minecraft:emerald":5,"bamboo:wooled_log":5,"minecraft:bread":184,"minecraft:bricks":1,"minecraft:charcoal":1,"minecraft:shelter_pottery_sherd":1,"minecraft:crafting_table":7,"minecraft:allium":12,"minecraft:chicken":1,"grimoireofgaia:soulfire":6,"minecraft:ladder":3,"minecraft:clay_ball":128,"irons_spellbooks:tarnished_helmet":1,"minecraft:cooked_rabbit":3,"biomesoplenty:jacaranda_sapling":1,"minecraft:chain":4,"minecraft:brick":3,"minecraft:cornflower":36,"minecraft:red_bed":3,"warriorsofpastepoch:cistus":37,"minecraft:iron_axe":9,"tww:masters_broomstickitem":34,"minecraft:iron_shovel":5,"minecraft:blue_orchid":9,"minecraft:candle":1,"minecraft:mossy_cobblestone_wall":3,"minecraft:beef":42,"minecraft:iron_nugget":14,"minecraft:poppy":22,"minecraft:sugar_cane":23,"minecraft:chest":1,"minecraft:dark_oak_sapling":8,"minecraft:raw_iron":136,"minecraft:stripped_mangrove_wood":8,"naturalist:duck":1,"minecraft:bowl":1,"minecraft:fire_charge":3,"minecraft:cake":4,"minecraft:carrot":43,"minecraft:redstone":13,"irons_spellbooks:alchemist_cauldron":1,"minecraft:dark_oak_planks":3,"minecraft:howl_pottery_sherd":1,"minecraft:arrow":168,"minecraft:pumpkin_pie":12,"minecraft:golden_hoe":1,"luckys_armory:bone_armor_helmet":3,"minecraft:diamond_boots":3,"minecraft:hay_block":3,"minecraft:glistering_melon_slice":3,"minecraft:gold_ingot":7,"minecraft:mutton":12,"minecraft:white_wool":11,"minecraft:oxeye_daisy":27,"minecraft:burn_pottery_sherd":1,"minecraft:leather":41,"minecraft:red_mushroom":1,"minecraft:birch_planks":4,"minecraft:oak_log":5,"minecraft:lily_pad":1,"minecraft:yellow_bed":1,"minecraft:cobbled_deepslate_stairs":95,"minecraft:gunpowder":3,"minecraft:cobblestone_stairs":1,"ageofweapons:machete_iron":6,"minecraft:paper":3,"irons_spellbooks:common_ink":1,"minecraft:smooth_sandstone":7,"minecraft:stone_bricks":11,"minecraft:apple":18,"minecraft:gray_carpet":2,"minecraft:rabbit_hide":15,"minecraft:iron_ingot":17,"minecraft:stone_pickaxe":1,"minecraft:cooked_chicken":2,"minecraft:cobweb":7,"minecraft:arms_up_pottery_sherd":1,"minecraft:iron_sword":9,"minecraft:book":9,"minecraft:emerald_block":1,"waystones:mossy_waystone":1,"minecraft:dripstone_block":11,"minecraft:gravel":23,"minecraft:amethyst_shard":12,"minecraft:blast_furnace":3,"minecraft:spruce_log":4,"minecraft:spider_eye":2,"travelersbackpack:standard":11,"minecraft:slime_ball":3,"minecraft:white_concrete_powder":2,"minecraft:stone_axe":2,"minecraft:iron_helmet":1,"minecraft:gray_wool":10,"minecraft:black_wool":2,"minecraft:coal":188},"minecraft:killed_by":{"grimoireofgaia:bone_knight":3,"grimoireofgaia:harpy":1,"grimoireofgaia:dwarf":2,"tww:necromancer":1,"minecraft:husk":1,"minecraft:spider":1,"grimoireofgaia:flesh_lich":2,"grimoireofgaia:siren":3,"irons_spellbooks:necromancer":2,"minecraft:skeleton":2,"irons_spellbooks:apothecarist":1,"irons_spellbooks:archevoker":1,"grimoireofgaia:naga":1},"minecraft:killed":{"tww:masters_broomstick":30,"minecraft:cave_spider":1,"minecraft:spider":1,"minecraft:skeleton":6,"minecraft:chicken":1,"irons_spellbooks:summoned_skeleton":2,"grimoireofgaia:flesh_lich":1,"grimoireofgaia:bone_knight":2,"irons_spellbooks:necromancer":2,"minecraft:creeper":2,"minecraft:sheep":12,"minecraft:trader_llama":2,"minecraft:zombie":6,"grimoireofgaia:siren":2,"minecraft:cow":21,"irons_spellbooks:summoned_zombie":4,"minecraft:vindicator":1,"naturalist:tortoise":3,"naturalist:duck":1,"grimoireofgaia:creep":1,"grimoireofgaia:dwarf":1,"grimoireofgaia:dullahan":3,"minecraft:husk":11,"minecraft:rabbit":2,"minecraft:wandering_trader":1},"minecraft:used":{"minecraft:iron_shovel":1301,"minecraft:chest":3,"minecraft:iron_sword":269,"minecraft:stone":4,"minecraft:carrot":16,"bamboo:wooled_log":1,"minecraft:tuff":2,"minecraft:beehive":1,"minecraft:iron_helmet":1,"minecraft:stone_bricks":1,"minecraft:bow":61,"minecraft:furnace":6,"minecraft:diamond_boots":2,"minecraft:oak_planks":1,"minecraft:stone_pickaxe":471,"minecraft:wooden_pickaxe":26,"biomesoplenty:fir_planks":3,"minecraft:chainmail_helmet":3,"minecraft:golden_apple":1,"minecraft:golden_hoe":1,"alexscaves:cave_book":1,"minecraft:mushroom_stew":1,"minecraft:blast_furnace":1,"ageofweapons:machete_iron":249,"minecraft:dripstone_block":7,"minecraft:cobbled_deepslate_stairs":111,"minecraft:mangrove_door":3,"minecraft:bread":33,"minecraft:gravel":3,"minecraft:soul_lantern":2,"naturalist:cooked_duck":1,"minecraft:smithing_table":1,"minecraft:cooked_rabbit":2,"minecraft:birch_log":4,"tww:masters_broomstickitem":35,"ironchest:crystal_chest":5,"minecraft:experience_bottle":13,"create:limestone":17,"minecraft:stone_sword":67,"minecraft:cooked_chicken":1,"minecraft:torch":300,"minecraft:dirt":49,"ironchest:diamond_chest":1,"minecraft:granite":1,"farmersdelight:beef_patty":2,"minecraft:dark_oak_planks":1,"chipped:glassblower":1,"minecraft:iron_axe":21,"minecraft:smooth_sandstone":2,"ageofweapons:caveman_spear":2,"minecraft:barrel":2,"warriorsofpastepoch:cistus":1,"minecraft:beef":22,"minecraft:goat_horn":1,"minecraft:cooked_beef":19,"minecraft:cobbled_deepslate":223,"minecraft:stonecutter":1,"minecraft:salmon":16,"chipped:mason_table":1,"minecraft:red_bed":3,"minecraft:crafting_table":9,"minecraft:cake":2,"minecraft:apple":13,"waystones:mossy_waystone":1,"minecraft:iron_pickaxe":1327,"travelersbackpack:white_sleeping_bag":3,"ageofweapons:compound_bow":29,"minecraft:cobblestone":197,"travelersbackpack:standard":8,"minecraft:pumpkin_pie":4,"minecraft:yellow_bed":1},"minecraft:dropped":{"biomesoplenty:fir_log":140,"minecraft:iron_sword":3,"minecraft:birch_planks":5,"minecraft:cooked_beef":4,"minecraft:dark_oak_sapling":2,"minecraft:lantern":2,"minecraft:mossy_cobblestone_wall":2,"ageofweapons:machete_iron":1,"travelersbackpack:standard":1,"minecraft:red_mushroom":1,"minecraft:cobblestone_stairs":1,"minecraft:dirt":574,"minecraft:cornflower":34,"minecraft:mutton":12,"minecraft:chain":4,"farmersdelight:onion":2,"minecraft:gold_nugget":6,"minecraft:iron_pickaxe":2,"minecraft:white_wool":1,"minecraft:gravel":5,"minecraft:stone_axe":2,"minecraft:sugar_cane":3,"minecraft:iron_nugget":3,"minecraft:cobbled_deepslate":264,"buildersdelight:iron_chisel":1,"aether:golden_gloves":1,"minecraft:pointed_dripstone":1,"minecraft:rotten_flesh":12,"artifacts:villager_hat":1,"minecraft:oak_planks":1,"minecraft:carrot":1,"minecraft:poppy":8,"minecraft:rabbit_hide":7,"supplementaries:ash":11,"tww:masters_broomstickitem":1,"alexscaves:cave_book":1,"minecraft:arms_up_pottery_sherd":1,"minecraft:ladder":2,"minecraft:glass":13,"minecraft:beef":4,"minecraft:iron_ingot":3,"biomesoplenty:jacaranda_sapling":1,"minecraft:shelter_pottery_sherd":1,"minecraft:wheat_seeds":12,"minecraft:mossy_cobblestone":4,"minecraft:feather":1,"minecraft:golden_axe":1,"minecraft:cobblestone":1,"minecraft:book":9,"luckys_armory:bone_armor_helmet":1,"minecraft:explorer_pottery_sherd":1,"minecraft:burn_pottery_sherd":1,"minecraft:spruce_stairs":1,"minecraft:yellow_carpet":1,"minecraft:stick":7,"minecraft:oxeye_daisy":26,"minecraft:cobweb":7,"minecraft:blue_dye":11,"minecraft:rose_bush":2,"minecraft:potion":2,"minecraft:red_dye":6,"minecraft:iron_shovel":1,"minecraft:paper":14,"minecraft:string":4,"minecraft:pink_petals":12,"minecraft:gray_carpet":1,"create:raw_zinc":2,"minecraft:stone_sword":3,"minecraft:bowl":1,"minecraft:tuff":9,"minecraft:iron_boots":1,"minecraft:flint_and_steel":1,"minecraft:light_blue_dye":8,"minecraft:cobblestone_slab":1,"minecraft:stone":4,"biomesoplenty:fir_planks":4,"minecraft:spruce_planks":2,"minecraft:howl_pottery_sherd":1,"minecraft:spider_eye":1,"minecraft:stone_bricks":10,"minecraft:bamboo":1,"minecraft:bow":1,"minecraft:blue_orchid":1,"minecraft:wooden_pickaxe":3,"minecraft:calcite":2,"minecraft:black_wool":2,"minecraft:brick":3},"minecraft:crafted":{"ageofweapons:machete_template":3,"naturalist:cooked_duck":1,"buildersdelight:iron_chisel":1,"minecraft:oak_planks":20,"minecraft:cooked_chicken":1,"ageofweapons:blank_template":9,"ageofweapons:compound_bow":1,"minecraft:stone":43,"ironchest:crystal_chest":4,"minecraft:glass":62,"ageofweapons:caveman_spear":5,"ageofweapons:machete_iron":3,"ageofweapons:machete_iron_part":3,"minecraft:iron_boots":1,"minecraft:chest":8,"minecraft:cooked_rabbit":2,"chipped:mason_table":1,"irons_spellbooks:scroll":1,"minecraft:emerald":45,"minecraft:crafting_table":5,"minecraft:spruce_planks":8,"travelersbackpack:standard":2,"minecraft:wooden_pickaxe":3,"minecraft:smithing_table":1,"minecraft:copper_ingot":50,"minecraft:birch_planks":24,"ironchest:diamond_chest":4,"biomesoplenty:fir_planks":120,"minecraft:iron_chestplate":1,"minecraft:stick":236,"minecraft:light_blue_dye":8,"minecraft:iron_ingot":108,"minecraft:iron_pickaxe":6,"minecraft:stone_sword":2,"luckys_armory:bone_armor_helmet":1,"tww:masters_broomstickitem":5,"minecraft:furnace":2,"minecraft:diamond":9,"travelersbackpack:white_sleeping_bag":3,"minecraft:iron_axe":1,"minecraft:stone_pickaxe":4,"minecraft:cobbled_deepslate_stairs":48,"minecraft:dark_oak_planks":52,"ageofweapons:recurve_bow":1,"minecraft:cooked_beef":8,"minecraft:red_dye":6,"ironchest:gold_chest":4,"travelersbackpack:backpack_tank":4,"minecraft:mangrove_door":3,"minecraft:iron_sword":3,"ironchest:copper_chest":4,"minecraft:mangrove_planks":12,"minecraft:stone_axe":1,"minecraft:air":0,"aether:iron_gloves":1,"minecraft:blue_dye":11,"ageofweapons:longstick_wood":3,"ageofweapons:hammer":1,"minecraft:iron_shovel":10,"minecraft:iron_leggings":1,"minecraft:stonecutter":1,"minecraft:torch":272,"ageofweapons:medium_iron_blank":3,"chipped:glassblower":1,"minecraft:lapis_lazuli":9,"ironchest:iron_chest":4,"minecraft:brick":1}},"DataVersion":3465}