{"stats":{"minecraft:custom":{"minecraft:time_since_rest":29725,"minecraft:sprint_one_cm":70574,"minecraft:damage_taken":10,"minecraft:walk_one_cm":94037,"minecraft:drop":12,"minecraft:fly_one_cm":8850,"minecraft:crouch_one_cm":115,"minecraft:play_time":29725,"minecraft:sneak_time":337,"minecraft:walk_under_water_one_cm":17,"minecraft:boat_one_cm":49655,"minecraft:jump":52,"minecraft:leave_game":1,"minecraft:walk_on_water_one_cm":2302,"minecraft:time_since_death":29725,"minecraft:total_world_time":29725,"minecraft:fall_one_cm":1163},"minecraft:mined":{"beachparty:seashell_block":10,"biomesoplenty:orange_autumn_leaves":2,"biomesoplenty:toadstool":1,"minecraft:birch_log":39,"minecraft:dark_oak_log":69,"minecraft:grass":5,"minecraft:oak_log":6,"minecraft:fern":1},"minecraft:used":{"biomesoplenty:yellow_autumn_sapling":5,"beachparty:seashell":10,"biomesoplenty:toadstool":1,"minecraft:stone_axe":119,"minecraft:oak_sapling":1,"alexsmobs:animal_dictionary":2,"biomesoplenty:orange_autumn_sapling":6,"biomesoplenty:maple_sapling":9},"minecraft:picked_up":{"minecraft:birch_log":35,"minecraft:stick":22,"maidensmaterials:earthen_essence":3,"patchouli:guide_book":2,"biomesoplenty:orange_autumn_sapling":19,"minecraft:oak_log":6,"minecraft:dark_oak_log":69,"biomesoplenty:yellow_autumn_sapling":6,"breadcraft:rye_seeds":2,"biomesoplenty:maple_sapling":9,"beachparty:seashell":10,"minecraft:stone_axe":1,"minecraft:wheat_seeds":1,"minecraft:stone_pickaxe":2,"minecraft:oak_sapling":1,"biomesoplenty:toadstool":1},"minecraft:dropped":{"minecraft:wheat_seeds":1,"alexsmobs:animal_dictionary":1,"biomesoplenty:yellow_autumn_sapling":1,"maidensmaterials:earthen_essence":1,"biomesoplenty:orange_autumn_sapling":13,"minecraft:stone_pickaxe":1,"breadcraft:rye_seeds":1,"patchouli:guide_book":4}},"DataVersion":3465}