{"stats":{"minecraft:dropped":{"minecraft:iron_sword":1,"minecraft:wheat_seeds":2,"minecraft:oak_log":64,"minecraft:tnt":1,"minecraft:apple":7,"minecraft:granite":18,"minecraft:saddle":1,"minecraft:gold_block":2,"minecraft:dirt":1,"biomesoplenty:orange_sand":1,"biomesoplenty:redwood_log":1,"minecraft:melon_slice":1,"minecraft:sunflower":5,"minecraft:sand":14,"minecraft:iron_shovel":1,"minecraft:acacia_planks":4,"minecraft:bone":2,"minecraft:stone_axe":1,"minecraft:sweet_berries":19,"minecraft:azure_bluet":1,"farmersdelight:minced_beef":2,"minecraft:bamboo":12,"minecraft:stone_pickaxe":1,"minecraft:arrow":2,"minecraft:beef":2},"minecraft:killed_by":{"minecraft:husk":1,"grimoireofgaia:sphinx":1},"minecraft:broken":{"minecraft:stone_pickaxe":4,"minecraft:stone_axe":2},"minecraft:used":{"minecraft:stone_sword":28,"minecraft:iron_shovel":62,"minecraft:chest":5,"minecraft:iron_sword":76,"minecraft:torch":30,"minecraft:dirt":61,"farmersdelight:tomato":2,"minecraft:coal_ore":1,"minecraft:iron_axe":1,"minecraft:melon_seeds":1,"farmersdelight:cutting_board":4,"minecraft:beef":3,"minecraft:furnace":1,"minecraft:oak_sapling":18,"farmersdelight:cooking_pot":1,"grimoireofgaia:meat":1,"minecraft:egg":1,"minecraft:wheat_seeds":7,"minecraft:stone_pickaxe":572,"biomesoplenty:redwood_sapling":4,"minecraft:green_bed":2,"minecraft:crafting_table":4,"minecraft:lime_bed":6,"minecraft:apple":3,"minecraft:sunflower":1,"minecraft:bread":41,"minecraft:spruce_sapling":9,"minecraft:stone_axe":453,"minecraft:stripped_crimson_hyphae":2,"travelersbackpack:standard":15,"minecraft:bucket":1,"tww:masters_broomstickitem":1},"minecraft:picked_up":{"biomesoplenty:redwood_log":17,"minecraft:crafting_table":2,"minecraft:wheat":2,"aquaculture:synodontis":6,"minecraft:azure_bluet":1,"minecraft:ladder":1,"minecraft:clay_ball":8,"minecraft:gold_block":2,"minecraft:golden_shovel":1,"minecraft:stone_brick_stairs":3,"minecraft:brick":6,"farmersdelight:cutting_board":3,"minecraft:string":2,"minecraft:moss_carpet":17,"minecraft:raw_copper":51,"minecraft:iron_axe":1,"minecraft:iron_leggings":1,"tww:masters_broomstickitem":1,"minecraft:iron_shovel":3,"minecraft:blackstone":2,"minecraft:beef":18,"bamboo:whistle":1,"minecraft:calcite":24,"minecraft:azalea":5,"minecraft:iron_nugget":2,"minecraft:melon_slice":1,"farmersdelight:cabbage_seeds":3,"minecraft:iron_boots":1,"minecraft:egg":1,"minecraft:raw_iron":9,"minecraft:stick":32,"minecraft:stripped_crimson_hyphae":3,"grimoireofgaia:meat":1,"minecraft:big_dripleaf":1,"farmersdelight:minced_beef":4,"minecraft:torch":8,"minecraft:green_bed":2,"minecraft:acacia_log":90,"minecraft:spruce_fence":1,"aquaculture:perch":3,"minecraft:fire_charge":2,"farmersdelight:tomato_seeds":7,"minecraft:goat_horn":1,"minecraft:tnt":1,"minecraft:rotten_flesh":2,"minecraft:stone_sword":2,"minecraft:arrow":17,"minecraft:beetroot_seeds":3,"biomesoplenty:palm_log":10,"minecraft:hay_block":36,"create:asurine":85,"farmersdelight:rope":23,"minecraft:saddle":1,"biomesoplenty:redwood_sapling":4,"supplementaries:ash":1,"minecraft:glow_berries":1,"minecraft:cobblestone":195,"biomesoplenty:orange_sand":1,"minecraft:skeleton_skull":1,"minecraft:bone_block":1,"minecraft:lime_bed":7,"minecraft:feather":4,"farmersdelight:onion_crate":3,"farmersdelight:rice":4,"tww:mana":64,"supplementaries:soap":5,"minecraft:potato":20,"minecraft:filled_map":1,"minecraft:oak_log":232,"supplementaries:flute":1,"supplementaries:flax_seeds":3,"farmersdelight:salmon_slice":2,"farmersdelight:tomato":2,"minecraft:dirt":171,"minecraft:bone":7,"minecraft:acacia_planks":12,"minecraft:apple":6,"minecraft:stone_bricks":2,"minecraft:wheat_seeds":39,"minecraft:stone_pickaxe":3,"biomesoplenty:palm_sapling":2,"minecraft:bamboo":12,"minecraft:moss_block":43,"minecraft:flowering_azalea":8,"minecraft:iron_sword":2,"minecraft:acacia_sapling":3,"minecraft:sweet_berries":22,"minecraft:sand":14,"minecraft:spruce_sapling":13,"minecraft:spruce_log":107,"minecraft:dark_oak_log":5,"grimoireofgaia:shiny_pearl":1,"travelersbackpack:standard":2,"minecraft:coal_ore":1,"minecraft:stone_axe":4,"aquaculture:bayad":1,"supplementaries:bubble_blower":1,"minecraft:iron_helmet":1,"minecraft:crossbow":1,"minecraft:granite":18,"minecraft:bread":30,"minecraft:oak_sapling":18,"minecraft:melon_seeds":1,"minecraft:coal":193,"minecraft:bricks":5,"minecraft:sunflower":6},"minecraft:mined":{"biomesoplenty:orange_autumn_leaves":3,"bamboo:lavally":1,"biomesoplenty:desert_grass":2,"minecraft:dark_oak_log":5,"bamboo:gazanite_flower":1,"minecraft:stripped_crimson_hyphae":1,"biomesoplenty:bush":5,"minecraft:acacia_log":79,"minecraft:grass_block":125,"biomesoplenty:flowering_oak_leaves":2,"minecraft:spruce_leaves":18,"minecraft:moss_block":43,"biomesoplenty:dune_grass":6,"biomesoplenty:palm_log":10,"minecraft:hay_block":36,"minecraft:iron_ore":9,"minecraft:moss_carpet":3,"minecraft:azure_bluet":1,"minecraft:peony":2,"create:asurine":90,"minecraft:cave_vines":2,"minecraft:dirt_path":1,"biomesoplenty:redwood_log":16,"minecraft:azalea":3,"minecraft:bamboo":2,"minecraft:stone":188,"minecraft:green_bed":3,"minecraft:acacia_leaves":27,"minecraft:flowering_azalea":7,"minecraft:melon_stem":1,"biomesoplenty:glowworm_silk":1,"travelersbackpack:standard":1,"minecraft:clay":2,"minecraft:crafting_table":2,"minecraft:torch":2,"minecraft:calcite":23,"minecraft:copper_ore":15,"minecraft:tall_grass":18,"farmersdelight:wild_tomatoes":6,"minecraft:wall_torch":6,"minecraft:big_dripleaf":1,"minecraft:lime_bed":5,"biomesoplenty:glowworm_silk_strand":1,"farmersdelight:cutting_board":2,"minecraft:wheat":6,"minecraft:sweet_berry_bush":10,"minecraft:spruce_log":96,"biomesoplenty:maple_leaves":5,"minecraft:grass":55,"minecraft:coal_ore":193,"minecraft:oak_log":138,"minecraft:beetroots":3,"minecraft:sunflower":3,"minecraft:sand":1,"minecraft:dirt":45,"minecraft:oak_leaves":36,"minecraft:fern":9},"minecraft:custom":{"minecraft:mob_kills":8,"minecraft:interact_with_crafting_table":39,"minecraft:bell_ring":1,"minecraft:leave_game":4,"minecraft:time_since_death":258422,"minecraft:sprint_one_cm":409034,"minecraft:walk_one_cm":368795,"minecraft:drop":79,"minecraft:talked_to_villager":10,"minecraft:play_time":330677,"minecraft:deaths":2,"minecraft:sneak_time":6890,"minecraft:walk_under_water_one_cm":14880,"minecraft:jump":1683,"minecraft:walk_on_water_one_cm":23368,"minecraft:total_world_time":330677,"minecraft:interact_with_furnace":17,"minecraft:interact_with_cartography_table":1,"minecraft:sleep_in_bed":13,"minecraft:time_since_rest":44907,"minecraft:damage_taken":2304,"minecraft:damage_dealt":2876,"minecraft:swim_one_cm":51893,"minecraft:fly_one_cm":194264,"minecraft:open_chest":113,"minecraft:crouch_one_cm":6678,"minecraft:fall_one_cm":42364,"minecraft:horse_one_cm":3894},"minecraft:crafted":{"minecraft:oak_planks":116,"minecraft:stone_pickaxe":6,"minecraft:chest":5,"minecraft:stone_hoe":1,"buildersdelight:acacia_furniture_kit":2,"minecraft:wheat":261,"minecraft:wooden_shovel":1,"minecraft:crafting_table":3,"minecraft:spruce_planks":20,"minecraft:acacia_slab":6,"minecraft:bowl":4,"farmersdelight:cooking_pot":1,"minecraft:bucket":1,"minecraft:stone_axe":1,"minecraft:bread":69,"farmersdelight:cutting_board":1,"minecraft:stick":20,"minecraft:iron_ingot":16,"aquaculture:stone_fillet_knife":1,"minecraft:stone_sword":1,"minecraft:acacia_planks":56,"minecraft:torch":36,"biomesoplenty:palm_planks":4},"minecraft:killed":{"minecraft:spider":1,"minecraft:skeleton":2,"mythicmounts:griffon":1,"minecraft:zombie":3,"minecraft:villager":1}},"DataVersion":3465}