{"stats":{"minecraft:killed":{"minecraft:spider":1,"minecraft:squid":1},"minecraft:used":{"beachparty:coconut":8,"minecraft:chest":3,"minecraft:iron_sword":6,"minecraft:torch":6,"minecraft:dirt":12,"jitl:lunium_sword":18,"biomesoplenty:maple_sapling":9,"beachparty:coconut_open":12,"minecraft:golden_carrot":2,"minecraft:oak_sapling":1,"minecraft:furnace":3,"minecraft:baked_potato":4,"minecraft:stone_pickaxe":270,"minecraft:sandstone":12,"minecraft:sand":15,"minecraft:crafting_table":3,"biomesoplenty:orange_autumn_sapling":6,"minecraft:apple":1,"luphieclutteredmod:luphie_wine_bottles":1,"minecraft:iron_pickaxe":1,"biomesoplenty:yellow_autumn_sapling":5,"beachparty:seashell":10,"biomesoplenty:toadstool":1,"minecraft:stone_axe":167,"minecraft:cobblestone":6,"minecraft:purple_bed":3,"minecraft:andesite":13,"alexsmobs:animal_dictionary":2,"minecraft:coarse_dirt":4},"minecraft:mined":{"biomesoplenty:orange_autumn_leaves":2,"iceandfire:silver_ore":2,"minecraft:mossy_cobblestone":6,"minecraft:dark_oak_log":69,"minecraft:granite":5,"farmersdelight:wild_cabbages":25,"minecraft:spruce_leaves":1,"minecraft:sandstone":37,"beachparty:sandwaves":4,"beachparty:seashell_block":10,"minecraft:large_fern":6,"minecraft:furnace":1,"biomesoplenty:toadstool":1,"maidensmaterials:chalcopyrite_ore":9,"farmersdelight:wild_rice":15,"minecraft:iron_ore":4,"biomesoplenty:violet":2,"minecraft:andesite":30,"minecraft:azure_bluet":2,"minecraft:dirt_path":1,"minecraft:stone":148,"minecraft:podzol":1,"minecraft:dandelion":4,"minecraft:crafting_table":2,"minecraft:poppy":7,"minecraft:chest":1,"minecraft:copper_ore":7,"minecraft:cobblestone":1,"minecraft:blue_bed":1,"minecraft:purple_bed":3,"farmersdelight:sandy_shrub":1,"minecraft:coarse_dirt":4,"minecraft:birch_log":39,"minecraft:lilac":3,"minecraft:grass":13,"beachparty:palm_log":11,"minecraft:oak_log":35,"minecraft:coal_ore":11,"minecraft:sunflower":1,"minecraft:sand":23,"minecraft:dirt":14,"minecraft:cobweb":1,"minecraft:fern":2},"minecraft:picked_up":{"minecraft:crafting_table":2,"minecraft:coarse_dirt":4,"minecraft:azure_bluet":4,"beachparty:rubber_ring_axolotl":1,"maidensmaterials:earthen_essence":3,"butchersdelightfoods:llamma_ribs":1,"biomesoplenty:orange_autumn_sapling":19,"biomesoplenty:violet":2,"butchersdelightfoods:llama_loin":1,"beachparty:coconut":8,"jellyfishing:jellyfish_net":1,"minecraft:string":1,"wom:gesetz":1,"minecraft:raw_copper":30,"immersive_melodies:lute":1,"biomesoplenty:yellow_autumn_sapling":6,"beachparty:seashell":11,"beachparty:coconut_open":12,"farmersdelight:cabbage":6,"minecraft:poppy":7,"minecraft:iron_pickaxe":1,"minecraft:chest":1,"butchersdelightfoods:porkribs":1,"farmersdelight:cabbage_seeds":25,"minecraft:furnace":1,"minecraft:stick":24,"minecraft:raw_iron":4,"minecraft:sandstone":36,"minecraft:torch":2,"breadcraft:rye_seeds":2,"minecraft:beetroot_seeds":1,"butchersdelightfoods:ham":2,"minecraft:blue_dye":2,"minecraft:cobblestone":149,"minecraft:birch_log":35,"minecraft:lilac":3,"farmersdelight:rice":15,"minecraft:golden_carrot":3,"minecraft:andesite":29,"minecraft:leather":2,"minecraft:filled_map":1,"beachparty:palm_log":11,"butchersdelight:deadpig":2,"minecraft:oak_log":35,"butchersdelight:goat_fur":2,"minecraft:dirt":15,"minecraft:blue_bed":3,"minecraft:apple":1,"minecraft:wheat_seeds":3,"minecraft:stone_pickaxe":2,"beachparty:overgrown_disc":1,"minecraft:iron_sword":1,"biomesoplenty:toadstool":1,"minecraft:sweet_berries":28,"patchouli:guide_book":2,"jitl:lunium_sword":1,"minecraft:dandelion":4,"minecraft:sand":27,"minecraft:ink_sac":3,"minecraft:dark_oak_log":69,"minecraft:mossy_cobblestone":12,"biomesoplenty:maple_sapling":20,"minecraft:purple_bed":3,"minecraft:stone_axe":1,"maidensmaterials:chalcopyrite_chunk":10,"minecraft:granite":5,"minecraft:emerald":5,"minecraft:oak_sapling":1,"minecraft:coal":20,"iceandfire:raw_silver":2,"minecraft:sunflower":1},"minecraft:dropped":{"minecraft:wheat_seeds":1,"minecraft:lilac":3,"minecraft:mossy_cobblestone":12,"biomesoplenty:maple_sapling":11,"moa_decor_cookery:copadevino":1,"minecraft:sunflower":1,"breadcraft:rye_seeds":1,"minecraft:blue_bed":3,"minecraft:dandelion":1,"butchersdelight:goat_fur":2,"minecraft:stone_sword":1,"alexsmobs:animal_dictionary":1,"biomesoplenty:yellow_autumn_sapling":1,"minepop:randombox":3,"biomesoplenty:orange_autumn_sapling":13,"minecraft:azure_bluet":4,"patchouli:guide_book":4,"minecraft:poppy":1,"maidensmaterials:earthen_essence":1,"minecraft:stone_pickaxe":1},"minecraft:crafted":{"minecraft:black_dye":3,"minecraft:oak_planks":108,"minecraft:smooth_stone":9,"minecraft:smooth_stone_slab":18,"breadcraft:rolling_pin":1,"moa_decor_cookery:copadevino":1,"minecraft:furnace":2,"butchersdelightfoods:cooked_ham":2,"minecraft:stone":11,"butchersdelightfoods:cooked_llama_ribs":1,"minecraft:glass_pane":16,"minecraft:glass":12,"butchersdelightfoods:cookedporkribs":1,"moa_decor_cookery:copa":1,"butchersdelightfoods:cooked_llama_loin":1,"minecraft:stone_pickaxe":3,"minecraft:chest":2,"minepop:randombox":3,"minecraft:dark_oak_planks":20,"beachparty:palm_planks":44,"minecraft:red_dye":6,"minecraft:glass_bottle":6,"minecraft:oak_slab":6,"minecraft:wooden_shovel":1,"iceandfire:silver_ingot":2,"minecraft:crafting_table":1,"farmersdelight:iron_knife":1,"minecraft:baked_potato":10,"breadcraft:mortar_pestle":1,"luphieclutteredmod:luphie_wine_bottles":1,"breadcraft:bread_knife":1,"butchersdelight:cleaver":1,"minecraft:campfire":1,"minecraft:stone_axe":2,"minecraft:air":0,"minecraft:blue_dye":22,"moa_decor_cookery:gemadecocina":9,"farmersdelight:cutting_board":1,"minecraft:yellow_dye":1,"minecraft:charcoal":17,"breadcraft:chefs_knife":1,"minecraft:stick":60,"minecraft:iron_ingot":4,"breadcraft:kneading_board":1,"minecraft:iron_pickaxe":1,"minecraft:stone_sword":1,"minecraft:armor_stand":9,"minecraft:torch":4},"minecraft:broken":{"minecraft:stone_pickaxe":2,"minecraft:stone_axe":1},"minecraft:custom":{"minecraft:mob_kills":2,"minecraft:interact_with_crafting_table":49,"minecraft:leave_game":2,"minecraft:time_since_death":237613,"minecraft:climb_one_cm":8573,"minecraft:sprint_one_cm":319445,"minecraft:walk_one_cm":366839,"minecraft:drop":30,"minecraft:play_time":237613,"minecraft:sneak_time":5049,"minecraft:walk_under_water_one_cm":19673,"minecraft:boat_one_cm":51546,"minecraft:jump":468,"minecraft:walk_on_water_one_cm":29889,"minecraft:total_world_time":237613,"minecraft:interact_with_furnace":40,"minecraft:interact_with_grindstone":3,"minecraft:sleep_in_bed":4,"minecraft:time_since_rest":14255,"minecraft:damage_taken":435,"minecraft:damage_dealt":497,"minecraft:swim_one_cm":32894,"minecraft:fly_one_cm":83332,"minecraft:open_chest":113,"minecraft:crouch_one_cm":9977,"minecraft:fall_one_cm":6985}},"DataVersion":3465}