{"stats":{"minecraft:killed":{"minecraft:spider":1,"minecraft:squid":1},"minecraft:used":{"beachparty:coconut":44,"minecraft:chest":3,"minecraft:iron_sword":6,"minecraft:torch":16,"minecraft:dirt":22,"jitl:lunium_sword":60,"biomesoplenty:maple_sapling":9,"butchersdelight:cleaver":10,"beachparty:coconut_open":20,"beachparty:palm_sapling":24,"minecraft:golden_carrot":2,"minecraft:sweet_berries":1,"minecraft:oak_sapling":1,"minecraft:furnace":3,"epicfight:skillbook":1,"minecraft:baked_potato":9,"minecraft:stone_pickaxe":283,"minecraft:sandstone":12,"minecraft:sand":15,"minecraft:crafting_table":3,"biomesoplenty:orange_autumn_sapling":6,"minecraft:apple":1,"luphieclutteredmod:luphie_wine_bottles":1,"minecraft:iron_pickaxe":1,"biomesoplenty:yellow_autumn_sapling":5,"beachparty:seashell":10,"biomesoplenty:toadstool":1,"minecraft:stone_axe":332,"minecraft:cobblestone":6,"minecraft:purple_bed":3,"minecraft:andesite":13,"alexsmobs:animal_dictionary":2,"minecraft:coarse_dirt":4},"minecraft:mined":{"biomesoplenty:orange_autumn_leaves":2,"iceandfire:silver_ore":2,"minecraft:mossy_cobblestone":6,"minecraft:dark_oak_log":69,"minecraft:granite":5,"minecraft:grass_block":10,"farmersdelight:wild_cabbages":50,"minecraft:spruce_leaves":2,"minecraft:sandstone":37,"beachparty:sandwaves":4,"beachparty:seashell_block":12,"minecraft:large_fern":6,"minecraft:furnace":1,"biomesoplenty:toadstool":1,"maidensmaterials:chalcopyrite_ore":9,"farmersdelight:wild_rice":17,"minecraft:iron_ore":4,"biomesoplenty:violet":38,"minecraft:andesite":30,"minecraft:azure_bluet":2,"minecraft:dirt_path":1,"minecraft:stone":161,"minecraft:podzol":1,"minecraft:dandelion":33,"minecraft:crafting_table":2,"minecraft:torch":11,"bakery:wild_strawberries":13,"minecraft:poppy":34,"minecraft:chest":1,"minecraft:copper_ore":7,"minecraft:cobblestone":1,"minecraft:sugar_cane":9,"minecraft:blue_bed":1,"farmersdelight:wild_beetroots":19,"minecraft:purple_bed":3,"farmersdelight:sandy_shrub":5,"minecraft:coarse_dirt":4,"minecraft:sweet_berry_bush":5,"minecraft:birch_log":39,"minecraft:lilac":3,"biomesoplenty:maple_leaves":4,"minecraft:grass":16,"beachparty:palm_log":128,"minecraft:oak_log":35,"minecraft:coal_ore":11,"beachparty:coconut_block":1,"minecraft:sunflower":1,"minecraft:sand":23,"minecraft:dirt":16,"minecraft:cobweb":1,"minecraft:fern":15},"minecraft:picked_up":{"minecraft:crafting_table":2,"minecraft:coarse_dirt":4,"minecraft:azure_bluet":4,"beachparty:rubber_ring_axolotl":1,"butchersdelightfoods:legcow":1,"maidensmaterials:earthen_essence":3,"butchersdelightfoods:llamma_ribs":1,"biomesoplenty:orange_autumn_sapling":19,"biomesoplenty:violet":37,"butchersdelightfoods:llama_loin":1,"beachparty:coconut":46,"jellyfishing:jellyfish_net":1,"minecraft:string":1,"wom:gesetz":1,"minecraft:raw_copper":30,"immersive_melodies:lute":1,"biomesoplenty:yellow_autumn_sapling":6,"beachparty:seashell":13,"minecraft:beetroot":4,"beachparty:coconut_open":47,"farmersdelight:cabbage":11,"minecraft:beef":4,"minecraft:poppy":34,"minecraft:iron_pickaxe":1,"minecraft:sugar_cane":20,"minecraft:chest":1,"butchersdelightfoods:porkribs":6,"farmersdelight:cabbage_seeds":50,"minecraft:furnace":1,"minecraft:stick":28,"minecraft:raw_iron":4,"minecraft:sandstone":36,"minecraft:torch":13,"epicfight:skillbook":1,"minecraft:porkchop":4,"breadcraft:rye_seeds":2,"minecraft:beetroot_seeds":20,"butchersdelightfoods:ham":4,"minecraft:blue_dye":2,"minecraft:cobblestone":161,"minecraft:birch_log":35,"minecraft:lilac":3,"farmersdelight:rice":17,"minecraft:golden_carrot":3,"minecraft:andesite":29,"minecraft:leather":2,"minecraft:filled_map":1,"beachparty:palm_log":127,"butchersdelight:deadpig":2,"minecraft:oak_log":35,"butchersdelight:goat_fur":2,"minecraft:dirt":25,"minecraft:blue_bed":3,"jellyfishing:jellyfish_jelly":3,"minecraft:apple":1,"minecraft:wheat_seeds":4,"minecraft:stone_pickaxe":2,"beachparty:overgrown_disc":1,"minecraft:iron_sword":1,"biomesoplenty:toadstool":1,"bakery:strawberry":13,"minecraft:sweet_berries":66,"patchouli:guide_book":2,"jitl:lunium_sword":1,"beachparty:palm_sapling":24,"minecraft:dandelion":33,"butchersdelight:cow_hide":6,"minecraft:sand":27,"minecraft:ink_sac":3,"butchersdelightfoods:beefribs":1,"minecraft:dark_oak_log":69,"minecraft:mossy_cobblestone":12,"biomesoplenty:maple_sapling":20,"minecraft:purple_bed":3,"minecraft:stone_axe":1,"maidensmaterials:chalcopyrite_chunk":10,"minecraft:granite":5,"minecraft:emerald":5,"minecraft:oak_sapling":1,"breadcraft:onion_seeds":2,"minecraft:coal":20,"iceandfire:raw_silver":2,"minecraft:sunflower":1},"minecraft:dropped":{"minecraft:wheat_seeds":2,"minecraft:lilac":3,"minecraft:mossy_cobblestone":12,"biomesoplenty:maple_sapling":11,"beachparty:palm_log":116,"moa_decor_cookery:copadevino":1,"minecraft:sunflower":1,"breadcraft:rye_seeds":1,"minecraft:blue_bed":3,"butchersdelight:cow_hide":6,"minecraft:dandelion":1,"butchersdelight:goat_fur":2,"minecraft:stone_sword":1,"alexsmobs:animal_dictionary":1,"biomesoplenty:yellow_autumn_sapling":1,"minepop:randombox":3,"biomesoplenty:orange_autumn_sapling":13,"minecraft:azure_bluet":4,"patchouli:guide_book":4,"minecraft:poppy":1,"maidensmaterials:earthen_essence":1,"minecraft:stone_pickaxe":1},"minecraft:crafted":{"minecraft:black_dye":3,"jitl:lunium_ingot":7,"minecraft:oak_planks":108,"minecraft:smooth_stone":9,"minecraft:smooth_stone_slab":18,"breadcraft:rolling_pin":1,"immersive_melodies:trumpet":2,"moa_decor_cookery:copadevino":1,"minecraft:furnace":2,"butchersdelightfoods:cooked_ham":2,"minecraft:stone":11,"butchersdelightfoods:cooked_llama_ribs":1,"minecraft:glass_pane":16,"minecraft:glass":12,"butchersdelightfoods:cookedporkribs":1,"moa_decor_cookery:copa":1,"butchersdelightfoods:cooked_llama_loin":1,"minecraft:stone_pickaxe":3,"minecraft:chest":2,"minepop:randombox":3,"minecraft:dark_oak_planks":20,"beachparty:palm_planks":228,"minecraft:red_dye":33,"minecraft:glass_bottle":6,"minecraft:oak_slab":6,"minecraft:wooden_shovel":1,"iceandfire:silver_ingot":2,"minecraft:crafting_table":1,"farmersdelight:iron_knife":1,"minecraft:baked_potato":10,"breadcraft:mortar_pestle":1,"luphieclutteredmod:luphie_wine_bottles":1,"minecraft:copper_ingot":30,"breadcraft:bread_knife":1,"butchersdelight:cleaver":1,"minecraft:campfire":1,"minecraft:stone_axe":2,"minecraft:air":0,"minecraft:blue_dye":22,"moa_decor_cookery:gemadecocina":9,"farmersdelight:cutting_board":1,"minecraft:purple_dye":37,"minecraft:yellow_dye":32,"minecraft:charcoal":17,"breadcraft:chefs_knife":1,"minecraft:stick":60,"minecraft:iron_ingot":9,"breadcraft:kneading_board":1,"minecraft:iron_pickaxe":1,"minecraft:stone_sword":1,"minecraft:armor_stand":9,"minecraft:torch":32,"bakery:strawberry_seeds":5},"minecraft:broken":{"minecraft:stone_pickaxe":2,"minecraft:stone_axe":1},"minecraft:custom":{"minecraft:mob_kills":2,"minecraft:interact_with_crafting_table":52,"minecraft:leave_game":2,"minecraft:time_since_death":285613,"minecraft:climb_one_cm":10155,"minecraft:sprint_one_cm":545873,"minecraft:walk_one_cm":624626,"minecraft:drop":35,"minecraft:play_time":285613,"minecraft:sneak_time":5966,"minecraft:walk_under_water_one_cm":19673,"minecraft:boat_one_cm":51546,"minecraft:jump":760,"minecraft:walk_on_water_one_cm":32294,"minecraft:total_world_time":285613,"minecraft:interact_with_furnace":56,"minecraft:interact_with_grindstone":3,"minecraft:sleep_in_bed":4,"minecraft:time_since_rest":62255,"minecraft:damage_taken":614,"minecraft:damage_dealt":577,"minecraft:swim_one_cm":32894,"minecraft:fly_one_cm":141536,"minecraft:open_chest":135,"minecraft:crouch_one_cm":14212,"minecraft:fall_one_cm":9824}},"DataVersion":3465}