{"stats":{"minecraft:killed":{"minecraft:spider":1},"minecraft:used":{"beachparty:coconut":8,"minecraft:stone_pickaxe":101,"minecraft:chest":3,"minecraft:iron_sword":2,"minecraft:sandstone":10,"minecraft:sand":15,"minecraft:dirt":12,"minecraft:crafting_table":2,"biomesoplenty:orange_autumn_sapling":6,"biomesoplenty:maple_sapling":9,"minecraft:apple":1,"luphieclutteredmod:luphie_wine_bottles":1,"beachparty:coconut_open":12,"biomesoplenty:yellow_autumn_sapling":5,"beachparty:seashell":10,"biomesoplenty:toadstool":1,"minecraft:stone_axe":166,"minecraft:cobblestone":2,"minecraft:golden_carrot":2,"minecraft:purple_bed":3,"minecraft:furnace":1,"minecraft:oak_sapling":1,"alexsmobs:animal_dictionary":2,"minecraft:coarse_dirt":4},"minecraft:picked_up":{"minecraft:birch_log":35,"minecraft:crafting_table":1,"minecraft:coarse_dirt":4,"beachparty:rubber_ring_axolotl":1,"minecraft:azure_bluet":4,"minecraft:lilac":3,"farmersdelight:rice":15,"minecraft:golden_carrot":3,"maidensmaterials:earthen_essence":3,"butchersdelightfoods:llamma_ribs":1,"minecraft:leather":2,"biomesoplenty:orange_autumn_sapling":19,"minecraft:filled_map":1,"beachparty:palm_log":11,"butchersdelight:deadpig":1,"minecraft:oak_log":35,"butchersdelightfoods:llama_loin":1,"beachparty:coconut":8,"butchersdelight:goat_fur":2,"jellyfishing:jellyfish_net":1,"wom:gesetz":1,"minecraft:blue_bed":3,"minecraft:dirt":15,"immersive_melodies:lute":1,"biomesoplenty:yellow_autumn_sapling":6,"beachparty:seashell":10,"minecraft:apple":1,"beachparty:coconut_open":12,"minecraft:wheat_seeds":1,"farmersdelight:cabbage":6,"minecraft:stone_pickaxe":2,"beachparty:overgrown_disc":1,"minecraft:poppy":1,"minecraft:iron_pickaxe":1,"minecraft:chest":1,"butchersdelightfoods:porkribs":1,"minecraft:iron_sword":1,"farmersdelight:cabbage_seeds":25,"biomesoplenty:toadstool":1,"minecraft:stick":24,"minecraft:raw_iron":4,"minecraft:sandstone":32,"minecraft:sweet_berries":28,"patchouli:guide_book":2,"minecraft:dandelion":1,"minecraft:sand":23,"minecraft:dark_oak_log":69,"minecraft:mossy_cobblestone":12,"breadcraft:rye_seeds":2,"biomesoplenty:maple_sapling":20,"minecraft:purple_bed":3,"minecraft:stone_axe":1,"minecraft:beetroot_seeds":1,"butchersdelightfoods:ham":1,"maidensmaterials:chalcopyrite_chunk":10,"minecraft:emerald":5,"minecraft:oak_sapling":1,"iceandfire:raw_silver":2,"minecraft:cobblestone":39,"minecraft:sunflower":1},"minecraft:mined":{"minecraft:podzol":1,"biomesoplenty:orange_autumn_leaves":2,"iceandfire:silver_ore":2,"minecraft:mossy_cobblestone":6,"minecraft:dark_oak_log":69,"minecraft:dandelion":1,"minecraft:crafting_table":1,"minecraft:chest":1,"minecraft:poppy":1,"farmersdelight:wild_cabbages":25,"minecraft:spruce_leaves":1,"minecraft:sandstone":33,"minecraft:blue_bed":1,"beachparty:seashell_block":10,"minecraft:purple_bed":3,"farmersdelight:sandy_shrub":1,"minecraft:coarse_dirt":4,"biomesoplenty:toadstool":1,"maidensmaterials:chalcopyrite_ore":9,"farmersdelight:wild_rice":15,"minecraft:birch_log":39,"minecraft:iron_ore":4,"minecraft:lilac":3,"minecraft:azure_bluet":2,"beachparty:palm_log":11,"minecraft:grass":13,"minecraft:oak_log":35,"minecraft:dirt_path":1,"minecraft:sand":23,"minecraft:sunflower":1,"minecraft:dirt":14,"minecraft:stone":38,"minecraft:fern":2},"minecraft:dropped":{"minecraft:wheat_seeds":1,"minecraft:lilac":3,"alexsmobs:animal_dictionary":1,"minecraft:mossy_cobblestone":12,"biomesoplenty:yellow_autumn_sapling":1,"biomesoplenty:maple_sapling":11,"biomesoplenty:orange_autumn_sapling":13,"minecraft:azure_bluet":4,"patchouli:guide_book":4,"minecraft:poppy":1,"maidensmaterials:earthen_essence":1,"minecraft:sunflower":1,"minecraft:stone_pickaxe":1,"breadcraft:rye_seeds":1,"minecraft:blue_bed":3,"minecraft:dandelion":1},"minecraft:crafted":{"minecraft:glass_bottle":3,"minecraft:oak_slab":6,"minecraft:oak_planks":92,"breadcraft:rolling_pin":1,"iceandfire:silver_ingot":2,"minecraft:crafting_table":1,"farmersdelight:iron_knife":1,"minecraft:baked_potato":10,"minecraft:furnace":1,"luphieclutteredmod:luphie_wine_bottles":1,"breadcraft:bread_knife":1,"butchersdelightfoods:cooked_ham":1,"butchersdelight:cleaver":1,"butchersdelightfoods:cooked_llama_ribs":1,"minecraft:stone_axe":2,"minecraft:air":0,"farmersdelight:cutting_board":1,"minecraft:glass":8,"butchersdelightfoods:cookedporkribs":1,"breadcraft:kneading_board":1,"butchersdelightfoods:cooked_llama_loin":1,"minecraft:iron_pickaxe":1,"minecraft:iron_ingot":4,"minecraft:stone_pickaxe":1,"minecraft:chest":2,"minecraft:stone_sword":1,"minecraft:dark_oak_planks":20,"beachparty:palm_planks":44},"minecraft:broken":{"minecraft:stone_axe":1},"minecraft:custom":{"minecraft:interact_with_furnace":15,"minecraft:mob_kills":1,"minecraft:interact_with_crafting_table":18,"minecraft:interact_with_grindstone":3,"minecraft:leave_game":1,"minecraft:time_since_death":166352,"minecraft:sleep_in_bed":3,"minecraft:climb_one_cm":4885,"minecraft:time_since_rest":102975,"minecraft:sprint_one_cm":271398,"minecraft:walk_one_cm":283733,"minecraft:damage_taken":309,"minecraft:drop":24,"minecraft:damage_dealt":297,"minecraft:swim_one_cm":25494,"minecraft:fly_one_cm":74216,"minecraft:open_chest":38,"minecraft:crouch_one_cm":7577,"minecraft:play_time":166352,"minecraft:sneak_time":3773,"minecraft:walk_under_water_one_cm":9456,"minecraft:boat_one_cm":51546,"minecraft:jump":346,"minecraft:walk_on_water_one_cm":21972,"minecraft:total_world_time":166352,"minecraft:fall_one_cm":6180}},"DataVersion":3465}