{"stats":{"minecraft:used":{"player_companions:dobutsu_spawn_egg":2,"minecraft:iron_shovel":1398,"minecraft:polished_deepslate":29,"minecraft:chiseled_deepslate":29,"chipped:engraved_cobblestone":2,"minecraft:poppy":21,"chipped:tiny_smug_carved_pumpkin":1,"minecraft:chest":3,"farmersdelight:stove":2,"minecraft:iron_sword":13,"chipped:ornate_light_blue_stained_glass":3,"minecraft:player_head":8,"buildersdelight:cobblestone_slab_2":4,"chipped:arched_light_blue_stained_glass_pillar":4,"minecraft:deepslate_tile_slab":1,"minecraft:deepslate_brick_slab":384,"minecraft:tuff":2,"chipped:end_carved_pumpkin":1,"chipped:creepy_carved_pumpkin":1,"chipped:small_light_blue_stained_glass":2,"minecraft:lantern":2,"biomesoplenty:fir_sapling":11,"chipped:prismal_cobblestone_remnants":14,"minecraft:blue_banner":1,"farmersdelight:cutting_board":4,"minecraft:scaffolding":2,"chipped:iron_bowl_soul_lantern":4,"chipped:yellow_moss_block":2,"chipped:unamused_dirt":2,"buildersdelight:glass_6":2,"minecraft:deepslate_brick_wall":10,"buildersdelight:glass_7":2,"minecraft:stone_pickaxe":1390,"minecraft:wooden_pickaxe":52,"biomesoplenty:lavender":9,"minecraft:blue_bed":1,"ageofweapons:machete_iron":2,"biomesoplenty:umbran_door":3,"minecraft:shears":10,"minecraft:cobbled_deepslate_stairs":50,"minecraft:deepslate_brick_stairs":144,"chipped:stop_light_blue_concrete":1,"minecraft:deepslate_tiles":30,"chipped:upside_down_carved_pumpkin":1,"chipped:cut_cobblestone_column":34,"chipped:kitty_faced_carved_pumpkin":1,"minecraft:mangrove_door":4,"minecraft:bread":95,"buildersdelight:cobblestone_stairs_2":6,"chipped:anguished_carved_pumpkin":1,"minecraft:soul_lantern":2,"chipped:fancy_red_stained_glass":10,"chipped:carpenters_table":1,"tww:masters_broomstickitem":4,"chipped:owo_carved_pumpkin":1,"minecraft:bone_meal":3,"minecraft:cobweb":1,"create:limestone":1,"minecraft:rose_bush":2,"chipped:crying_blackstone":7,"minecraft:stone_sword":40,"chipped:tinkering_table":1,"chipped:woven_blue_stained_glass":8,"minecraft:carved_pumpkin":1,"buildersdelight:lantern_6":2,"chipped:bordered_cobblestone":12,"chipped:iron_bowl_lantern":11,"chipped:crying_dirt":2,"buildersdelight:lantern_5":2,"minecraft:torch":68,"minecraft:dirt":440,"chipped:blue_moss_block":2,"chipped:flat_cobblestone_tiles":52,"chipped:arched_red_stained_glass_pillar":22,"minecraft:iron_axe":83,"biomesoplenty:tall_lavender":2,"minecraft:polished_deepslate_wall":4,"chipped:donut_lantern":3,"ageofweapons:caveman_spear":2,"buildersdelight:lantern_2":1,"minecraft:barrel":18,"chipped:small_red_stained_glass":24,"warriorsofpastepoch:cistus":10,"chipped:angry_cobblestone":1,"chipped:slight_smile_carved_pumpkin":1,"chipped:nether_carved_pumpkin":1,"player_companions:dobutsu_default":24,"farmersdelight:cooking_pot":8,"chipped:fancy_blue_stained_glass":8,"chipped:boarded_mangrove_door":5,"minecraft:pumpkin":11,"chipped:unamused_cobblestone":10,"minecraft:cooked_beef":4,"minecraft:cobbled_deepslate":59,"minecraft:cobbled_deepslate_wall":2,"minecraft:pointed_dripstone":1,"minecraft:golden_axe":10,"minecraft:water_bucket":1,"chipped:crying_cobblestone":1,"minecraft:baked_potato":10,"chipped:silly_carved_pumpkin":1,"minecraft:cauldron":3,"minecraft:deepslate_bricks":1348,"chipped:arched_blue_stained_glass_pillar":20,"minecraft:crafting_table":5,"chipped:mason_table":1,"chipped:wrought_iron_lantern":1,"minecraft:campfire":2,"chipped:red_moss_block":8,"minecraft:painting":13,"minecraft:deepslate_tile_wall":4,"buildersdelight:mangrove_table_1":3,"minecraft:mud":1,"minecraft:diamond_pickaxe":1607,"minecraft:cornflower":16,"chipped:botanist_workbench":2,"minecraft:oxeye_daisy":17,"chipped:small_blue_stained_glass":19,"minecraft:iron_pickaxe":1545,"minecraft:stone_axe":109,"chipped:inlayed_cobblestone":1,"chipped:overlapping_cobblestone_tiles":462,"minecraft:cobblestone":11,"travelersbackpack:standard":3,"chipped:nether_jack_o_lantern":2,"minecraft:cobbled_deepslate_slab":89,"minecraft:red_banner":4,"minecraft:bucket":2,"minecraft:yellow_bed":3,"chipped:ornate_cobblestone_pillar":33,"biomesoplenty:fir_log":3,"chipped:curly_cobblestone_pillar":12,"minecraft:jukebox":1},"minecraft:broken":{"minecraft:iron_shovel":6,"minecraft:stone_pickaxe":10,"minecraft:wooden_pickaxe":1,"minecraft:iron_pickaxe":4},"minecraft:crafted":{"minecraft:brick":27,"buildersdelight:iron_chisel":1,"minecraft:oak_planks":32,"minecraft:cobblestone_slab":10,"minecraft:barrel":2,"minecraft:polished_deepslate_wall":2,"minecraft:cooked_chicken":1,"minecraft:cobblestone_stairs":10,"minecraft:cooked_mutton":2,"minecraft:deepslate_brick_stairs":10,"minecraft:glass":205,"ageofweapons:caveman_spear":1,"minecraft:chest":3,"minecraft:bricks":4,"buildersdelight:mangrove_furniture_kit":2,"minecraft:magenta_dye":2,"minecraft:flower_pot":3,"farmersdelight:stove":1,"minecraft:blue_stained_glass":32,"minecraft:oak_slab":12,"minecraft:wooden_shovel":1,"minecraft:crafting_table":7,"minecraft:baked_potato":10,"minecraft:cobbled_deepslate_wall":2,"minecraft:copper_ingot":9,"chipped:carpenters_table":1,"minecraft:campfire":3,"minecraft:painting":1,"biomesoplenty:fir_planks":72,"minecraft:tnt":1,"farmersdelight:cutting_board":1,"minecraft:iron_chestplate":1,"minecraft:yellow_dye":1,"chipped:botanist_workbench":1,"minecraft:stick":44,"minecraft:iron_ingot":25,"minecraft:iron_pickaxe":2,"minecraft:gold_ingot":9,"minecraft:light_blue_stained_glass":8,"minecraft:redstone_torch":1,"minecraft:deepslate_bricks":41,"minecraft:shears":1,"minecraft:deepslate_tile_slab":2,"minecraft:cobbled_deepslate_slab":10,"minecraft:iron_nugget":9,"buildersdelight:mangrove_table_1":1,"minecraft:piston":1,"minecraft:jack_o_lantern":1,"minecraft:bone_meal":15,"minecraft:lantern":5,"minecraft:deepslate_brick_wall":2,"minecraft:iron_axe":2,"minecraft:stone_pickaxe":10,"chipped:tinkering_table":1,"minecraft:cobbled_deepslate_stairs":24,"minecraft:deepslate_tile_wall":2,"minecraft:wheat":126,"biomesoplenty:umbran_planks":4,"minecraft:deepslate_brick_slab":62,"minecraft:blue_bed":1,"farmersdelight:cooking_pot":1,"biomesoplenty:umbran_door":3,"minecraft:bucket":1,"minecraft:stone_axe":1,"minecraft:bread":36,"minecraft:air":0,"minecraft:red_stained_glass":48,"minecraft:white_wool":2,"minecraft:gunpowder":6,"minecraft:wooden_axe":1,"aquaculture:stone_fillet_knife":1,"minecraft:iron_shovel":1,"minecraft:iron_leggings":1,"minecraft:torch":20,"create:zinc_ingot":1},"minecraft:mined":{"create:deepslate_zinc_ore":13,"warriorsofpastepoch:cistus":43,"chipped:flat_cobblestone_tiles":52,"minecraft:cobbled_deepslate_stairs":20,"minecraft:black_candle_cake":1,"chipped:fancy_red_stained_glass":10,"minecraft:cherry_log":18,"buildersdelight:lantern_2":1,"chipped:boarded_mangrove_door":3,"minecraft:carved_pumpkin":11,"bamboo:gazanite_flower":1,"biomesoplenty:umbran_planks":4,"minecraft:deepslate_tile_wall":2,"minecraft:grass_block":850,"minecraft:mangrove_door":6,"buildersdelight:cobblestone_stairs_2":4,"minecraft:deepslate_bricks":285,"minecraft:oxeye_daisy":11,"buildersdelight:lantern_6":2,"chipped:nether_jack_o_lantern":1,"biomesoplenty:tall_lavender":5,"minecraft:iron_ore":22,"minecraft:cobbled_deepslate":82,"minecraft:barrel":18,"biomesoplenty:lavender":18,"minecraft:pumpkin":1,"chipped:cut_cobblestone_column":12,"minecraft:azure_bluet":1,"chipped:iron_bowl_lantern":4,"biomesoplenty:hanging_cobweb":1,"minecraft:pointed_dripstone":1,"minecraft:flowering_azalea_leaves":2,"amendments:wall_lantern":9,"biomesoplenty:webbing":7,"chipped:crying_cobblestone":1,"minecraft:deepslate_brick_stairs":45,"minecraft:black_candle":2,"chipped:crying_dirt":1,"minecraft:azalea_leaves":1,"minecraft:player_head":9,"create:limestone":1,"biomesoplenty:jacaranda_leaves":1,"minecraft:deepslate_redstone_ore":7,"minecraft:blue_wall_banner":1,"chipped:botanist_workbench":1,"chipped:unamused_dirt":1,"chipped:overlapping_cobblestone_tiles":155,"minecraft:deepslate_brick_wall":10,"minecraft:medium_amethyst_bud":1,"minecraft:deepslate_tile_slab":1,"biomesoplenty:hanging_cobweb_strand":1,"minecraft:torch":12,"minecraft:poppy":11,"chipped:fancy_blue_stained_glass":8,"minecraft:cobblestone":16,"chipped:engraved_cobblestone":2,"minecraft:sugar_cane":8,"minecraft:wall_torch":34,"minecraft:cauldron":2,"minecraft:pink_petals":27,"chipped:crying_blackstone":7,"minecraft:red_candle":1,"minecraft:mud":1,"chipped:arched_red_stained_glass_pillar":10,"buildersdelight:lantern_5":2,"chipped:angry_cobblestone":1,"farmersdelight:cutting_board":1,"minecraft:jukebox":1,"chipped:arched_blue_stained_glass_pillar":14,"buildersdelight:cobblestone_slab_2":2,"biomesoplenty:umbran_log":41,"biomesoplenty:fir_log":91,"minecraft:grass":561,"minecraft:dirt":671,"biomesoplenty:umbran_leaves":5,"minecraft:polished_deepslate_wall":2,"minecraft:deepslate":2119,"minecraft:deepslate_tiles":21,"minecraft:tuff":7,"chipped:arched_light_blue_stained_glass_pillar":4,"chipped:curly_cobblestone_pillar":12,"minecraft:dark_oak_leaves":4,"chipped:mason_table":1,"farmersdelight:wild_carrots":33,"minecraft:dark_oak_log":19,"chipped:ornate_light_blue_stained_glass":3,"chipped:iron_bowl_soul_lantern":1,"minecraft:cobbled_deepslate_slab":10,"chipped:unamused_cobblestone":8,"minecraft:allium":2,"chipped:red_moss_block":6,"minecraft:large_fern":6,"minecraft:hay_block":12,"farmersdelight:wild_onions":21,"chipped:ornate_cobblestone_pillar":15,"minecraft:deepslate_brick_slab":358,"biomesoplenty:jacaranda_log":5,"chipped:upside_down_carved_pumpkin":1,"buildersdelight:mangrove_table_1":2,"minecraft:chiseled_deepslate":29,"minecraft:polished_deepslate":7,"minecraft:deepslate_iron_ore":15,"minecraft:lantern":1,"chipped:wrought_iron_lantern":1,"biomesoplenty:barley":21,"minecraft:bamboo":4,"biomesoplenty:spider_egg":1,"minecraft:stone":794,"biomesoplenty:umbran_door":3,"chipped:small_blue_stained_glass":3,"chipped:woven_blue_stained_glass":8,"farmersdelight:cooking_pot":7,"chipped:inlayed_cobblestone":1,"minecraft:scaffolding":2,"chipped:donut_lantern":2,"buildersdelight:glass_6":2,"buildersdelight:glass_7":2,"minecraft:dandelion":1,"travelersbackpack:standard":4,"minecraft:cobbled_deepslate_wall":2,"minecraft:sculk_sensor":4,"minecraft:campfire":1,"minecraft:tall_grass":58,"minecraft:deepslate_gold_ore":16,"minecraft:sculk":4,"chipped:bordered_cobblestone":12,"chipped:small_red_stained_glass":12,"minecraft:sweet_berry_bush":10,"minecraft:yellow_bed":5,"minecraft:red_wall_banner":4,"chipped:small_light_blue_stained_glass":2,"minecraft:coal_ore":163,"biomesoplenty:fir_leaves":37,"chipped:prismal_cobblestone_remnants":14,"minecraft:dripstone_block":7,"biomesoplenty:stringy_cobweb":2,"farmersdelight:stove":1,"minecraft:cobweb":3,"grimoireofgaia:doll_ender_girl":2,"minecraft:small_dripleaf":1,"minecraft:fern":10},"minecraft:custom":{"minecraft:interact_with_crafting_table":86,"minecraft:open_barrel":101,"minecraft:leave_game":3,"minecraft:time_since_death":677457,"minecraft:sprint_one_cm":1500300,"minecraft:drop":137,"minecraft:talked_to_villager":3,"minecraft:play_time":1151952,"minecraft:deaths":4,"minecraft:jump":6336,"minecraft:walk_on_water_one_cm":26672,"minecraft:interact_with_furnace":61,"minecraft:interact_with_loom":2,"minecraft:sleep_in_bed":12,"minecraft:waystone_activated":1,"minecraft:damage_dealt":3160,"minecraft:crouch_one_cm":37533,"minecraft:interact_with_smithing_table":17,"minecraft:interact_with_anvil":3,"minecraft:mob_kills":13,"minecraft:fill_cauldron":1,"minecraft:climb_one_cm":2640,"minecraft:walk_one_cm":3046940,"minecraft:sneak_time":31257,"minecraft:walk_under_water_one_cm":29766,"minecraft:interact_with_blast_furnace":18,"minecraft:total_world_time":1151952,"minecraft:interact_with_stonecutter":54,"minecraft:interact_with_grindstone":1,"minecraft:time_since_rest":422290,"minecraft:damage_taken":3971,"minecraft:swim_one_cm":57402,"minecraft:fly_one_cm":581595,"minecraft:open_chest":576,"minecraft:fall_one_cm":143565},"minecraft:dropped":{"biomesoplenty:fir_log":91,"minecraft:cooked_beef":3,"minecraft:baked_potato":1,"minecraft:dirt":1394,"warriorsofpastepoch:cistus":21,"minecraft:cornflower":18,"minecraft:gold_nugget":1,"chipped:iron_bowl_soul_lantern":2,"minecraft:wheat":18,"minecraft:pointed_dripstone":5,"minecraft:rotten_flesh":2,"portablemobs:master_capture_cell":1,"tww:masters_broomstickitem":1,"minecraft:glass":44,"farmersdelight:tomato_seeds":1,"minecraft:iron_ingot":4,"minecraft:bread":16,"minecraft:wheat_seeds":20,"minecraft:cobbled_deepslate_stairs":119,"minecraft:dripstone_block":7,"minecraft:feather":1,"minecraft:oxeye_daisy":4,"player_companions:tame_sweet_berries":59,"minecraft:torch":17,"minecraft:potion":2,"minecraft:pink_petals":8,"ageofweapons:caveman_spear":1,"minecraft:stone_sword":2,"minecraft:bowl":1,"minecraft:tuff":6,"minecraft:cobbled_deepslate_slab":48,"minecraft:flint_and_steel":1,"minecraft:allium":27},"minecraft:killed_by":{"grimoireofgaia:dullahan":1,"grimoireofgaia:harpy":1,"irons_spellbooks:necromancer":1},"minecraft:killed":{"tww:masters_broomstick":3,"minecraft:cave_spider":1,"aquaculture:gar":1,"minecraft:chicken":1,"minecraft:sheep":1,"aquaculture:minnow":1,"grimoireofgaia:harpy":1,"irons_spellbooks:summoned_zombie":1,"grimoireofgaia:dullahan":1,"grimoireofgaia:horse":1,"naturalist:catfish":1},"minecraft:picked_up":{"minecraft:chiseled_deepslate":151,"buildersdelight:cobblestone_slab_2":10,"chipped:arched_red_stained_glass_pillar":14,"minecraft:polished_deepslate_wall":2,"biomesoplenty:rainbow_birch_sapling":2,"farmersdelight:cutting_board":3,"minecraft:polished_deepslate":109,"minecraft:string":3,"chipped:boarded_mangrove_door":3,"create:limestone":1,"biomesoplenty:tall_lavender":5,"minecraft:red_candle":4,"chipped:arched_light_blue_stained_glass_pillar":4,"chipped:prismal_cobblestone_remnants":14,"minecraft:deepslate_tiles":120,"minecraft:diamond_leggings":1,"minecraft:gold_nugget":1,"minecraft:cobbled_deepslate":2495,"biomesoplenty:fir_planks":36,"minecraft:bucket":1,"player_companions:tame_sweet_berries":65,"ageofweapons:caveman_spear":2,"chipped:curly_cobblestone_pillar":12,"minecraft:red_dye":11,"minecraft:calcite":4,"minecraft:iron_pickaxe":4,"minecraft:deepslate_tile_wall":2,"chipped:fancy_red_stained_glass":12,"chipped:small_red_stained_glass":12,"chipped:overlapping_cobblestone_tiles":249,"minecraft:iron_boots":2,"chipped:crying_dirt":1,"minecraft:stick":29,"chipped:iron_bowl_soul_lantern":4,"minecraft:jukebox":1,"minecraft:deepslate_brick_wall":9,"minecraft:torch":149,"biomesoplenty:umbran_planks":5,"chipped:woven_blue_stained_glass":8,"chipped:upside_down_carved_pumpkin":1,"minecraft:golden_axe":3,"minecraft:cherry_log":18,"minecraft:pointed_dripstone":7,"aether:golden_gloves":2,"minecraft:cauldron":5,"minecraft:stone_sword":6,"chipped:ornate_cobblestone_pillar":111,"minecraft:rotten_flesh":6,"artifacts:villager_hat":5,"chipped:engraved_cobblestone":2,"farmersdelight:onion":21,"minecraft:blue_dye":13,"minecraft:carved_pumpkin":11,"supplementaries:ash":96,"minecraft:mangrove_door":6,"minecraft:deepslate_brick_stairs":44,"minecraft:cod":1,"minecraft:cobblestone":907,"biomesoplenty:lavender":23,"minecraft:pink_petals":72,"minecraft:cooked_beef":10,"minecraft:feather":1,"chipped:small_light_blue_stained_glass":2,"chipped:unamused_cobblestone":6,"chipped:small_blue_stained_glass":3,"biomesoplenty:fir_sapling":11,"biomesoplenty:fir_log":164,"minecraft:tuff":8,"create:raw_zinc":14,"minecraft:dirt":2450,"minecraft:lantern":3,"minecraft:name_tag":1,"minecraft:glass":63,"buildersdelight:mangrove_table_1":2,"minecraft:cobbled_deepslate_wall":2,"minecraft:wheat_seeds":99,"minecraft:deepslate_brick_slab":349,"minecraft:small_dripleaf":2,"minecraft:raw_gold":15,"minecraft:cobbled_deepslate_slab":59,"minecraft:light_blue_dye":22,"chipped:angry_cobblestone":1,"chipped:inlayed_cobblestone":1,"minecraft:diamond_helmet":1,"minecraft:bamboo":44,"irons_spellbooks:frostward_ring":1,"chipped:unamused_dirt":1,"minecraft:sand":50,"aquaculture:stone_fillet_knife":1,"buildersdelight:iron_chisel":3,"minecraft:dark_oak_log":19,"minecraft:barrel":18,"chipped:crying_blackstone":7,"minecraft:soul_lantern":4,"minecraft:bread":103,"minecraft:blue_banner":2,"chipped:bordered_cobblestone":12,"minecraft:bricks":3,"minecraft:diamond_pickaxe":1,"chipped:crying_cobblestone":1,"minecraft:mud":1,"minecraft:charcoal":2,"buildersdelight:lantern_2":1,"minecraft:allium":45,"minecraft:chicken":1,"grimoireofgaia:soulfire":2,"minecraft:wooden_pickaxe":1,"minecraft:cornflower":34,"warriorsofpastepoch:cistus":46,"minecraft:flint_and_steel":1,"tww:masters_broomstickitem":6,"minecraft:iron_shovel":5,"minecraft:blackstone":64,"farmersdelight:beef_patty":4,"buildersdelight:lantern_5":2,"minecraft:player_head":27,"minecraft:iron_nugget":3,"minecraft:poppy":21,"grimoireofgaia:doll_ender_girl":1,"naturalist:catfish":1,"minecraft:sugar_cane":11,"farmersdelight:golden_knife":1,"chipped:iron_bowl_lantern":11,"chipped:mason_table":1,"minecraft:egg":1,"minecraft:dark_oak_sapling":14,"minecraft:raw_iron":38,"farmersdelight:minced_beef":8,"chipped:ornate_light_blue_stained_glass":3,"chipped:botanist_workbench":1,"chipped:flat_cobblestone_tiles":50,"farmersdelight:tomato_seeds":7,"minecraft:carrot":33,"minecraft:redstone":29,"buildersdelight:lantern_6":2,"minecraft:diamond_chestplate":1,"minecraft:cooked_cod":1,"biomesoplenty:umbran_sapling":8,"minecraft:deepslate_bricks":485,"chipped:arched_blue_stained_glass_pillar":20,"minecraft:diamond_boots":2,"minecraft:hay_block":12,"minecraft:mutton":2,"minecraft:white_wool":1,"minecraft:oxeye_daisy":21,"chipped:wrought_iron_lantern":1,"chipped:red_moss_block":6,"chipped:cut_cobblestone_column":12,"artifacts:novelty_drinking_hat":1,"biomesoplenty:umbran_door":3,"minecraft:yellow_bed":4,"minecraft:cobbled_deepslate_stairs":86,"player_companions:dobutsu_spawn_egg":1,"minecraft:deepslate_tile_slab":1,"ageofweapons:machete_iron":4,"farmersdelight:cooking_pot":7,"minecraft:iron_ingot":7,"minecraft:stone_pickaxe":5,"portablemobs:master_capture_cell":1,"aquaculture:minnow":1,"chipped:fancy_blue_stained_glass":8,"minecraft:soul_sand":5,"minecraft:iron_sword":2,"biomesoplenty:umbran_log":42,"minecraft:book":6,"chipped:nether_jack_o_lantern":1,"minecraft:scaffolding":2,"minecraft:black_candle":9,"minecraft:pumpkin":11,"minecraft:sweet_berries":24,"chipped:donut_lantern":2,"minecraft:dandelion":1,"minecraft:dripstone_block":7,"minecraft:gravel":2,"minecraft:red_banner":6,"minecraft:spider_eye":1,"travelersbackpack:standard":5,"minecraft:pumpkin_seeds":40,"minecraft:stone_axe":1,"minecraft:painting":12,"minecraft:cherry_sapling":4,"minecraft:baked_potato":1,"buildersdelight:cobblestone_stairs_2":20,"farmersdelight:stove":1,"minecraft:coal":185}},"DataVersion":3465}