{"stats":{"minecraft:killed":{"minecraft:villager":1},"minecraft:custom":{"minecraft:mob_kills":1,"minecraft:interact_with_crafting_table":3,"minecraft:bell_ring":1,"minecraft:leave_game":1,"minecraft:time_since_death":0,"minecraft:sleep_in_bed":3,"minecraft:time_since_rest":2362,"minecraft:sprint_one_cm":168340,"minecraft:damage_taken":530,"minecraft:walk_one_cm":126098,"minecraft:drop":7,"minecraft:damage_dealt":640,"minecraft:swim_one_cm":8823,"minecraft:talked_to_villager":8,"minecraft:fly_one_cm":91030,"minecraft:open_chest":4,"minecraft:crouch_one_cm":1344,"minecraft:play_time":72054,"minecraft:deaths":2,"minecraft:sneak_time":1369,"minecraft:walk_under_water_one_cm":2338,"minecraft:jump":598,"minecraft:walk_on_water_one_cm":3601,"minecraft:total_world_time":72054,"minecraft:fall_one_cm":16749},"minecraft:killed_by":{"minecraft:husk":1,"grimoireofgaia:sphinx":1},"minecraft:broken":{"minecraft:stone_pickaxe":1,"minecraft:stone_axe":1},"minecraft:used":{"minecraft:wheat_seeds":4,"minecraft:stone_sword":8,"minecraft:stone_pickaxe":131,"minecraft:iron_sword":9,"minecraft:green_bed":1,"minecraft:dirt":10,"minecraft:crafting_table":1,"minecraft:lime_bed":2,"farmersdelight:tomato":2,"minecraft:bread":2,"minecraft:melon_seeds":1,"minecraft:stone_axe":291,"minecraft:beef":3,"minecraft:oak_sapling":18,"grimoireofgaia:meat":1,"minecraft:egg":1,"tww:masters_broomstickitem":1},"minecraft:mined":{"minecraft:acacia_leaves":27,"minecraft:melon_stem":1,"biomesoplenty:desert_grass":2,"minecraft:crafting_table":1,"bamboo:gazanite_flower":1,"biomesoplenty:bush":1,"minecraft:acacia_log":79,"minecraft:grass_block":8,"minecraft:calcite":23,"minecraft:spruce_leaves":9,"farmersdelight:wild_tomatoes":6,"biomesoplenty:dune_grass":5,"biomesoplenty:palm_log":10,"minecraft:hay_block":11,"minecraft:lime_bed":3,"minecraft:wheat":3,"minecraft:spruce_log":12,"create:asurine":90,"minecraft:grass":29,"minecraft:oak_log":122,"minecraft:beetroots":3,"minecraft:sand":1,"minecraft:dirt":10,"minecraft:stone":18,"minecraft:oak_leaves":36,"minecraft:green_bed":2},"minecraft:crafted":{"minecraft:oak_planks":40,"minecraft:crafting_table":1,"minecraft:stone_axe":1,"minecraft:bread":33,"minecraft:stick":4,"minecraft:stone_pickaxe":1,"minecraft:acacia_planks":56,"biomesoplenty:palm_planks":4,"minecraft:wheat":99},"minecraft:dropped":{"minecraft:stone_axe":1,"minecraft:apple":1,"minecraft:arrow":2,"minecraft:acacia_planks":4},"minecraft:picked_up":{"minecraft:lime_bed":3,"minecraft:crafting_table":1,"minecraft:wheat":2,"minecraft:feather":4,"aquaculture:synodontis":6,"minecraft:oak_log":216,"farmersdelight:tomato":2,"minecraft:dirt":18,"minecraft:moss_carpet":6,"tww:masters_broomstickitem":1,"minecraft:bone":3,"minecraft:acacia_planks":12,"minecraft:apple":1,"minecraft:wheat_seeds":8,"minecraft:beef":3,"minecraft:stone_pickaxe":2,"biomesoplenty:palm_sapling":2,"minecraft:calcite":24,"minecraft:iron_sword":2,"minecraft:acacia_sapling":3,"minecraft:egg":1,"minecraft:stick":5,"minecraft:stripped_crimson_hyphae":2,"grimoireofgaia:meat":1,"minecraft:acacia_log":90,"minecraft:green_bed":2,"aquaculture:perch":3,"farmersdelight:tomato_seeds":7,"minecraft:spruce_log":24,"minecraft:stone_sword":2,"minecraft:arrow":4,"minecraft:beetroot_seeds":3,"minecraft:stone_axe":4,"biomesoplenty:palm_log":10,"aquaculture:bayad":1,"minecraft:hay_block":11,"create:asurine":85,"minecraft:oak_sapling":18,"minecraft:melon_seeds":1,"minecraft:cobblestone":18,"minecraft:bone_block":1}},"DataVersion":3465}