{"stats":{"minecraft:killed":{"minecraft:spider":1},"minecraft:used":{"beachparty:coconut":8,"minecraft:stone_pickaxe":41,"minecraft:sandstone":5,"minecraft:sand":6,"minecraft:dirt":12,"minecraft:crafting_table":2,"biomesoplenty:orange_autumn_sapling":6,"biomesoplenty:maple_sapling":9,"minecraft:apple":1,"beachparty:coconut_open":5,"biomesoplenty:yellow_autumn_sapling":5,"beachparty:seashell":10,"biomesoplenty:toadstool":1,"minecraft:stone_axe":153,"minecraft:purple_bed":1,"minecraft:oak_sapling":1,"alexsmobs:animal_dictionary":2,"minecraft:coarse_dirt":4},"minecraft:picked_up":{"minecraft:birch_log":35,"minecraft:crafting_table":1,"minecraft:coarse_dirt":4,"minecraft:azure_bluet":4,"minecraft:lilac":3,"minecraft:golden_carrot":3,"maidensmaterials:earthen_essence":3,"biomesoplenty:orange_autumn_sapling":19,"minecraft:filled_map":1,"minecraft:oak_log":35,"beachparty:coconut":8,"wom:gesetz":1,"minecraft:blue_bed":1,"minecraft:dirt":12,"biomesoplenty:yellow_autumn_sapling":6,"beachparty:seashell":10,"minecraft:apple":1,"beachparty:coconut_open":12,"minecraft:wheat_seeds":1,"farmersdelight:cabbage":2,"minecraft:stone_pickaxe":2,"minecraft:poppy":1,"farmersdelight:cabbage_seeds":15,"biomesoplenty:toadstool":1,"minecraft:stick":22,"minecraft:raw_iron":4,"minecraft:sandstone":13,"patchouli:guide_book":2,"minecraft:dandelion":1,"minecraft:sand":15,"minecraft:dark_oak_log":69,"minecraft:mossy_cobblestone":6,"breadcraft:rye_seeds":2,"biomesoplenty:maple_sapling":20,"minecraft:purple_bed":2,"minecraft:stone_axe":1,"minecraft:beetroot_seeds":1,"maidensmaterials:chalcopyrite_chunk":5,"minecraft:oak_sapling":1,"iceandfire:raw_silver":2,"minecraft:cobblestone":22,"minecraft:sunflower":1},"minecraft:mined":{"minecraft:podzol":1,"biomesoplenty:orange_autumn_leaves":2,"iceandfire:silver_ore":2,"minecraft:mossy_cobblestone":6,"minecraft:dark_oak_log":69,"minecraft:dandelion":1,"minecraft:crafting_table":1,"minecraft:poppy":1,"farmersdelight:wild_cabbages":15,"minecraft:spruce_leaves":1,"minecraft:sandstone":8,"minecraft:blue_bed":1,"beachparty:seashell_block":10,"minecraft:purple_bed":2,"farmersdelight:sandy_shrub":1,"minecraft:coarse_dirt":4,"biomesoplenty:toadstool":1,"maidensmaterials:chalcopyrite_ore":4,"minecraft:birch_log":39,"minecraft:iron_ore":4,"minecraft:lilac":3,"minecraft:azure_bluet":2,"minecraft:grass":13,"minecraft:oak_log":35,"minecraft:dirt_path":1,"minecraft:sand":15,"minecraft:sunflower":1,"minecraft:dirt":10,"minecraft:stone":15,"minecraft:fern":2},"minecraft:crafted":{"minecraft:crafting_table":1,"minecraft:stone_axe":2,"minecraft:stone_pickaxe":1,"minecraft:stone_sword":1,"minecraft:dark_oak_planks":20},"minecraft:dropped":{"minecraft:wheat_seeds":1,"minecraft:lilac":3,"alexsmobs:animal_dictionary":1,"minecraft:mossy_cobblestone":6,"biomesoplenty:yellow_autumn_sapling":1,"biomesoplenty:maple_sapling":11,"biomesoplenty:orange_autumn_sapling":13,"minecraft:azure_bluet":4,"patchouli:guide_book":4,"minecraft:poppy":1,"maidensmaterials:earthen_essence":1,"minecraft:sunflower":1,"minecraft:stone_pickaxe":1,"breadcraft:rye_seeds":1,"minecraft:blue_bed":1,"minecraft:dandelion":1},"minecraft:broken":{"minecraft:stone_axe":1},"minecraft:custom":{"minecraft:mob_kills":1,"minecraft:interact_with_crafting_table":4,"minecraft:interact_with_grindstone":3,"minecraft:leave_game":1,"minecraft:time_since_death":52352,"minecraft:sleep_in_bed":2,"minecraft:time_since_rest":4202,"minecraft:sprint_one_cm":175039,"minecraft:walk_one_cm":189840,"minecraft:damage_taken":30,"minecraft:drop":21,"minecraft:damage_dealt":160,"minecraft:swim_one_cm":20221,"minecraft:fly_one_cm":45189,"minecraft:crouch_one_cm":1571,"minecraft:play_time":52352,"minecraft:sneak_time":1135,"minecraft:walk_under_water_one_cm":8087,"minecraft:boat_one_cm":51546,"minecraft:jump":224,"minecraft:walk_on_water_one_cm":12444,"minecraft:total_world_time":52352,"minecraft:fall_one_cm":4267}},"DataVersion":3465}