{"stats":{"minecraft:killed":{"minecraft:cave_spider":2,"minecraft:spider":2,"minecraft:salmon":8,"minecraft:squid":2,"minecraft:zombie":1},"minecraft:used":{"beachparty:coconut":60,"minecraft:chest":3,"minecraft:stone":2,"minecraft:iron_sword":6,"minecraft:torch":24,"minecraft:dirt":23,"jitl:lunium_sword":183,"biomesoplenty:maple_sapling":9,"minecraft:flowering_azalea":1,"butchersdelight:cleaver":13,"beachparty:coconut_open":50,"beachparty:palm_sapling":32,"luphieclutteredmod:luphie_heart_garland":3,"minecraft:golden_carrot":2,"minecraft:sweet_berries":10,"minecraft:oak_sapling":1,"minecraft:furnace":3,"luphieclutteredmod:luphie_black_cat_garland":1,"epicfight:skillbook":1,"minecraft:baked_potato":10,"minecraft:stone_pickaxe":324,"minecraft:sandstone":12,"minecraft:sand":15,"minecraft:crafting_table":3,"biomesoplenty:orange_autumn_sapling":6,"minecraft:apple":1,"luphieclutteredmod:luphie_wine_bottles":1,"minecraft:iron_pickaxe":1,"minecraft:spruce_sapling":1,"biomesoplenty:yellow_autumn_sapling":5,"beachparty:seashell":10,"biomesoplenty:toadstool":1,"minecraft:stone_axe":393,"travelersbackpack:standard":3,"minecraft:cobblestone":29,"minecraft:purple_bed":3,"minecraft:andesite":13,"alexsmobs:animal_dictionary":2,"minecraft:coarse_dirt":4},"minecraft:mined":{"biomesoplenty:orange_autumn_leaves":2,"iceandfire:silver_ore":2,"minecraft:mossy_cobblestone":6,"farmersdelight:wild_carrots":12,"minecraft:dark_oak_log":69,"minecraft:granite":5,"minecraft:grass_block":13,"farmersdelight:wild_cabbages":50,"minecraft:spruce_leaves":15,"minecraft:kelp":1,"minecraft:sandstone":37,"beachparty:sandwaves":4,"beachparty:seashell_block":12,"minecraft:large_fern":8,"minecraft:tall_seagrass":2,"minecraft:furnace":1,"biomesoplenty:toadstool":1,"maidensmaterials:chalcopyrite_ore":9,"farmersdelight:wild_rice":17,"minecraft:iron_ore":4,"biomesoplenty:violet":66,"minecraft:andesite":33,"minecraft:pumpkin":10,"minecraft:azure_bluet":2,"minecraft:dirt_path":1,"minecraft:azalea_leaves":2,"minecraft:stone":194,"farmersdelight:wild_potatoes":3,"minecraft:podzol":1,"minecraft:flowering_azalea":1,"minecraft:lily_of_the_valley":5,"minecraft:kelp_plant":7,"minecraft:dandelion":56,"minecraft:crafting_table":2,"minecraft:torch":14,"bakery:wild_strawberries":23,"minecraft:poppy":60,"minecraft:rose_bush":10,"minecraft:chest":1,"minecraft:copper_ore":7,"minecraft:cobblestone":2,"minecraft:sugar_cane":13,"minecraft:wall_torch":3,"minecraft:blue_bed":1,"minecraft:seagrass":2,"farmersdelight:wild_beetroots":19,"minecraft:purple_bed":3,"farmersdelight:sandy_shrub":5,"minecraft:coarse_dirt":4,"minecraft:sweet_berry_bush":15,"minecraft:birch_log":39,"minecraft:lilac":3,"biomesoplenty:maple_leaves":6,"luphieclutteredmod:luphie_heart_garland":2,"minecraft:grass":273,"beachparty:palm_log":164,"minecraft:oak_log":51,"minecraft:coal_ore":11,"beachparty:coconut_block":1,"minecraft:sunflower":1,"minecraft:sand":23,"minecraft:dirt":18,"minecraft:cobweb":1,"minecraft:oak_leaves":1,"minecraft:fern":369},"minecraft:picked_up":{"minecraft:crafting_table":2,"minecraft:coarse_dirt":4,"minecraft:allium":20,"minecraft:azure_bluet":12,"beachparty:rubber_ring_axolotl":1,"butchersdelightfoods:legcow":1,"minecraft:chicken":3,"breadcraft:garlic":13,"maidensmaterials:earthen_essence":3,"butchersdelightfoods:llamma_ribs":1,"biomesoplenty:orange_autumn_sapling":19,"biomesoplenty:violet":65,"bakery:strawberry_seeds":1,"butchersdelightfoods:llama_loin":1,"beachparty:coconut":62,"minecraft:cornflower":4,"jellyfishing:jellyfish_net":1,"minecraft:string":5,"wom:gesetz":1,"minecraft:raw_copper":30,"immersive_melodies:lute":1,"biomesoplenty:yellow_autumn_sapling":6,"beachparty:seashell":13,"minecraft:beetroot":4,"beachparty:coconut_open":63,"farmersdelight:cabbage":11,"minecraft:beef":4,"minecraft:rose_bush":39,"minecraft:azalea":5,"minecraft:poppy":59,"minecraft:iron_pickaxe":1,"breadcraft:tomato_seeds":16,"minecraft:sugar_cane":31,"minecraft:chest":1,"butchersdelightfoods:porkribs":6,"minecraft:egg":3,"farmersdelight:cabbage_seeds":50,"minecraft:furnace":1,"minecraft:stick":32,"minecraft:raw_iron":4,"minecraft:sandstone":36,"minecraft:torch":19,"breadcraft:wild_greens_seeds":20,"epicfight:skillbook":2,"minecraft:porkchop":4,"luphieclutteredmod:luphie_heart_garland":2,"minecraft:carrot":12,"breadcraft:thyme_seeds":12,"breadcraft:rye_seeds":19,"minecraft:rotten_flesh":9,"minecraft:beetroot_seeds":20,"butchersdelightfoods:ham":4,"minecraft:blue_dye":2,"breadcraft:basil_seeds":11,"minecraft:cobblestone":184,"minecraft:oxeye_daisy":3,"minecraft:birch_log":35,"minecraft:feather":4,"minecraft:lilac":47,"farmersdelight:rice":17,"minecraft:golden_carrot":3,"minecraft:salmon":7,"minecraft:andesite":29,"minecraft:leather":2,"minecraft:potato":3,"alexsmobs:cachalot_whale_tooth":1,"minecraft:filled_map":1,"beachparty:palm_log":163,"butchersdelight:deadpig":2,"minecraft:oak_log":48,"minecraft:gunpowder":2,"butchersdelight:goat_fur":2,"minecraft:dirt":27,"minecraft:blue_bed":3,"jellyfishing:jellyfish_jelly":3,"butchersdelight:deadchiken":3,"minecraft:apple":1,"minecraft:kelp":10,"minecraft:wheat_seeds":71,"minecraft:stone_pickaxe":2,"beachparty:overgrown_disc":1,"minecraft:flowering_azalea":3,"minecraft:iron_sword":1,"jitl:journey_chest":2,"biomesoplenty:toadstool":1,"bakery:strawberry":22,"minecraft:pumpkin":10,"minecraft:sweet_berries":93,"patchouli:guide_book":2,"jitl:lunium_sword":2,"beachparty:palm_sapling":32,"minecraft:dandelion":56,"breadcraft:hot_pepper_seeds":14,"breadcraft:peanut":15,"butchersdelight:cow_hide":6,"minecraft:sand":27,"breadcraft:mustard_seeds":26,"breadcraft:rosemary_seeds":21,"minecraft:spruce_sapling":1,"minecraft:lily_of_the_valley":5,"minecraft:ink_sac":21,"minecraft:spider_eye":2,"butchersdelightfoods:beefribs":1,"minecraft:dark_oak_log":69,"minecraft:mossy_cobblestone":12,"breadcraft:caper_seeds":15,"travelersbackpack:standard":1,"biomesoplenty:maple_sapling":20,"minecraft:purple_bed":3,"minecraft:stone_axe":1,"waystones:waystone":1,"maidensmaterials:chalcopyrite_chunk":10,"minecraft:granite":5,"minecraft:emerald":5,"biomesoplenty:pink_daffodil":22,"minecraft:oak_sapling":1,"breadcraft:onion_seeds":22,"minecraft:coal":20,"iceandfire:raw_silver":2,"minecraft:sunflower":1},"minecraft:killed_by":{"minecraft:skeleton":1},"minecraft:dropped":{"minecraft:wheat_seeds":7,"minecraft:lilac":3,"immersive_melodies:trumpet":1,"minecraft:mossy_cobblestone":12,"biomesoplenty:maple_sapling":11,"minecraft:cobblestone":1,"beachparty:palm_log":152,"moa_decor_cookery:copadevino":1,"minecraft:sunflower":1,"breadcraft:rye_seeds":1,"minecraft:blue_bed":3,"butchersdelight:cow_hide":6,"minecraft:dandelion":1,"butchersdelight:goat_fur":2,"minecraft:stone_sword":1,"alexsmobs:animal_dictionary":1,"beachparty:seashell":3,"biomesoplenty:yellow_autumn_sapling":1,"minepop:randombox":9,"jitl:lunium_sword":1,"biomesoplenty:orange_autumn_sapling":13,"minecraft:azure_bluet":4,"patchouli:guide_book":4,"minecraft:poppy":1,"maidensmaterials:earthen_essence":1,"minecraft:stone_pickaxe":1,"breadcraft:rosemary_seeds":1},"minecraft:crafted":{"minecraft:black_dye":21,"jitl:lunium_ingot":7,"minecraft:oak_planks":108,"minecraft:smooth_stone":9,"minecraft:smooth_stone_slab":18,"breadcraft:rolling_pin":1,"luphieclutteredmod:luphie_black_cat_garland":1,"immersive_melodies:trumpet":2,"moa_decor_cookery:copadevino":1,"minecraft:furnace":2,"butchersdelightfoods:cooked_ham":2,"minecraft:stone":11,"butchersdelightfoods:cooked_llama_ribs":1,"minecraft:pink_dye":22,"minecraft:glass_pane":16,"minecraft:glass":16,"butchersdelightfoods:cookedporkribs":1,"moa_decor_cookery:copa":1,"butchersdelightfoods:cooked_llama_loin":1,"minecraft:stone_pickaxe":3,"minecraft:chest":2,"minepop:randombox":9,"minecraft:dark_oak_planks":20,"minecraft:magenta_dye":108,"beachparty:palm_planks":228,"minecraft:red_dye":116,"minecraft:glass_bottle":6,"minecraft:oak_slab":6,"minecraft:wooden_shovel":1,"iceandfire:silver_ingot":2,"minecraft:crafting_table":1,"farmersdelight:iron_knife":1,"minecraft:baked_potato":10,"breadcraft:mortar_pestle":1,"luphieclutteredmod:luphie_wine_bottles":1,"minecraft:copper_ingot":37,"breadcraft:bread_knife":1,"butchersdelight:cleaver":1,"minecraft:campfire":1,"minecraft:stone_axe":2,"minecraft:air":0,"minecraft:blue_dye":26,"moa_decor_cookery:gemadecocina":9,"farmersdelight:cutting_board":1,"minecraft:purple_dye":65,"minecraft:yellow_dye":55,"minecraft:charcoal":17,"minecraft:white_dye":1,"breadcraft:chefs_knife":1,"minecraft:stick":60,"minecraft:iron_ingot":54,"breadcraft:kneading_board":1,"minecraft:iron_pickaxe":1,"minecraft:stone_sword":1,"minecraft:armor_stand":9,"minecraft:light_gray_dye":11,"luphieclutteredmod:luphie_heart_garland":1,"minecraft:torch":32,"bakery:strawberry_seeds":6},"minecraft:broken":{"minecraft:stone_pickaxe":2,"minecraft:stone_axe":2},"minecraft:custom":{"minecraft:mob_kills":15,"minecraft:interact_with_crafting_table":58,"minecraft:leave_game":2,"minecraft:time_since_death":4687,"minecraft:climb_one_cm":22413,"minecraft:sprint_one_cm":1077343,"minecraft:walk_one_cm":1184129,"minecraft:drop":44,"minecraft:play_time":381613,"minecraft:deaths":1,"minecraft:sneak_time":7905,"minecraft:walk_under_water_one_cm":97329,"minecraft:boat_one_cm":51546,"minecraft:jump":1544,"minecraft:walk_on_water_one_cm":277426,"minecraft:total_world_time":381613,"minecraft:interact_with_furnace":71,"minecraft:interact_with_grindstone":3,"minecraft:sleep_in_bed":4,"minecraft:waystone_activated":1,"minecraft:time_since_rest":4883,"minecraft:damage_taken":1268,"minecraft:damage_dealt":1868,"minecraft:swim_one_cm":61792,"minecraft:fly_one_cm":322283,"minecraft:open_chest":218,"minecraft:crouch_one_cm":16240,"minecraft:fall_one_cm":21569}},"DataVersion":3465}