{"stats":{"minecraft:broken":{"minecraft:stone_axe":1},"minecraft:used":{"minecraft:wooden_pickaxe":48,"aquaculture:bluegill":2,"minecraft:dirt":3,"naturalist:venison":2,"minecraft:crafting_table":1,"minecraft:apple":1,"minecraft:bread":2,"minecraft:stone_axe":180,"naturalist:cooked_duck":3,"minecraft:oak_sapling":3},"minecraft:crafted":{"naturalist:cooked_duck":1,"minecraft:wheat":45},"minecraft:dropped":{"naturalist:antler":1,"minecraft:wheat_seeds":1,"minecraft:oak_sapling":1,"minecraft:acacia_sapling":1},"minecraft:picked_up":{"minecraft:crafting_table":2,"minecraft:wheat":1,"minecraft:feather":8,"minecraft:chicken":5,"naturalist:venison":2,"minecraft:wooden_pickaxe":1,"minecraft:oak_log":235,"supplementaries:flax_seeds":3,"farmersdelight:tomato":1,"minecraft:dirt":6,"minecraft:paper":3,"minecraft:apple":1,"aquaculture:bluegill":2,"irons_spellbooks:conjurers_talisman":1,"minecraft:wheat_seeds":10,"minecraft:iron_nugget":1,"minecraft:sugar_cane":33,"minecraft:acacia_sapling":2,"naturalist:cooked_duck":2,"minecraft:egg":1,"minecraft:stick":6,"naturalist:duck":1,"minecraft:pumpkin":1,"patchouli:guide_book":2,"minecraft:acacia_log":94,"farmersdelight:tomato_seeds":4,"minecraft:ink_sac":4,"minecraft:carrot":30,"naturalist:duck_egg":1,"biomesoplenty:mahogany_log":9,"naturalist:antler":3,"minecraft:beetroot_seeds":10,"minecraft:stone_axe":4,"minecraft:hay_block":25,"minecraft:oak_sapling":13},"minecraft:killed_by":{"grimoireofgaia:spriggan":1,"grimoireofgaia:werecat":1},"minecraft:mined":{"minecraft:acacia_leaves":9,"bamboo:lavally":1,"farmersdelight:wild_carrots":29,"biomesoplenty:desert_grass":1,"minecraft:acacia_log":48,"biomesoplenty:bush":1,"minecraft:grass_block":4,"supplementaries:wild_flax":3,"farmersdelight:wild_tomatoes":4,"minecraft:sugar_cane":26,"minecraft:hay_block":23,"minecraft:tall_seagrass":2,"biomesoplenty:mahogany_log":11,"minecraft:wheat":8,"minecraft:grass":20,"minecraft:oak_log":97,"minecraft:beetroots":5,"minecraft:oak_leaves":22,"minecraft:fern":1},"minecraft:killed":{"aquaculture:bluegill":2,"naturalist:duck":1,"minecraft:squid":2,"minecraft:chicken":5,"grimoireofgaia:mandragora":1},"minecraft:custom":{"minecraft:interact_with_furnace":2,"minecraft:mob_kills":11,"minecraft:leave_game":3,"minecraft:time_since_death":26448,"minecraft:time_since_rest":26596,"minecraft:sprint_one_cm":205183,"minecraft:damage_taken":620,"minecraft:walk_one_cm":101526,"minecraft:drop":4,"minecraft:damage_dealt":1164,"minecraft:swim_one_cm":23755,"minecraft:fly_one_cm":73659,"minecraft:open_chest":1,"minecraft:crouch_one_cm":1096,"minecraft:play_time":46554,"minecraft:deaths":2,"minecraft:sneak_time":954,"minecraft:walk_under_water_one_cm":8344,"minecraft:jump":477,"minecraft:walk_on_water_one_cm":11011,"minecraft:total_world_time":46554,"minecraft:fall_one_cm":12858}},"DataVersion":3465}