{"stats":{"minecraft:custom":{"minecraft:mob_kills":10,"minecraft:interact_with_crafting_table":52,"minecraft:bell_ring":1,"minecraft:leave_game":6,"minecraft:time_since_death":93559,"minecraft:sprint_one_cm":469324,"minecraft:walk_one_cm":506401,"minecraft:drop":89,"minecraft:talked_to_villager":10,"minecraft:play_time":468506,"minecraft:sneak_time":13033,"minecraft:deaths":3,"minecraft:walk_under_water_one_cm":19999,"minecraft:jump":2089,"minecraft:walk_on_water_one_cm":28737,"minecraft:total_world_time":468506,"minecraft:interact_with_furnace":18,"minecraft:interact_with_cartography_table":1,"minecraft:interact_with_stonecutter":3,"minecraft:sleep_in_bed":19,"minecraft:time_since_rest":4729,"minecraft:damage_taken":2801,"minecraft:damage_dealt":3164,"minecraft:swim_one_cm":62378,"minecraft:fly_one_cm":226043,"minecraft:open_chest":224,"minecraft:crouch_one_cm":10001,"minecraft:fall_one_cm":51154,"minecraft:horse_one_cm":3894},"minecraft:mined":{"biomesoplenty:orange_autumn_leaves":3,"minecraft:candle":1,"bamboo:lavally":1,"biomesoplenty:desert_grass":2,"minecraft:dark_oak_log":5,"bamboo:gazanite_flower":1,"biomesoplenty:bush":5,"minecraft:stripped_crimson_hyphae":3,"minecraft:acacia_log":79,"minecraft:grass_block":128,"biomesoplenty:flowering_oak_leaves":2,"minecraft:spruce_leaves":18,"minecraft:moss_block":43,"biomesoplenty:dune_grass":6,"biomesoplenty:palm_log":10,"minecraft:hay_block":36,"minecraft:large_fern":1,"minecraft:iron_ore":9,"minecraft:moss_carpet":3,"minecraft:peony":2,"minecraft:azure_bluet":1,"create:asurine":90,"minecraft:dirt_path":1,"minecraft:cave_vines":2,"biomesoplenty:redwood_log":16,"minecraft:bamboo":2,"minecraft:azalea_leaves":1,"minecraft:azalea":3,"minecraft:stone":188,"minecraft:green_bed":3,"minecraft:acacia_leaves":27,"minecraft:flowering_azalea":7,"biomesoplenty:glowworm_silk":1,"minecraft:melon_stem":1,"travelersbackpack:standard":1,"minecraft:clay":2,"minecraft:crafting_table":3,"minecraft:torch":3,"minecraft:calcite":24,"minecraft:copper_ore":15,"minecraft:tall_grass":18,"farmersdelight:wild_tomatoes":6,"minecraft:wall_torch":6,"minecraft:big_dripleaf":1,"minecraft:lime_bed":5,"biomesoplenty:glowworm_silk_strand":1,"minecraft:sweet_berry_bush":28,"farmersdelight:cutting_board":6,"minecraft:wheat":6,"minecraft:spruce_log":127,"biomesoplenty:maple_leaves":5,"minecraft:grass":56,"minecraft:coal_ore":193,"minecraft:oak_log":141,"minecraft:beetroots":3,"minecraft:sand":1,"minecraft:sunflower":3,"minecraft:dirt":52,"minecraft:smooth_basalt":1,"minecraft:oak_leaves":36,"minecraft:fern":10},"minecraft:broken":{"minecraft:stone_pickaxe":4,"minecraft:stone_axe":3},"minecraft:picked_up":{"biomesoplenty:redwood_log":17,"minecraft:iron_chestplate":2,"minecraft:crafting_table":3,"aquaculture:synodontis":6,"minecraft:wheat":2,"minecraft:azure_bluet":1,"minecraft:ladder":1,"minecraft:clay_ball":8,"minecraft:wither_rose":1,"minecraft:gold_block":2,"minecraft:golden_shovel":1,"minecraft:stone_brick_stairs":3,"biomesoplenty:sea_oats":1,"tww:weathered_tower_bricks":8,"minecraft:brick":6,"farmersdelight:cutting_board":8,"minecraft:string":2,"minecraft:moss_carpet":17,"minecraft:raw_copper":51,"minecraft:iron_axe":2,"minecraft:iron_leggings":2,"tww:masters_broomstickitem":1,"minecraft:iron_shovel":5,"minecraft:blackstone":2,"farmersdelight:beef_patty":4,"minecraft:candle":4,"minecraft:beef":18,"minecraft:written_book":1,"bamboo:whistle":1,"minecraft:calcite":25,"minecraft:azalea":5,"minecraft:iron_nugget":2,"minecraft:melon_slice":1,"farmersdelight:cabbage_seeds":3,"minecraft:iron_boots":2,"minecraft:egg":1,"minecraft:stripped_crimson_hyphae":5,"minecraft:stick":32,"minecraft:raw_iron":9,"grimoireofgaia:meat":1,"minecraft:big_dripleaf":1,"farmersdelight:minced_beef":6,"minecraft:bowl":1,"minecraft:torch":24,"minecraft:acacia_log":90,"minecraft:green_bed":2,"minecraft:spruce_fence":1,"aquaculture:perch":3,"minecraft:fire_charge":2,"farmersdelight:tomato_seeds":9,"minecraft:goat_horn":1,"minecraft:tnt":1,"minecraft:stone_sword":3,"minecraft:arrow":21,"minecraft:rotten_flesh":14,"minecraft:beetroot_seeds":3,"biomesoplenty:palm_log":10,"minecraft:glistering_melon_slice":2,"minecraft:hay_block":36,"create:asurine":85,"farmersdelight:rope":23,"minecraft:saddle":1,"biomesoplenty:redwood_sapling":4,"supplementaries:ash":1,"farmersdelight:raw_pasta":2,"minecraft:glow_berries":1,"biomesoplenty:orange_sand":1,"minecraft:skeleton_skull":1,"minecraft:bone_block":1,"minecraft:cobblestone":195,"minecraft:lime_bed":7,"farmersdelight:onion_crate":6,"minecraft:feather":4,"farmersdelight:rice":10,"minecraft:golden_carrot":1,"tww:mana":64,"minecraft:potato":20,"minecraft:filled_map":1,"farmersdelight:bacon":2,"supplementaries:soap":5,"minecraft:oak_log":238,"supplementaries:flute":1,"supplementaries:flax_seeds":3,"farmersdelight:cooked_bacon":2,"farmersdelight:salmon_slice":2,"farmersdelight:tomato":2,"minecraft:dirt":240,"minecraft:bone":9,"minecraft:acacia_planks":12,"minecraft:apple":6,"minecraft:stone_bricks":2,"farmersdelight:salmon_roll":1,"minecraft:wheat_seeds":39,"minecraft:stone_pickaxe":5,"biomesoplenty:palm_sapling":2,"minecraft:cyan_candle":3,"minecraft:bamboo":12,"minecraft:moss_block":43,"minecraft:iron_sword":4,"minecraft:flowering_azalea":8,"minecraft:acacia_sapling":3,"minecraft:smooth_basalt":1,"minecraft:sweet_berries":66,"tww:tower_bricks":47,"minecraft:sand":14,"aquaculture:stone_fillet_knife":1,"minecraft:spruce_sapling":13,"buildersdelight:iron_chisel":1,"minecraft:ink_sac":2,"minecraft:spruce_log":138,"minecraft:dark_oak_log":5,"grimoireofgaia:shiny_pearl":1,"minecraft:dark_prismarine":32,"travelersbackpack:standard":2,"minecraft:coal_ore":1,"buildersdelight:lantern_8":1,"minecraft:stone_axe":5,"aquaculture:bayad":1,"minecraft:iron_helmet":2,"supplementaries:bubble_blower":1,"minecraft:granite":18,"minecraft:crossbow":1,"minecraft:golden_apple":1,"minecraft:bread":39,"minecraft:oak_sapling":18,"minecraft:melon_seeds":1,"minecraft:bricks":5,"minecraft:coal":193,"minecraft:sunflower":6},"minecraft:crafted":{"minecraft:oak_planks":116,"buildersdelight:acacia_table_1":1,"farmersdelight:cooked_rice":2,"minecraft:stone_pickaxe":6,"minecraft:chest":5,"minecraft:stone_hoe":1,"buildersdelight:acacia_furniture_kit":2,"minecraft:wheat":261,"farmersdelight:stove":1,"minecraft:glass_bottle":3,"minecraft:wooden_shovel":1,"minecraft:crafting_table":3,"minecraft:spruce_planks":20,"minecraft:acacia_slab":6,"minecraft:bowl":4,"farmersdelight:cooking_pot":1,"farmersdelight:salmon_roll":2,"minecraft:bucket":1,"minecraft:campfire":1,"minecraft:stone_axe":1,"farmersdelight:wheat_dough":6,"minecraft:bread":72,"farmersdelight:cutting_board":2,"minecraft:stick":24,"minecraft:iron_ingot":16,"aquaculture:stone_fillet_knife":1,"minecraft:stone_sword":1,"minecraft:acacia_planks":56,"minecraft:torch":36,"biomesoplenty:palm_planks":4,"farmersdelight:onion":9},"minecraft:killed_by":{"minecraft:husk":1,"grimoireofgaia:cecaelia":1,"grimoireofgaia:sphinx":1},"minecraft:killed":{"minecraft:spider":1,"minecraft:skeleton":2,"mythicmounts:griffon":1,"minecraft:squid":1,"minecraft:zombie":4,"minecraft:villager":1},"minecraft:used":{"buildersdelight:lantern_8":1,"minecraft:stone_sword":28,"minecraft:iron_shovel":68,"minecraft:flint_and_steel":2,"minecraft:chest":5,"farmersdelight:stove":1,"minecraft:iron_sword":82,"minecraft:torch":31,"buildersdelight:acacia_table_1":1,"minecraft:dirt":74,"farmersdelight:tomato":2,"minecraft:coal_ore":1,"minecraft:iron_axe":26,"minecraft:melon_seeds":1,"farmersdelight:cutting_board":9,"minecraft:beef":3,"minecraft:written_book":1,"minecraft:oak_sapling":18,"minecraft:furnace":1,"grimoireofgaia:meat":1,"farmersdelight:cooking_pot":1,"minecraft:egg":1,"minecraft:wheat_seeds":7,"minecraft:stone_pickaxe":575,"biomesoplenty:redwood_sapling":4,"minecraft:green_bed":2,"minecraft:lime_bed":6,"minecraft:crafting_table":4,"minecraft:apple":3,"minecraft:sunflower":1,"minecraft:bread":50,"minecraft:spruce_sapling":9,"minecraft:stone_axe":485,"travelersbackpack:standard":15,"minecraft:stripped_crimson_hyphae":3,"minecraft:bucket":3,"minecraft:wither_rose":1,"tww:masters_broomstickitem":1,"minecraft:candle":1},"minecraft:dropped":{"minecraft:iron_sword":1,"minecraft:wheat_seeds":2,"minecraft:oak_log":64,"minecraft:tnt":1,"farmersdelight:cooked_bacon":2,"minecraft:apple":7,"minecraft:granite":18,"minecraft:saddle":1,"minecraft:gold_block":2,"farmersdelight:salmon_roll":2,"minecraft:dirt":1,"biomesoplenty:orange_sand":1,"biomesoplenty:redwood_log":1,"minecraft:melon_slice":1,"minecraft:sunflower":5,"minecraft:sand":14,"minecraft:iron_shovel":1,"minecraft:acacia_planks":4,"minecraft:bone":2,"minecraft:stone_axe":1,"minecraft:sweet_berries":19,"minecraft:rotten_flesh":6,"minecraft:azure_bluet":1,"farmersdelight:cutting_board":1,"farmersdelight:minced_beef":2,"minecraft:bamboo":12,"minecraft:arrow":2,"minecraft:beef":2,"minecraft:stone_pickaxe":1}},"DataVersion":3465}