{"stats":{"minecraft:killed":{"minecraft:spider":1},"minecraft:used":{"beachparty:coconut":8,"beachparty:coconut_open":5,"biomesoplenty:yellow_autumn_sapling":5,"beachparty:seashell":10,"biomesoplenty:toadstool":1,"minecraft:dirt":5,"minecraft:stone_axe":153,"minecraft:oak_sapling":1,"alexsmobs:animal_dictionary":2,"biomesoplenty:orange_autumn_sapling":6,"biomesoplenty:maple_sapling":9},"minecraft:mined":{"biomesoplenty:orange_autumn_leaves":2,"minecraft:purple_bed":1,"biomesoplenty:toadstool":1,"minecraft:birch_log":39,"minecraft:lilac":3,"minecraft:dark_oak_log":69,"minecraft:dandelion":1,"minecraft:azure_bluet":2,"minecraft:grass":12,"minecraft:oak_log":35,"minecraft:poppy":1,"minecraft:dirt_path":1,"minecraft:dirt":4,"minecraft:sunflower":1,"farmersdelight:wild_cabbages":10,"minecraft:blue_bed":1,"minecraft:fern":1,"beachparty:seashell_block":10},"minecraft:picked_up":{"biomesoplenty:toadstool":1,"minecraft:birch_log":35,"minecraft:stick":22,"minecraft:lilac":3,"minecraft:azure_bluet":2,"minecraft:golden_carrot":3,"maidensmaterials:earthen_essence":3,"patchouli:guide_book":2,"minecraft:dandelion":1,"biomesoplenty:orange_autumn_sapling":19,"minecraft:oak_log":35,"beachparty:coconut":8,"minecraft:dark_oak_log":69,"minecraft:dirt":5,"minecraft:blue_bed":1,"biomesoplenty:yellow_autumn_sapling":6,"breadcraft:rye_seeds":2,"minecraft:purple_bed":1,"biomesoplenty:maple_sapling":20,"beachparty:seashell":10,"minecraft:apple":1,"beachparty:coconut_open":12,"minecraft:stone_axe":1,"minecraft:wheat_seeds":1,"minecraft:stone_pickaxe":2,"minecraft:poppy":1,"minecraft:oak_sapling":1,"farmersdelight:cabbage_seeds":10,"minecraft:sunflower":1},"minecraft:dropped":{"minecraft:wheat_seeds":1,"alexsmobs:animal_dictionary":1,"biomesoplenty:yellow_autumn_sapling":1,"maidensmaterials:earthen_essence":1,"biomesoplenty:orange_autumn_sapling":13,"minecraft:stone_pickaxe":1,"breadcraft:rye_seeds":1,"patchouli:guide_book":4},"minecraft:broken":{"minecraft:stone_axe":1},"minecraft:custom":{"minecraft:time_since_rest":6638,"minecraft:sprint_one_cm":125082,"minecraft:damage_taken":30,"minecraft:walk_one_cm":152068,"minecraft:mob_kills":1,"minecraft:drop":12,"minecraft:damage_dealt":160,"minecraft:swim_one_cm":8237,"minecraft:fly_one_cm":29851,"minecraft:crouch_one_cm":720,"minecraft:play_time":40352,"minecraft:sneak_time":820,"minecraft:walk_under_water_one_cm":1858,"minecraft:boat_one_cm":51546,"minecraft:jump":138,"minecraft:interact_with_grindstone":3,"minecraft:leave_game":1,"minecraft:walk_on_water_one_cm":5070,"minecraft:time_since_death":40352,"minecraft:sleep_in_bed":1,"minecraft:total_world_time":40352,"minecraft:fall_one_cm":2953}},"DataVersion":3465}