{"stats":{"minecraft:broken":{"minecraft:iron_shovel":5,"minecraft:stone_pickaxe":9,"minecraft:wooden_pickaxe":1,"minecraft:iron_pickaxe":2},"minecraft:crafted":{"minecraft:brick":23,"minecraft:cobblestone_slab":10,"minecraft:polished_deepslate_wall":2,"minecraft:cooked_chicken":1,"minecraft:cobblestone_stairs":10,"minecraft:cooked_mutton":2,"minecraft:glass":155,"ageofweapons:caveman_spear":1,"minecraft:chest":3,"minecraft:bricks":4,"farmersdelight:stove":1,"minecraft:blue_stained_glass":8,"minecraft:wooden_shovel":1,"minecraft:crafting_table":5,"minecraft:cobbled_deepslate_wall":2,"minecraft:copper_ingot":9,"chipped:carpenters_table":1,"minecraft:campfire":1,"biomesoplenty:fir_planks":72,"farmersdelight:cutting_board":1,"minecraft:stick":32,"minecraft:iron_ingot":11,"minecraft:iron_pickaxe":2,"minecraft:gold_ingot":9,"minecraft:light_blue_stained_glass":8,"minecraft:deepslate_bricks":2,"minecraft:cobbled_deepslate_slab":4,"minecraft:iron_nugget":9,"minecraft:bone_meal":15,"minecraft:lantern":1,"minecraft:deepslate_brick_wall":2,"minecraft:iron_axe":1,"minecraft:stone_pickaxe":10,"minecraft:cobbled_deepslate_stairs":24,"minecraft:deepslate_tile_wall":2,"minecraft:wheat":126,"biomesoplenty:umbran_planks":4,"minecraft:deepslate_brick_slab":52,"farmersdelight:cooking_pot":1,"biomesoplenty:umbran_door":3,"minecraft:bucket":1,"minecraft:stone_axe":1,"minecraft:air":0,"minecraft:bread":36,"minecraft:red_stained_glass":8,"aquaculture:stone_fillet_knife":1,"minecraft:wooden_axe":1,"minecraft:iron_shovel":1,"minecraft:torch":20,"create:zinc_ingot":1},"minecraft:picked_up":{"minecraft:chiseled_deepslate":151,"buildersdelight:cobblestone_slab_2":10,"minecraft:polished_deepslate_wall":2,"farmersdelight:cutting_board":1,"minecraft:polished_deepslate":109,"minecraft:string":2,"chipped:boarded_mangrove_door":3,"minecraft:red_candle":4,"biomesoplenty:tall_lavender":5,"chipped:prismal_cobblestone_remnants":14,"minecraft:deepslate_tiles":106,"minecraft:gold_nugget":1,"minecraft:cobbled_deepslate":847,"minecraft:bucket":1,"biomesoplenty:fir_planks":36,"ageofweapons:caveman_spear":2,"minecraft:red_dye":11,"minecraft:calcite":4,"minecraft:iron_pickaxe":4,"minecraft:deepslate_tile_wall":2,"chipped:fancy_red_stained_glass":2,"chipped:overlapping_cobblestone_tiles":184,"minecraft:iron_boots":2,"minecraft:stick":29,"minecraft:torch":52,"biomesoplenty:umbran_planks":4,"minecraft:golden_axe":3,"minecraft:cherry_log":18,"minecraft:pointed_dripstone":6,"aether:golden_gloves":2,"minecraft:stone_sword":5,"chipped:ornate_cobblestone_pillar":102,"minecraft:rotten_flesh":4,"artifacts:villager_hat":5,"farmersdelight:onion":12,"minecraft:blue_dye":12,"minecraft:mangrove_door":6,"minecraft:cod":1,"minecraft:cobblestone":802,"biomesoplenty:lavender":23,"minecraft:pink_petals":72,"minecraft:feather":1,"minecraft:cooked_beef":10,"biomesoplenty:fir_sapling":11,"biomesoplenty:fir_log":164,"minecraft:tuff":8,"create:raw_zinc":1,"minecraft:dirt":2183,"minecraft:lantern":3,"minecraft:glass":63,"minecraft:wheat_seeds":25,"minecraft:deepslate_brick_slab":8,"minecraft:raw_gold":4,"minecraft:cobbled_deepslate_slab":6,"minecraft:light_blue_dye":22,"minecraft:bamboo":44,"minecraft:sand":50,"aquaculture:stone_fillet_knife":1,"buildersdelight:iron_chisel":3,"minecraft:dark_oak_log":19,"minecraft:soul_lantern":4,"minecraft:bread":39,"chipped:bordered_cobblestone":12,"minecraft:bricks":3,"minecraft:mud":1,"minecraft:allium":27,"grimoireofgaia:soulfire":2,"minecraft:chicken":1,"minecraft:wooden_pickaxe":1,"minecraft:cornflower":34,"warriorsofpastepoch:cistus":29,"minecraft:flint_and_steel":1,"tww:masters_broomstickitem":2,"minecraft:iron_shovel":5,"farmersdelight:beef_patty":4,"minecraft:iron_nugget":2,"minecraft:poppy":20,"naturalist:catfish":1,"minecraft:sugar_cane":11,"minecraft:egg":1,"minecraft:dark_oak_sapling":14,"minecraft:raw_iron":9,"farmersdelight:minced_beef":8,"chipped:ornate_light_blue_stained_glass":1,"farmersdelight:tomato_seeds":7,"minecraft:carrot":20,"minecraft:redstone":16,"minecraft:cooked_cod":1,"biomesoplenty:umbran_sapling":8,"minecraft:deepslate_bricks":345,"chipped:arched_blue_stained_glass_pillar":8,"minecraft:diamond_boots":1,"minecraft:hay_block":12,"minecraft:mutton":2,"minecraft:white_wool":1,"minecraft:oxeye_daisy":19,"chipped:cut_cobblestone_column":11,"artifacts:novelty_drinking_hat":1,"biomesoplenty:umbran_door":3,"minecraft:cobbled_deepslate_stairs":14,"minecraft:yellow_bed":2,"ageofweapons:machete_iron":4,"farmersdelight:cooking_pot":4,"minecraft:stone_pickaxe":5,"minecraft:iron_ingot":3,"portablemobs:master_capture_cell":1,"aquaculture:minnow":1,"minecraft:iron_sword":1,"biomesoplenty:umbran_log":41,"minecraft:book":6,"minecraft:black_candle":9,"minecraft:sweet_berries":24,"minecraft:dripstone_block":7,"minecraft:spider_eye":1,"travelersbackpack:standard":5,"minecraft:stone_axe":1,"minecraft:cherry_sapling":4,"buildersdelight:cobblestone_stairs_2":20,"minecraft:coal":135},"minecraft:mined":{"warriorsofpastepoch:cistus":26,"minecraft:cobbled_deepslate_stairs":12,"minecraft:black_candle_cake":1,"minecraft:cherry_log":18,"chipped:boarded_mangrove_door":3,"biomesoplenty:umbran_planks":4,"minecraft:deepslate_tile_wall":2,"minecraft:grass_block":835,"minecraft:mangrove_door":6,"buildersdelight:cobblestone_stairs_2":4,"minecraft:deepslate_bricks":146,"minecraft:oxeye_daisy":10,"biomesoplenty:tall_lavender":5,"minecraft:iron_ore":8,"minecraft:cobbled_deepslate":82,"biomesoplenty:lavender":18,"chipped:cut_cobblestone_column":11,"biomesoplenty:hanging_cobweb":1,"minecraft:pointed_dripstone":1,"minecraft:flowering_azalea_leaves":2,"amendments:wall_lantern":4,"biomesoplenty:webbing":5,"minecraft:black_candle":2,"minecraft:azalea_leaves":1,"biomesoplenty:jacaranda_leaves":1,"minecraft:deepslate_redstone_ore":4,"chipped:overlapping_cobblestone_tiles":90,"minecraft:medium_amethyst_bud":1,"biomesoplenty:hanging_cobweb_strand":1,"minecraft:torch":10,"minecraft:poppy":10,"minecraft:cobblestone":7,"minecraft:sugar_cane":8,"minecraft:wall_torch":2,"minecraft:pink_petals":27,"minecraft:red_candle":1,"minecraft:mud":1,"farmersdelight:cutting_board":1,"chipped:arched_blue_stained_glass_pillar":2,"buildersdelight:cobblestone_slab_2":2,"biomesoplenty:umbran_log":41,"biomesoplenty:fir_log":91,"minecraft:grass":44,"minecraft:dirt":456,"biomesoplenty:umbran_leaves":5,"minecraft:polished_deepslate_wall":2,"minecraft:deepslate":495,"minecraft:deepslate_tiles":7,"minecraft:tuff":7,"minecraft:dark_oak_leaves":4,"farmersdelight:wild_carrots":20,"minecraft:dark_oak_log":19,"chipped:ornate_light_blue_stained_glass":1,"minecraft:cobbled_deepslate_slab":5,"minecraft:large_fern":2,"minecraft:hay_block":12,"farmersdelight:wild_onions":12,"chipped:ornate_cobblestone_pillar":6,"minecraft:deepslate_brick_slab":8,"biomesoplenty:jacaranda_log":5,"minecraft:chiseled_deepslate":29,"minecraft:polished_deepslate":7,"minecraft:deepslate_iron_ore":1,"minecraft:lantern":1,"biomesoplenty:barley":21,"minecraft:bamboo":4,"biomesoplenty:spider_egg":1,"minecraft:stone":694,"biomesoplenty:umbran_door":3,"farmersdelight:cooking_pot":4,"buildersdelight:glass_6":2,"buildersdelight:glass_7":2,"travelersbackpack:standard":4,"minecraft:sculk_sensor":4,"minecraft:tall_grass":4,"minecraft:deepslate_gold_ore":5,"minecraft:sculk":4,"chipped:bordered_cobblestone":12,"minecraft:sweet_berry_bush":10,"minecraft:yellow_bed":3,"minecraft:coal_ore":117,"biomesoplenty:fir_leaves":37,"chipped:prismal_cobblestone_remnants":14,"minecraft:dripstone_block":7,"minecraft:cobweb":2,"minecraft:small_dripleaf":1,"minecraft:fern":4},"minecraft:used":{"minecraft:iron_shovel":1205,"minecraft:polished_deepslate":29,"minecraft:chiseled_deepslate":29,"minecraft:poppy":20,"farmersdelight:stove":1,"minecraft:chest":3,"chipped:ornate_light_blue_stained_glass":3,"buildersdelight:cobblestone_slab_2":4,"chipped:arched_light_blue_stained_glass_pillar":2,"minecraft:deepslate_brick_slab":352,"minecraft:tuff":2,"biomesoplenty:fir_sapling":11,"minecraft:lantern":2,"chipped:prismal_cobblestone_remnants":14,"farmersdelight:cutting_board":2,"buildersdelight:glass_6":2,"buildersdelight:glass_7":2,"minecraft:stone_pickaxe":1341,"minecraft:wooden_pickaxe":52,"biomesoplenty:lavender":9,"biomesoplenty:umbran_door":3,"minecraft:cobbled_deepslate_stairs":42,"minecraft:deepslate_tiles":28,"chipped:cut_cobblestone_column":33,"minecraft:mangrove_door":4,"minecraft:bread":49,"buildersdelight:cobblestone_stairs_2":6,"minecraft:soul_lantern":2,"chipped:fancy_red_stained_glass":4,"chipped:carpenters_table":1,"tww:masters_broomstickitem":1,"minecraft:bone_meal":3,"minecraft:stone_sword":40,"chipped:bordered_cobblestone":12,"minecraft:torch":33,"minecraft:dirt":158,"chipped:arched_red_stained_glass_pillar":2,"minecraft:iron_axe":55,"biomesoplenty:tall_lavender":2,"minecraft:polished_deepslate_wall":2,"ageofweapons:caveman_spear":2,"warriorsofpastepoch:cistus":5,"chipped:small_red_stained_glass":2,"farmersdelight:cooking_pot":5,"chipped:boarded_mangrove_door":5,"minecraft:cooked_beef":3,"minecraft:cobbled_deepslate":58,"minecraft:golden_axe":10,"minecraft:pointed_dripstone":1,"minecraft:deepslate_bricks":427,"chipped:arched_blue_stained_glass_pillar":4,"minecraft:crafting_table":4,"minecraft:deepslate_tile_wall":3,"minecraft:mud":1,"minecraft:cornflower":16,"minecraft:oxeye_daisy":16,"minecraft:iron_pickaxe":506,"minecraft:stone_axe":109,"chipped:overlapping_cobblestone_tiles":434,"minecraft:cobblestone":10,"travelersbackpack:standard":3,"minecraft:cobbled_deepslate_slab":84,"minecraft:bucket":1,"minecraft:yellow_bed":2,"chipped:ornate_cobblestone_pillar":24,"biomesoplenty:fir_log":3},"minecraft:custom":{"minecraft:interact_with_crafting_table":44,"minecraft:open_barrel":40,"minecraft:leave_game":1,"minecraft:time_since_death":84049,"minecraft:sprint_one_cm":708316,"minecraft:drop":95,"minecraft:talked_to_villager":2,"minecraft:play_time":558544,"minecraft:deaths":4,"minecraft:jump":3124,"minecraft:walk_on_water_one_cm":19778,"minecraft:interact_with_furnace":45,"minecraft:sleep_in_bed":9,"minecraft:waystone_activated":1,"minecraft:damage_dealt":2370,"minecraft:crouch_one_cm":21609,"minecraft:interact_with_smithing_table":10,"minecraft:mob_kills":10,"minecraft:interact_with_anvil":2,"minecraft:climb_one_cm":2640,"minecraft:walk_one_cm":1336645,"minecraft:walk_under_water_one_cm":27047,"minecraft:sneak_time":15843,"minecraft:interact_with_blast_furnace":3,"minecraft:total_world_time":558544,"minecraft:interact_with_grindstone":1,"minecraft:interact_with_stonecutter":28,"minecraft:time_since_rest":20948,"minecraft:damage_taken":2515,"minecraft:swim_one_cm":48685,"minecraft:fly_one_cm":224855,"minecraft:open_chest":243,"minecraft:fall_one_cm":64913},"minecraft:dropped":{"biomesoplenty:fir_log":91,"minecraft:dirt":1363,"warriorsofpastepoch:cistus":21,"minecraft:cornflower":18,"minecraft:gold_nugget":1,"minecraft:wheat":18,"minecraft:pointed_dripstone":4,"portablemobs:master_capture_cell":1,"minecraft:glass":44,"farmersdelight:tomato_seeds":1,"minecraft:wheat_seeds":18,"minecraft:cobbled_deepslate_stairs":55,"minecraft:dripstone_block":7,"minecraft:feather":1,"minecraft:oxeye_daisy":3,"minecraft:potion":2,"minecraft:pink_petals":8,"ageofweapons:caveman_spear":1,"minecraft:bowl":1,"minecraft:tuff":6,"minecraft:allium":27},"minecraft:killed_by":{"grimoireofgaia:dullahan":1,"grimoireofgaia:harpy":1,"irons_spellbooks:necromancer":1},"minecraft:killed":{"minecraft:cave_spider":1,"aquaculture:gar":1,"minecraft:chicken":1,"minecraft:sheep":1,"aquaculture:minnow":1,"grimoireofgaia:harpy":1,"irons_spellbooks:summoned_zombie":1,"grimoireofgaia:dullahan":1,"grimoireofgaia:horse":1,"naturalist:catfish":1}},"DataVersion":3465}