{"stats":{"minecraft:custom":{"minecraft:mob_kills":5,"minecraft:interact_with_crafting_table":6,"minecraft:bell_ring":1,"minecraft:leave_game":3,"minecraft:time_since_death":142816,"minecraft:sprint_one_cm":220222,"minecraft:walk_one_cm":182360,"minecraft:drop":70,"minecraft:talked_to_villager":10,"minecraft:play_time":215071,"minecraft:deaths":2,"minecraft:sneak_time":4696,"minecraft:walk_under_water_one_cm":5676,"minecraft:jump":848,"minecraft:walk_on_water_one_cm":7222,"minecraft:total_world_time":215071,"minecraft:interact_with_cartography_table":1,"minecraft:sleep_in_bed":7,"minecraft:time_since_rest":6227,"minecraft:damage_taken":1479,"minecraft:damage_dealt":2325,"minecraft:swim_one_cm":14072,"minecraft:fly_one_cm":118968,"minecraft:open_chest":27,"minecraft:crouch_one_cm":4229,"minecraft:fall_one_cm":24188,"minecraft:horse_one_cm":3894},"minecraft:killed":{"minecraft:skeleton":1,"mythicmounts:griffon":1,"minecraft:zombie":2,"minecraft:villager":1},"minecraft:mined":{"biomesoplenty:orange_autumn_leaves":3,"bamboo:lavally":1,"biomesoplenty:desert_grass":2,"minecraft:dark_oak_log":5,"bamboo:gazanite_flower":1,"biomesoplenty:bush":5,"minecraft:acacia_log":79,"minecraft:grass_block":8,"biomesoplenty:flowering_oak_leaves":2,"minecraft:spruce_leaves":9,"biomesoplenty:dune_grass":6,"biomesoplenty:palm_log":10,"minecraft:hay_block":36,"minecraft:azure_bluet":1,"minecraft:peony":2,"create:asurine":90,"minecraft:bamboo":2,"minecraft:stone":18,"minecraft:green_bed":3,"minecraft:acacia_leaves":27,"minecraft:melon_stem":1,"biomesoplenty:glowworm_silk":1,"travelersbackpack:standard":1,"minecraft:crafting_table":1,"minecraft:calcite":23,"minecraft:tall_grass":7,"farmersdelight:wild_tomatoes":6,"minecraft:lime_bed":5,"biomesoplenty:glowworm_silk_strand":1,"minecraft:wheat":6,"minecraft:sweet_berry_bush":9,"minecraft:spruce_log":12,"minecraft:grass":40,"minecraft:oak_log":122,"minecraft:beetroots":3,"minecraft:sunflower":3,"minecraft:sand":1,"minecraft:dirt":10,"minecraft:oak_leaves":36,"minecraft:fern":1},"minecraft:dropped":{"minecraft:wheat_seeds":2,"minecraft:tnt":1,"minecraft:apple":7,"minecraft:granite":18,"minecraft:saddle":1,"minecraft:gold_block":2,"biomesoplenty:orange_sand":1,"minecraft:melon_slice":1,"minecraft:sunflower":5,"minecraft:sand":14,"minecraft:acacia_planks":4,"minecraft:bone":2,"minecraft:stone_axe":1,"minecraft:sweet_berries":19,"minecraft:azure_bluet":1,"minecraft:arrow":2,"minecraft:beef":2},"minecraft:crafted":{"minecraft:oak_planks":40,"minecraft:stone_pickaxe":1,"minecraft:wheat":261,"minecraft:crafting_table":1,"minecraft:stone_axe":1,"minecraft:bread":69,"minecraft:stick":4,"minecraft:acacia_planks":56,"biomesoplenty:palm_planks":4},"minecraft:killed_by":{"minecraft:husk":1,"grimoireofgaia:sphinx":1},"minecraft:broken":{"minecraft:stone_pickaxe":1,"minecraft:stone_axe":1},"minecraft:picked_up":{"minecraft:crafting_table":1,"minecraft:wheat":2,"minecraft:azure_bluet":1,"aquaculture:synodontis":6,"minecraft:gold_block":2,"minecraft:golden_shovel":1,"minecraft:stone_brick_stairs":3,"minecraft:moss_carpet":6,"minecraft:iron_leggings":1,"tww:masters_broomstickitem":1,"minecraft:iron_shovel":1,"minecraft:blackstone":2,"minecraft:beef":18,"minecraft:calcite":24,"minecraft:melon_slice":1,"farmersdelight:cabbage_seeds":3,"minecraft:iron_boots":1,"minecraft:egg":1,"minecraft:stripped_crimson_hyphae":2,"minecraft:stick":5,"grimoireofgaia:meat":1,"minecraft:acacia_log":90,"minecraft:green_bed":2,"aquaculture:perch":3,"minecraft:fire_charge":2,"farmersdelight:tomato_seeds":7,"minecraft:goat_horn":1,"minecraft:tnt":1,"minecraft:stone_sword":2,"minecraft:arrow":15,"minecraft:beetroot_seeds":3,"biomesoplenty:palm_log":10,"minecraft:hay_block":36,"create:asurine":85,"farmersdelight:rope":23,"minecraft:saddle":1,"supplementaries:ash":1,"minecraft:cobblestone":29,"minecraft:bone_block":1,"minecraft:skeleton_skull":1,"biomesoplenty:orange_sand":1,"minecraft:lime_bed":7,"minecraft:feather":4,"farmersdelight:onion_crate":3,"farmersdelight:rice":4,"tww:mana":64,"minecraft:potato":19,"minecraft:filled_map":1,"minecraft:oak_log":216,"supplementaries:flax_seeds":3,"farmersdelight:tomato":2,"minecraft:dirt":18,"minecraft:bone":5,"minecraft:acacia_planks":12,"minecraft:apple":6,"minecraft:stone_bricks":2,"minecraft:wheat_seeds":36,"minecraft:stone_pickaxe":2,"biomesoplenty:palm_sapling":2,"minecraft:bamboo":12,"minecraft:iron_sword":2,"minecraft:acacia_sapling":3,"minecraft:sweet_berries":19,"minecraft:sand":14,"minecraft:spruce_log":24,"minecraft:dark_oak_log":5,"travelersbackpack:standard":2,"minecraft:stone_axe":4,"aquaculture:bayad":1,"minecraft:iron_helmet":1,"minecraft:crossbow":1,"minecraft:granite":18,"minecraft:bread":30,"minecraft:oak_sapling":18,"minecraft:melon_seeds":1,"minecraft:bricks":3,"minecraft:sunflower":6},"minecraft:used":{"minecraft:stone_sword":8,"minecraft:iron_sword":76,"minecraft:dirt":10,"farmersdelight:tomato":2,"minecraft:melon_seeds":1,"minecraft:beef":3,"minecraft:oak_sapling":18,"grimoireofgaia:meat":1,"minecraft:egg":1,"minecraft:wheat_seeds":7,"minecraft:stone_pickaxe":131,"minecraft:green_bed":2,"minecraft:crafting_table":1,"minecraft:lime_bed":6,"minecraft:apple":3,"minecraft:sunflower":1,"minecraft:bread":20,"minecraft:stone_axe":324,"travelersbackpack:standard":8,"tww:masters_broomstickitem":1}},"DataVersion":3465}