{"stats":{"minecraft:used":{"player_companions:dobutsu_spawn_egg":2,"minecraft:iron_shovel":1351,"minecraft:polished_deepslate":29,"minecraft:chiseled_deepslate":29,"minecraft:poppy":21,"minecraft:chest":3,"farmersdelight:stove":2,"minecraft:iron_sword":12,"chipped:ornate_light_blue_stained_glass":3,"minecraft:player_head":8,"buildersdelight:cobblestone_slab_2":4,"chipped:arched_light_blue_stained_glass_pillar":4,"minecraft:deepslate_brick_slab":360,"minecraft:tuff":2,"chipped:small_light_blue_stained_glass":2,"minecraft:lantern":2,"biomesoplenty:fir_sapling":11,"chipped:prismal_cobblestone_remnants":14,"minecraft:blue_banner":1,"farmersdelight:cutting_board":4,"minecraft:scaffolding":2,"buildersdelight:glass_6":2,"minecraft:deepslate_brick_wall":10,"buildersdelight:glass_7":2,"minecraft:stone_pickaxe":1390,"minecraft:wooden_pickaxe":52,"biomesoplenty:lavender":9,"minecraft:blue_bed":1,"ageofweapons:machete_iron":2,"biomesoplenty:umbran_door":3,"minecraft:cobbled_deepslate_stairs":50,"minecraft:deepslate_brick_stairs":98,"minecraft:deepslate_tiles":30,"chipped:cut_cobblestone_column":33,"minecraft:mangrove_door":4,"minecraft:bread":81,"buildersdelight:cobblestone_stairs_2":6,"minecraft:soul_lantern":2,"chipped:fancy_red_stained_glass":10,"chipped:carpenters_table":1,"tww:masters_broomstickitem":4,"minecraft:bone_meal":3,"create:limestone":1,"minecraft:rose_bush":2,"chipped:crying_blackstone":7,"minecraft:stone_sword":40,"chipped:woven_blue_stained_glass":8,"chipped:bordered_cobblestone":12,"minecraft:torch":68,"minecraft:dirt":270,"chipped:flat_cobblestone_tiles":52,"chipped:arched_red_stained_glass_pillar":22,"minecraft:iron_axe":83,"biomesoplenty:tall_lavender":2,"minecraft:polished_deepslate_wall":4,"ageofweapons:caveman_spear":2,"minecraft:barrel":18,"chipped:small_red_stained_glass":24,"warriorsofpastepoch:cistus":5,"player_companions:dobutsu_default":24,"farmersdelight:cooking_pot":8,"chipped:fancy_blue_stained_glass":8,"chipped:boarded_mangrove_door":5,"chipped:unamused_cobblestone":6,"minecraft:cooked_beef":4,"minecraft:cobbled_deepslate":59,"minecraft:cobbled_deepslate_wall":2,"minecraft:pointed_dripstone":1,"minecraft:golden_axe":10,"minecraft:water_bucket":1,"minecraft:baked_potato":10,"minecraft:cauldron":3,"minecraft:deepslate_bricks":1250,"chipped:arched_blue_stained_glass_pillar":20,"minecraft:crafting_table":4,"minecraft:campfire":2,"minecraft:deepslate_tile_wall":4,"buildersdelight:mangrove_table_1":3,"minecraft:mud":1,"minecraft:diamond_pickaxe":1607,"minecraft:cornflower":16,"minecraft:oxeye_daisy":17,"chipped:small_blue_stained_glass":19,"minecraft:iron_pickaxe":1315,"minecraft:stone_axe":109,"chipped:overlapping_cobblestone_tiles":435,"minecraft:cobblestone":10,"travelersbackpack:standard":3,"minecraft:cobbled_deepslate_slab":89,"minecraft:red_banner":4,"minecraft:bucket":2,"minecraft:yellow_bed":3,"chipped:ornate_cobblestone_pillar":33,"biomesoplenty:fir_log":3,"chipped:curly_cobblestone_pillar":12},"minecraft:broken":{"minecraft:iron_shovel":5,"minecraft:stone_pickaxe":10,"minecraft:wooden_pickaxe":1,"minecraft:iron_pickaxe":4},"minecraft:crafted":{"minecraft:brick":23,"minecraft:oak_planks":16,"minecraft:cobblestone_slab":10,"minecraft:barrel":2,"minecraft:polished_deepslate_wall":2,"minecraft:cooked_chicken":1,"minecraft:cobblestone_stairs":10,"minecraft:cooked_mutton":2,"minecraft:glass":205,"ageofweapons:caveman_spear":1,"minecraft:chest":3,"minecraft:bricks":4,"buildersdelight:mangrove_furniture_kit":2,"minecraft:magenta_dye":2,"farmersdelight:stove":1,"minecraft:blue_stained_glass":32,"minecraft:oak_slab":6,"minecraft:wooden_shovel":1,"minecraft:crafting_table":5,"minecraft:baked_potato":10,"minecraft:cobbled_deepslate_wall":2,"minecraft:copper_ingot":9,"chipped:carpenters_table":1,"minecraft:campfire":3,"biomesoplenty:fir_planks":72,"farmersdelight:cutting_board":1,"minecraft:iron_chestplate":1,"minecraft:yellow_dye":1,"minecraft:stick":32,"minecraft:iron_ingot":19,"minecraft:iron_pickaxe":2,"minecraft:gold_ingot":9,"minecraft:light_blue_stained_glass":8,"minecraft:deepslate_bricks":31,"minecraft:cobbled_deepslate_slab":10,"minecraft:iron_nugget":9,"buildersdelight:mangrove_table_1":1,"minecraft:bone_meal":15,"minecraft:lantern":1,"minecraft:deepslate_brick_wall":2,"minecraft:iron_axe":2,"minecraft:stone_pickaxe":10,"minecraft:cobbled_deepslate_stairs":24,"minecraft:deepslate_tile_wall":2,"minecraft:wheat":126,"biomesoplenty:umbran_planks":4,"minecraft:deepslate_brick_slab":62,"minecraft:blue_bed":1,"farmersdelight:cooking_pot":1,"biomesoplenty:umbran_door":3,"minecraft:bucket":1,"minecraft:stone_axe":1,"minecraft:bread":36,"minecraft:air":0,"minecraft:red_stained_glass":48,"minecraft:white_wool":2,"minecraft:wooden_axe":1,"aquaculture:stone_fillet_knife":1,"minecraft:iron_shovel":1,"minecraft:iron_leggings":1,"minecraft:torch":20,"create:zinc_ingot":1},"minecraft:mined":{"create:deepslate_zinc_ore":13,"warriorsofpastepoch:cistus":40,"chipped:flat_cobblestone_tiles":52,"minecraft:cobbled_deepslate_stairs":20,"minecraft:black_candle_cake":1,"chipped:fancy_red_stained_glass":10,"minecraft:cherry_log":18,"chipped:boarded_mangrove_door":3,"biomesoplenty:umbran_planks":4,"minecraft:deepslate_tile_wall":2,"minecraft:grass_block":850,"minecraft:mangrove_door":6,"buildersdelight:cobblestone_stairs_2":4,"minecraft:deepslate_bricks":217,"minecraft:oxeye_daisy":11,"biomesoplenty:tall_lavender":5,"minecraft:iron_ore":16,"minecraft:cobbled_deepslate":82,"minecraft:barrel":18,"biomesoplenty:lavender":18,"chipped:cut_cobblestone_column":11,"minecraft:azure_bluet":1,"biomesoplenty:hanging_cobweb":1,"minecraft:pointed_dripstone":1,"minecraft:flowering_azalea_leaves":2,"amendments:wall_lantern":4,"biomesoplenty:webbing":7,"minecraft:deepslate_brick_stairs":19,"minecraft:black_candle":2,"minecraft:azalea_leaves":1,"minecraft:player_head":9,"create:limestone":1,"biomesoplenty:jacaranda_leaves":1,"minecraft:deepslate_redstone_ore":7,"minecraft:blue_wall_banner":1,"chipped:overlapping_cobblestone_tiles":91,"minecraft:deepslate_brick_wall":10,"minecraft:medium_amethyst_bud":1,"biomesoplenty:hanging_cobweb_strand":1,"minecraft:torch":11,"minecraft:poppy":11,"chipped:fancy_blue_stained_glass":8,"minecraft:cobblestone":15,"minecraft:sugar_cane":8,"minecraft:wall_torch":31,"minecraft:cauldron":2,"minecraft:pink_petals":27,"chipped:crying_blackstone":7,"minecraft:red_candle":1,"minecraft:mud":1,"chipped:arched_red_stained_glass_pillar":10,"farmersdelight:cutting_board":1,"chipped:arched_blue_stained_glass_pillar":14,"buildersdelight:cobblestone_slab_2":2,"biomesoplenty:umbran_log":41,"biomesoplenty:fir_log":91,"minecraft:grass":464,"minecraft:dirt":550,"biomesoplenty:umbran_leaves":5,"minecraft:polished_deepslate_wall":2,"minecraft:deepslate":2119,"minecraft:deepslate_tiles":21,"minecraft:tuff":7,"chipped:arched_light_blue_stained_glass_pillar":4,"chipped:curly_cobblestone_pillar":12,"minecraft:dark_oak_leaves":4,"farmersdelight:wild_carrots":33,"minecraft:dark_oak_log":19,"chipped:ornate_light_blue_stained_glass":3,"minecraft:cobbled_deepslate_slab":10,"chipped:unamused_cobblestone":6,"minecraft:large_fern":6,"minecraft:hay_block":12,"farmersdelight:wild_onions":13,"chipped:ornate_cobblestone_pillar":15,"minecraft:deepslate_brick_slab":345,"biomesoplenty:jacaranda_log":5,"buildersdelight:mangrove_table_1":2,"minecraft:chiseled_deepslate":29,"minecraft:polished_deepslate":7,"minecraft:deepslate_iron_ore":15,"minecraft:lantern":1,"biomesoplenty:barley":21,"minecraft:bamboo":4,"biomesoplenty:spider_egg":1,"minecraft:stone":790,"biomesoplenty:umbran_door":3,"chipped:small_blue_stained_glass":3,"chipped:woven_blue_stained_glass":8,"farmersdelight:cooking_pot":7,"minecraft:scaffolding":2,"buildersdelight:glass_6":2,"buildersdelight:glass_7":2,"minecraft:dandelion":1,"travelersbackpack:standard":4,"minecraft:cobbled_deepslate_wall":2,"minecraft:sculk_sensor":4,"minecraft:campfire":1,"minecraft:tall_grass":45,"minecraft:deepslate_gold_ore":16,"minecraft:sculk":4,"chipped:bordered_cobblestone":12,"chipped:small_red_stained_glass":12,"minecraft:sweet_berry_bush":10,"minecraft:yellow_bed":5,"minecraft:red_wall_banner":4,"chipped:small_light_blue_stained_glass":2,"minecraft:coal_ore":163,"biomesoplenty:fir_leaves":37,"chipped:prismal_cobblestone_remnants":14,"minecraft:dripstone_block":7,"biomesoplenty:stringy_cobweb":2,"farmersdelight:stove":1,"minecraft:cobweb":2,"grimoireofgaia:doll_ender_girl":2,"minecraft:small_dripleaf":1,"minecraft:fern":10},"minecraft:custom":{"minecraft:interact_with_crafting_table":59,"minecraft:open_barrel":90,"minecraft:leave_game":3,"minecraft:time_since_death":485457,"minecraft:sprint_one_cm":1237626,"minecraft:drop":133,"minecraft:talked_to_villager":3,"minecraft:play_time":959952,"minecraft:deaths":4,"minecraft:jump":5477,"minecraft:walk_on_water_one_cm":21324,"minecraft:interact_with_furnace":56,"minecraft:interact_with_loom":2,"minecraft:sleep_in_bed":12,"minecraft:waystone_activated":1,"minecraft:damage_dealt":3160,"minecraft:crouch_one_cm":35019,"minecraft:interact_with_smithing_table":15,"minecraft:interact_with_anvil":2,"minecraft:mob_kills":13,"minecraft:fill_cauldron":1,"minecraft:climb_one_cm":2640,"minecraft:walk_one_cm":2556969,"minecraft:sneak_time":27195,"minecraft:walk_under_water_one_cm":28718,"minecraft:interact_with_blast_furnace":14,"minecraft:total_world_time":959952,"minecraft:interact_with_stonecutter":45,"minecraft:interact_with_grindstone":1,"minecraft:time_since_rest":230290,"minecraft:damage_taken":3710,"minecraft:swim_one_cm":57402,"minecraft:fly_one_cm":496862,"minecraft:open_chest":421,"minecraft:fall_one_cm":124795},"minecraft:dropped":{"biomesoplenty:fir_log":91,"minecraft:cooked_beef":3,"minecraft:baked_potato":1,"minecraft:dirt":1394,"warriorsofpastepoch:cistus":21,"minecraft:cornflower":18,"minecraft:gold_nugget":1,"minecraft:wheat":18,"minecraft:pointed_dripstone":5,"minecraft:rotten_flesh":2,"portablemobs:master_capture_cell":1,"tww:masters_broomstickitem":1,"minecraft:glass":44,"farmersdelight:tomato_seeds":1,"minecraft:iron_ingot":4,"minecraft:bread":3,"minecraft:wheat_seeds":20,"minecraft:cobbled_deepslate_stairs":119,"minecraft:dripstone_block":7,"minecraft:feather":1,"minecraft:oxeye_daisy":4,"player_companions:tame_sweet_berries":59,"minecraft:torch":17,"minecraft:potion":2,"minecraft:pink_petals":8,"ageofweapons:caveman_spear":1,"minecraft:stone_sword":2,"minecraft:bowl":1,"minecraft:tuff":6,"minecraft:cobbled_deepslate_slab":48,"minecraft:allium":27},"minecraft:killed_by":{"grimoireofgaia:dullahan":1,"grimoireofgaia:harpy":1,"irons_spellbooks:necromancer":1},"minecraft:killed":{"tww:masters_broomstick":3,"minecraft:cave_spider":1,"aquaculture:gar":1,"minecraft:chicken":1,"minecraft:sheep":1,"aquaculture:minnow":1,"grimoireofgaia:harpy":1,"irons_spellbooks:summoned_zombie":1,"grimoireofgaia:dullahan":1,"grimoireofgaia:horse":1,"naturalist:catfish":1},"minecraft:picked_up":{"minecraft:chiseled_deepslate":151,"buildersdelight:cobblestone_slab_2":10,"chipped:arched_red_stained_glass_pillar":14,"minecraft:polished_deepslate_wall":2,"biomesoplenty:rainbow_birch_sapling":2,"farmersdelight:cutting_board":3,"minecraft:polished_deepslate":109,"minecraft:string":2,"chipped:boarded_mangrove_door":3,"create:limestone":1,"biomesoplenty:tall_lavender":5,"minecraft:red_candle":4,"chipped:arched_light_blue_stained_glass_pillar":4,"chipped:prismal_cobblestone_remnants":14,"minecraft:deepslate_tiles":120,"minecraft:diamond_leggings":1,"minecraft:gold_nugget":1,"minecraft:cobbled_deepslate":2495,"biomesoplenty:fir_planks":36,"minecraft:bucket":1,"player_companions:tame_sweet_berries":65,"ageofweapons:caveman_spear":2,"chipped:curly_cobblestone_pillar":12,"minecraft:red_dye":11,"minecraft:calcite":4,"minecraft:iron_pickaxe":4,"minecraft:deepslate_tile_wall":2,"chipped:fancy_red_stained_glass":12,"chipped:small_red_stained_glass":12,"chipped:overlapping_cobblestone_tiles":185,"minecraft:iron_boots":2,"minecraft:stick":29,"minecraft:deepslate_brick_wall":9,"minecraft:torch":145,"biomesoplenty:umbran_planks":4,"chipped:woven_blue_stained_glass":8,"minecraft:golden_axe":3,"minecraft:cherry_log":18,"minecraft:pointed_dripstone":7,"aether:golden_gloves":2,"minecraft:cauldron":5,"minecraft:stone_sword":6,"chipped:ornate_cobblestone_pillar":111,"minecraft:rotten_flesh":6,"artifacts:villager_hat":5,"farmersdelight:onion":13,"minecraft:blue_dye":13,"supplementaries:ash":1,"minecraft:mangrove_door":6,"minecraft:deepslate_brick_stairs":18,"minecraft:cod":1,"minecraft:cobblestone":899,"biomesoplenty:lavender":23,"minecraft:pink_petals":72,"minecraft:cooked_beef":10,"minecraft:feather":1,"chipped:small_light_blue_stained_glass":2,"chipped:unamused_cobblestone":4,"chipped:small_blue_stained_glass":3,"biomesoplenty:fir_sapling":11,"biomesoplenty:fir_log":164,"minecraft:tuff":8,"create:raw_zinc":14,"minecraft:dirt":2310,"minecraft:lantern":3,"minecraft:name_tag":1,"minecraft:glass":63,"buildersdelight:mangrove_table_1":2,"minecraft:cobbled_deepslate_wall":2,"minecraft:wheat_seeds":80,"minecraft:deepslate_brick_slab":330,"minecraft:small_dripleaf":2,"minecraft:raw_gold":15,"minecraft:cobbled_deepslate_slab":59,"minecraft:light_blue_dye":22,"minecraft:diamond_helmet":1,"minecraft:bamboo":44,"irons_spellbooks:frostward_ring":1,"minecraft:sand":50,"aquaculture:stone_fillet_knife":1,"buildersdelight:iron_chisel":3,"minecraft:dark_oak_log":19,"minecraft:barrel":18,"chipped:crying_blackstone":7,"minecraft:soul_lantern":4,"minecraft:bread":103,"minecraft:blue_banner":2,"chipped:bordered_cobblestone":12,"minecraft:bricks":3,"minecraft:diamond_pickaxe":1,"minecraft:mud":1,"minecraft:charcoal":2,"minecraft:allium":29,"minecraft:chicken":1,"grimoireofgaia:soulfire":2,"minecraft:wooden_pickaxe":1,"minecraft:cornflower":34,"warriorsofpastepoch:cistus":43,"minecraft:flint_and_steel":1,"tww:masters_broomstickitem":6,"minecraft:iron_shovel":5,"minecraft:blackstone":64,"farmersdelight:beef_patty":4,"minecraft:player_head":27,"minecraft:iron_nugget":3,"minecraft:poppy":21,"grimoireofgaia:doll_ender_girl":1,"naturalist:catfish":1,"minecraft:sugar_cane":11,"farmersdelight:golden_knife":1,"minecraft:egg":1,"minecraft:dark_oak_sapling":14,"minecraft:raw_iron":32,"farmersdelight:minced_beef":8,"chipped:ornate_light_blue_stained_glass":3,"chipped:flat_cobblestone_tiles":50,"farmersdelight:tomato_seeds":7,"minecraft:carrot":33,"minecraft:redstone":29,"minecraft:diamond_chestplate":1,"minecraft:cooked_cod":1,"biomesoplenty:umbran_sapling":8,"minecraft:deepslate_bricks":416,"chipped:arched_blue_stained_glass_pillar":20,"minecraft:diamond_boots":2,"minecraft:hay_block":12,"minecraft:mutton":2,"minecraft:white_wool":1,"minecraft:oxeye_daisy":21,"chipped:cut_cobblestone_column":11,"artifacts:novelty_drinking_hat":1,"biomesoplenty:umbran_door":3,"minecraft:yellow_bed":4,"minecraft:cobbled_deepslate_stairs":86,"player_companions:dobutsu_spawn_egg":1,"ageofweapons:machete_iron":4,"farmersdelight:cooking_pot":7,"minecraft:iron_ingot":7,"minecraft:stone_pickaxe":5,"portablemobs:master_capture_cell":1,"aquaculture:minnow":1,"chipped:fancy_blue_stained_glass":8,"minecraft:soul_sand":5,"minecraft:iron_sword":2,"biomesoplenty:umbran_log":41,"minecraft:book":6,"minecraft:scaffolding":2,"minecraft:black_candle":9,"minecraft:sweet_berries":24,"minecraft:dandelion":1,"minecraft:dripstone_block":7,"minecraft:gravel":2,"minecraft:red_banner":6,"minecraft:spider_eye":1,"travelersbackpack:standard":5,"minecraft:stone_axe":1,"minecraft:cherry_sapling":4,"minecraft:baked_potato":1,"buildersdelight:cobblestone_stairs_2":20,"farmersdelight:stove":1,"minecraft:coal":185}},"DataVersion":3465}