{"stats":{"minecraft:broken":{"minecraft:iron_shovel":5,"minecraft:wooden_pickaxe":1,"minecraft:stone_pickaxe":8,"minecraft:iron_pickaxe":2},"minecraft:crafted":{"minecraft:brick":23,"minecraft:cobblestone_slab":10,"minecraft:iron_nugget":9,"minecraft:cooked_chicken":1,"minecraft:cobblestone_stairs":10,"minecraft:cooked_mutton":2,"ageofweapons:caveman_spear":1,"minecraft:glass":155,"minecraft:lantern":1,"minecraft:stone_pickaxe":10,"minecraft:chest":3,"minecraft:cobbled_deepslate_stairs":24,"minecraft:bricks":4,"minecraft:wheat":126,"farmersdelight:stove":1,"minecraft:blue_stained_glass":8,"minecraft:wooden_shovel":1,"minecraft:crafting_table":5,"minecraft:copper_ingot":9,"farmersdelight:cooking_pot":1,"minecraft:bucket":1,"chipped:carpenters_table":1,"minecraft:campfire":1,"minecraft:stone_axe":1,"minecraft:bread":36,"minecraft:air":0,"biomesoplenty:fir_planks":72,"farmersdelight:cutting_board":1,"minecraft:red_stained_glass":8,"minecraft:stick":32,"minecraft:iron_ingot":11,"minecraft:iron_pickaxe":2,"minecraft:wooden_axe":1,"aquaculture:stone_fillet_knife":1,"minecraft:iron_shovel":1,"minecraft:gold_ingot":9,"minecraft:light_blue_stained_glass":8,"minecraft:torch":20,"minecraft:deepslate_bricks":2,"create:zinc_ingot":1},"minecraft:picked_up":{"minecraft:chiseled_deepslate":151,"minecraft:mud":1,"minecraft:allium":27,"grimoireofgaia:soulfire":2,"minecraft:chicken":1,"minecraft:wooden_pickaxe":1,"buildersdelight:cobblestone_slab_2":10,"farmersdelight:cutting_board":1,"minecraft:cornflower":34,"minecraft:polished_deepslate":109,"minecraft:string":2,"warriorsofpastepoch:cistus":29,"minecraft:flint_and_steel":1,"biomesoplenty:tall_lavender":5,"minecraft:red_candle":4,"tww:masters_broomstickitem":1,"minecraft:iron_shovel":3,"chipped:prismal_cobblestone_remnants":14,"farmersdelight:beef_patty":4,"minecraft:deepslate_tiles":106,"minecraft:gold_nugget":1,"minecraft:cobbled_deepslate":847,"biomesoplenty:fir_planks":36,"minecraft:bucket":1,"ageofweapons:caveman_spear":2,"minecraft:red_dye":11,"minecraft:calcite":4,"minecraft:iron_nugget":2,"minecraft:poppy":20,"minecraft:iron_pickaxe":2,"naturalist:catfish":1,"minecraft:sugar_cane":11,"chipped:fancy_red_stained_glass":2,"chipped:overlapping_cobblestone_tiles":184,"minecraft:iron_boots":2,"minecraft:egg":1,"minecraft:dark_oak_sapling":14,"minecraft:stick":19,"minecraft:raw_iron":9,"farmersdelight:minced_beef":8,"minecraft:torch":42,"chipped:ornate_light_blue_stained_glass":1,"minecraft:golden_axe":2,"minecraft:cherry_log":18,"minecraft:pointed_dripstone":4,"aether:golden_gloves":1,"minecraft:carrot":20,"minecraft:redstone":16,"minecraft:cooked_cod":1,"minecraft:stone_sword":4,"chipped:ornate_cobblestone_pillar":102,"artifacts:villager_hat":4,"farmersdelight:onion":12,"chipped:arched_blue_stained_glass_pillar":8,"minecraft:deepslate_bricks":225,"minecraft:hay_block":12,"minecraft:blue_dye":12,"minecraft:mangrove_door":6,"minecraft:mutton":2,"minecraft:cod":1,"biomesoplenty:lavender":23,"minecraft:white_wool":1,"minecraft:cobblestone":802,"minecraft:oxeye_daisy":19,"minecraft:pink_petals":72,"chipped:cut_cobblestone_column":11,"minecraft:feather":1,"minecraft:cooked_beef":4,"biomesoplenty:fir_sapling":11,"biomesoplenty:fir_log":164,"minecraft:tuff":8,"create:raw_zinc":1,"minecraft:yellow_bed":2,"minecraft:cobbled_deepslate_stairs":9,"ageofweapons:machete_iron":3,"minecraft:dirt":2158,"minecraft:lantern":3,"minecraft:glass":63,"farmersdelight:cooking_pot":4,"minecraft:wheat_seeds":24,"minecraft:raw_gold":4,"minecraft:light_blue_dye":22,"minecraft:iron_ingot":3,"minecraft:stone_pickaxe":4,"aquaculture:minnow":1,"minecraft:bamboo":44,"minecraft:iron_sword":1,"minecraft:book":6,"minecraft:black_candle":9,"minecraft:sweet_berries":24,"minecraft:dripstone_block":7,"minecraft:sand":50,"aquaculture:stone_fillet_knife":1,"buildersdelight:iron_chisel":3,"minecraft:dark_oak_log":19,"minecraft:spider_eye":1,"travelersbackpack:standard":4,"minecraft:soul_lantern":4,"minecraft:stone_axe":1,"minecraft:cherry_sapling":4,"minecraft:bread":31,"buildersdelight:cobblestone_stairs_2":20,"minecraft:bricks":3,"chipped:bordered_cobblestone":12,"minecraft:coal":135},"minecraft:mined":{"minecraft:deepslate_tiles":7,"minecraft:tuff":7,"warriorsofpastepoch:cistus":26,"minecraft:dark_oak_leaves":4,"minecraft:cobbled_deepslate_stairs":9,"minecraft:black_candle_cake":1,"minecraft:cherry_log":18,"farmersdelight:wild_carrots":20,"minecraft:dark_oak_log":19,"chipped:ornate_light_blue_stained_glass":1,"minecraft:mangrove_door":6,"minecraft:grass_block":833,"buildersdelight:cobblestone_stairs_2":4,"minecraft:deepslate_bricks":56,"minecraft:oxeye_daisy":10,"minecraft:large_fern":1,"minecraft:hay_block":12,"farmersdelight:wild_onions":12,"chipped:ornate_cobblestone_pillar":6,"biomesoplenty:jacaranda_log":5,"biomesoplenty:tall_lavender":5,"minecraft:iron_ore":8,"minecraft:cobbled_deepslate":82,"biomesoplenty:lavender":18,"minecraft:chiseled_deepslate":29,"chipped:cut_cobblestone_column":11,"biomesoplenty:hanging_cobweb":1,"minecraft:polished_deepslate":7,"amendments:wall_lantern":4,"minecraft:deepslate_iron_ore":1,"minecraft:flowering_azalea_leaves":2,"biomesoplenty:webbing":5,"minecraft:lantern":1,"minecraft:black_candle":2,"biomesoplenty:barley":21,"minecraft:azalea_leaves":1,"minecraft:bamboo":4,"minecraft:stone":694,"biomesoplenty:spider_egg":1,"farmersdelight:cooking_pot":4,"biomesoplenty:jacaranda_leaves":1,"minecraft:deepslate_redstone_ore":4,"chipped:overlapping_cobblestone_tiles":90,"minecraft:medium_amethyst_bud":1,"buildersdelight:glass_6":2,"buildersdelight:glass_7":2,"travelersbackpack:standard":3,"biomesoplenty:hanging_cobweb_strand":1,"minecraft:torch":9,"minecraft:poppy":10,"minecraft:sculk_sensor":4,"minecraft:tall_grass":4,"minecraft:cobblestone":7,"minecraft:deepslate_gold_ore":5,"minecraft:sugar_cane":8,"minecraft:sculk":4,"chipped:bordered_cobblestone":12,"minecraft:wall_torch":2,"minecraft:pink_petals":27,"minecraft:red_candle":1,"minecraft:mud":1,"farmersdelight:cutting_board":1,"minecraft:sweet_berry_bush":10,"chipped:arched_blue_stained_glass_pillar":2,"buildersdelight:cobblestone_slab_2":2,"biomesoplenty:fir_log":91,"minecraft:yellow_bed":3,"minecraft:grass":40,"minecraft:coal_ore":117,"biomesoplenty:fir_leaves":37,"chipped:prismal_cobblestone_remnants":14,"minecraft:dripstone_block":7,"minecraft:dirt":433,"minecraft:cobweb":2,"minecraft:deepslate":495,"minecraft:fern":3},"minecraft:used":{"minecraft:stone_sword":40,"minecraft:iron_shovel":1182,"minecraft:polished_deepslate":29,"minecraft:chiseled_deepslate":29,"minecraft:poppy":20,"chipped:bordered_cobblestone":12,"minecraft:chest":3,"farmersdelight:stove":1,"chipped:ornate_light_blue_stained_glass":3,"buildersdelight:cobblestone_slab_2":4,"minecraft:torch":23,"chipped:arched_light_blue_stained_glass_pillar":2,"minecraft:dirt":135,"minecraft:tuff":2,"chipped:arched_red_stained_glass_pillar":2,"minecraft:lantern":2,"biomesoplenty:fir_sapling":11,"biomesoplenty:tall_lavender":2,"ageofweapons:caveman_spear":2,"chipped:prismal_cobblestone_remnants":14,"chipped:small_red_stained_glass":2,"warriorsofpastepoch:cistus":5,"farmersdelight:cutting_board":2,"farmersdelight:cooking_pot":5,"chipped:boarded_mangrove_door":2,"minecraft:cooked_beef":3,"minecraft:cobbled_deepslate":58,"buildersdelight:glass_6":2,"buildersdelight:glass_7":2,"minecraft:stone_pickaxe":1236,"minecraft:wooden_pickaxe":52,"biomesoplenty:lavender":9,"minecraft:deepslate_bricks":337,"chipped:arched_blue_stained_glass_pillar":4,"minecraft:crafting_table":4,"minecraft:cobbled_deepslate_stairs":42,"minecraft:deepslate_tiles":28,"minecraft:mud":1,"chipped:cut_cobblestone_column":33,"minecraft:cornflower":16,"minecraft:oxeye_daisy":16,"minecraft:mangrove_door":4,"minecraft:bread":44,"minecraft:iron_pickaxe":500,"buildersdelight:cobblestone_stairs_2":6,"minecraft:soul_lantern":2,"minecraft:stone_axe":109,"chipped:overlapping_cobblestone_tiles":434,"minecraft:cobblestone":10,"travelersbackpack:standard":3,"chipped:fancy_red_stained_glass":4,"minecraft:bucket":1,"minecraft:yellow_bed":2,"chipped:ornate_cobblestone_pillar":24,"biomesoplenty:fir_log":3,"chipped:carpenters_table":1,"tww:masters_broomstickitem":1},"minecraft:custom":{"minecraft:interact_with_smithing_table":10,"minecraft:mob_kills":9,"minecraft:interact_with_crafting_table":41,"minecraft:open_barrel":23,"minecraft:leave_game":1,"minecraft:time_since_death":48698,"minecraft:climb_one_cm":2640,"minecraft:sprint_one_cm":593250,"minecraft:walk_one_cm":1090740,"minecraft:drop":93,"minecraft:talked_to_villager":2,"minecraft:play_time":468544,"minecraft:sneak_time":14004,"minecraft:deaths":3,"minecraft:walk_under_water_one_cm":27047,"minecraft:jump":2823,"minecraft:interact_with_blast_furnace":3,"minecraft:walk_on_water_one_cm":19432,"minecraft:total_world_time":468544,"minecraft:interact_with_furnace":45,"minecraft:interact_with_stonecutter":14,"minecraft:interact_with_grindstone":1,"minecraft:sleep_in_bed":7,"minecraft:time_since_rest":48781,"minecraft:waystone_activated":1,"minecraft:damage_taken":2202,"minecraft:damage_dealt":1778,"minecraft:swim_one_cm":48685,"minecraft:fly_one_cm":194931,"minecraft:open_chest":231,"minecraft:crouch_one_cm":19494,"minecraft:fall_one_cm":57153},"minecraft:dropped":{"biomesoplenty:fir_log":91,"minecraft:wheat_seeds":18,"minecraft:cobbled_deepslate_stairs":55,"minecraft:dripstone_block":7,"minecraft:feather":1,"minecraft:oxeye_daisy":3,"minecraft:dirt":1363,"warriorsofpastepoch:cistus":21,"minecraft:cornflower":18,"minecraft:potion":2,"minecraft:gold_nugget":1,"minecraft:pink_petals":8,"ageofweapons:caveman_spear":1,"minecraft:bowl":1,"minecraft:tuff":6,"minecraft:wheat":18,"minecraft:pointed_dripstone":4,"minecraft:allium":27,"minecraft:glass":44},"minecraft:killed_by":{"irons_spellbooks:necromancer":1,"grimoireofgaia:harpy":1},"minecraft:killed":{"minecraft:cave_spider":1,"irons_spellbooks:summoned_zombie":1,"aquaculture:gar":1,"minecraft:chicken":1,"grimoireofgaia:dullahan":1,"minecraft:sheep":1,"aquaculture:minnow":1,"naturalist:catfish":1,"grimoireofgaia:harpy":1}},"DataVersion":3465}