{"stats":{"minecraft:killed":{"minecraft:cave_spider":2,"minecraft:spider":2,"alexsmobs:flying_fish":1,"minecraft:salmon":8,"minecraft:squid":2,"minecraft:sheep":2,"minecraft:zombie":1},"minecraft:used":{"beachparty:coconut":82,"minecraft:chest":3,"minecraft:stone":2,"minecraft:iron_sword":6,"minecraft:torch":30,"minecraft:dirt":30,"jitl:lunium_sword":184,"biomesoplenty:maple_sapling":9,"minecraft:flowering_azalea":1,"butchersdelight:cleaver":18,"beachparty:coconut_open":72,"beachparty:palm_sapling":34,"luphieclutteredmod:luphie_heart_garland":3,"minecraft:golden_carrot":2,"minecraft:sweet_berries":26,"minecraft:oak_sapling":1,"minecraft:furnace":3,"luphieclutteredmod:luphie_black_cat_garland":1,"epicfight:skillbook":1,"minecraft:baked_potato":10,"minecraft:stone_pickaxe":324,"minecraft:sandstone":12,"minecraft:sand":15,"minecraft:crafting_table":3,"biomesoplenty:orange_autumn_sapling":6,"minecraft:apple":1,"luphieclutteredmod:luphie_wine_bottles":1,"minecraft:spruce_sapling":1,"minecraft:iron_pickaxe":2,"biomesoplenty:yellow_autumn_sapling":5,"beachparty:seashell":10,"biomesoplenty:toadstool":1,"minecraft:stone_axe":475,"travelersbackpack:standard":4,"minecraft:purple_bed":3,"minecraft:cobblestone":29,"minecraft:andesite":13,"alexsmobs:animal_dictionary":2,"minecraft:coarse_dirt":4},"minecraft:picked_up":{"minecraft:coarse_dirt":4,"minecraft:crafting_table":2,"beachparty:rubber_ring_axolotl":1,"minecraft:allium":48,"minecraft:azure_bluet":12,"butchersdelightfoods:legcow":2,"minecraft:chicken":3,"maidensmaterials:earthen_essence":3,"breadcraft:garlic":13,"butchersdelightfoods:llamma_ribs":1,"biomesoplenty:orange_autumn_sapling":19,"biomesoplenty:violet":65,"bakery:strawberry_seeds":2,"beachparty:coconut":84,"butchersdelightfoods:llama_loin":1,"jellyfishing:jellyfish_net":1,"minecraft:cornflower":7,"wom:gesetz":1,"minecraft:string":5,"minecraft:raw_copper":30,"immersive_melodies:lute":2,"biomesoplenty:yellow_autumn_sapling":6,"minecraft:smooth_stone_slab":1,"beachparty:seashell":13,"minecraft:beetroot":5,"beachparty:coconut_open":84,"farmersdelight:cabbage":11,"minecraft:beef":4,"minecraft:rose_bush":39,"minecraft:azalea":5,"minecraft:iron_pickaxe":1,"minecraft:poppy":59,"minecraft:light_gray_wool":1,"breadcraft:tomato_seeds":16,"minecraft:sugar_cane":37,"minecraft:chest":1,"butchersdelightfoods:porkribs":6,"farmersdelight:cabbage_seeds":50,"minecraft:egg":3,"minecraft:furnace":1,"minecraft:stick":36,"minecraft:raw_iron":4,"minecraft:sandstone":36,"minecraft:torch":24,"breadcraft:wild_greens_seeds":20,"epicfight:skillbook":2,"minecraft:porkchop":4,"luphieclutteredmod:luphie_heart_garland":2,"minecraft:carrot":12,"breadcraft:thyme_seeds":12,"breadcraft:rye_seeds":19,"minecraft:arrow":1,"butchersdelight:deadsheep":2,"minecraft:rotten_flesh":9,"minecraft:beetroot_seeds":31,"farmersdelight:onion":11,"butchersdelightfoods:ham":4,"minecraft:blue_dye":2,"butchersdelightfoods:sheeprack":1,"breadcraft:basil_seeds":12,"alexsmobs:flying_fish":1,"minecraft:white_wool":1,"minecraft:cobblestone":185,"minecraft:oxeye_daisy":3,"minecraft:birch_log":35,"minecraft:feather":4,"minecraft:lilac":47,"farmersdelight:rice":17,"minecraft:golden_carrot":3,"minecraft:andesite":29,"minecraft:salmon":7,"minecraft:leather":2,"minecraft:potato":3,"minecraft:filled_map":1,"beachparty:palm_log":222,"alexsmobs:cachalot_whale_tooth":1,"butchersdelight:deadpig":2,"minecraft:oak_log":48,"minecraft:gunpowder":2,"butchersdelight:goat_fur":2,"minecraft:dirt":34,"minecraft:blue_bed":3,"jellyfishing:jellyfish_jelly":3,"butchersdelight:deadchiken":3,"minecraft:apple":1,"minecraft:kelp":10,"minecraft:wheat_seeds":72,"minecraft:stone_pickaxe":2,"beachparty:overgrown_disc":1,"minecraft:iron_sword":1,"minecraft:flowering_azalea":3,"biomesoplenty:toadstool":1,"jitl:journey_chest":2,"bakery:strawberry":25,"minecraft:pumpkin":14,"minecraft:sweet_berries":93,"patchouli:guide_book":2,"jitl:lunium_sword":2,"beachparty:palm_sapling":40,"minecraft:dandelion":56,"breadcraft:hot_pepper_seeds":14,"butchersdelight:cow_hide":7,"breadcraft:peanut":15,"minecraft:sand":27,"breadcraft:mustard_seeds":26,"breadcraft:rosemary_seeds":22,"minecraft:ink_sac":21,"minecraft:spruce_sapling":2,"minecraft:lily_of_the_valley":25,"butchersdelightfoods:beefribs":1,"minecraft:dark_oak_log":69,"minecraft:spider_eye":2,"minecraft:mossy_cobblestone":12,"breadcraft:caper_seeds":16,"travelersbackpack:standard":2,"butchersdelight:sheephide":2,"biomesoplenty:maple_sapling":20,"minecraft:purple_bed":3,"minecraft:stone_axe":1,"waystones:waystone":1,"maidensmaterials:chalcopyrite_chunk":10,"minecraft:granite":5,"minecraft:emerald":5,"butchersdelightfoods:sheepshank":1,"biomesoplenty:pink_daffodil":22,"minecraft:oak_sapling":1,"breadcraft:onion_seeds":22,"minecraft:coal":20,"iceandfire:raw_silver":2,"minecraft:sunflower":1},"minecraft:mined":{"biomesoplenty:orange_autumn_leaves":2,"iceandfire:silver_ore":2,"minecraft:mossy_cobblestone":6,"farmersdelight:wild_carrots":12,"minecraft:dark_oak_log":69,"minecraft:granite":5,"minecraft:allium":2,"minecraft:grass_block":17,"farmersdelight:wild_cabbages":50,"minecraft:spruce_leaves":22,"minecraft:kelp":1,"minecraft:sandstone":37,"beachparty:sandwaves":4,"minecraft:spawner":1,"beachparty:seashell_block":12,"minecraft:large_fern":8,"farmersdelight:wild_onions":12,"minecraft:tall_seagrass":2,"minecraft:furnace":1,"biomesoplenty:toadstool":1,"maidensmaterials:chalcopyrite_ore":9,"farmersdelight:wild_rice":17,"minecraft:iron_ore":4,"biomesoplenty:violet":66,"minecraft:andesite":33,"minecraft:pumpkin":14,"minecraft:azure_bluet":2,"minecraft:dirt_path":1,"minecraft:azalea_leaves":2,"minecraft:stone":194,"farmersdelight:wild_potatoes":3,"minecraft:podzol":1,"minecraft:flowering_azalea":1,"minecraft:lily_of_the_valley":25,"minecraft:kelp_plant":7,"minecraft:dandelion":56,"travelersbackpack:standard":1,"minecraft:cornflower":3,"minecraft:crafting_table":2,"minecraft:torch":19,"bakery:wild_strawberries":27,"minecraft:poppy":60,"minecraft:chest":1,"minecraft:rose_bush":10,"minecraft:copper_ore":7,"minecraft:cobblestone":2,"minecraft:sugar_cane":15,"minecraft:blue_bed":1,"minecraft:wall_torch":3,"farmersdelight:wild_beetroots":31,"minecraft:seagrass":2,"minecraft:purple_bed":3,"farmersdelight:sandy_shrub":9,"minecraft:coarse_dirt":4,"minecraft:sweet_berry_bush":15,"minecraft:birch_log":39,"minecraft:lilac":3,"biomesoplenty:maple_leaves":6,"minecraft:grass":282,"beachparty:palm_log":240,"luphieclutteredmod:luphie_heart_garland":2,"minecraft:coal_ore":11,"minecraft:oak_log":51,"beachparty:coconut_block":2,"minecraft:sunflower":1,"minecraft:sand":23,"minecraft:dirt":21,"minecraft:cobweb":1,"minecraft:oak_leaves":1,"minecraft:fern":369},"minecraft:killed_by":{"minecraft:player":1,"minecraft:skeleton":2},"minecraft:dropped":{"minecraft:wheat_seeds":8,"minecraft:lilac":3,"immersive_melodies:trumpet":1,"minecraft:mossy_cobblestone":12,"biomesoplenty:maple_sapling":11,"immersive_melodies:lute":1,"minecraft:cobblestone":1,"beachparty:palm_log":211,"moa_decor_cookery:copadevino":1,"minecraft:stick":2,"bakery:strawberry_seeds":1,"alexsmobs:flying_fish":1,"breadcraft:caper_seeds":1,"minecraft:sunflower":1,"breadcraft:rye_seeds":1,"minecraft:blue_bed":3,"butchersdelight:cow_hide":6,"minecraft:spruce_sapling":1,"minecraft:dandelion":1,"butchersdelight:goat_fur":2,"beachparty:palm_sapling":6,"alexsmobs:animal_dictionary":1,"minecraft:stone_sword":1,"beachparty:seashell":3,"minecraft:smooth_stone_slab":1,"biomesoplenty:yellow_autumn_sapling":1,"minepop:randombox":9,"minecraft:beetroot":1,"jitl:lunium_sword":1,"biomesoplenty:orange_autumn_sapling":13,"minecraft:azure_bluet":4,"patchouli:guide_book":4,"minecraft:poppy":1,"breadcraft:basil_seeds":1,"minecraft:beetroot_seeds":11,"maidensmaterials:earthen_essence":1,"minecraft:stone_pickaxe":1,"breadcraft:rosemary_seeds":2},"minecraft:crafted":{"minecraft:black_dye":21,"jitl:lunium_ingot":7,"minecraft:smooth_stone":9,"minecraft:oak_planks":108,"minecraft:smooth_stone_slab":18,"breadcraft:rolling_pin":1,"luphieclutteredmod:luphie_black_cat_garland":1,"moa_decor_cookery:copadevino":1,"immersive_melodies:trumpet":2,"minecraft:furnace":2,"butchersdelightfoods:cooked_ham":2,"minecraft:stone":11,"butchersdelightfoods:cooked_llama_ribs":1,"minecraft:pink_dye":22,"minecraft:glass_pane":16,"minecraft:glass":16,"butchersdelightfoods:cookedporkribs":1,"moa_decor_cookery:copa":1,"butchersdelightfoods:cooked_llama_loin":1,"minecraft:stone_pickaxe":3,"minecraft:chest":2,"minepop:randombox":9,"minecraft:dark_oak_planks":20,"minecraft:magenta_dye":108,"beachparty:palm_planks":228,"minecraft:red_dye":116,"minecraft:glass_bottle":6,"minecraft:oak_slab":6,"minecraft:wooden_shovel":1,"iceandfire:silver_ingot":2,"minecraft:crafting_table":1,"farmersdelight:iron_knife":1,"breadcraft:mortar_pestle":1,"minecraft:baked_potato":10,"luphieclutteredmod:luphie_wine_bottles":1,"minecraft:copper_ingot":37,"breadcraft:bread_knife":1,"butchersdelight:cleaver":1,"minecraft:campfire":1,"minecraft:stone_axe":2,"minecraft:air":0,"moa_decor_cookery:gemadecocina":9,"minecraft:blue_dye":29,"farmersdelight:cutting_board":1,"minecraft:yellow_dye":55,"minecraft:charcoal":17,"minecraft:purple_dye":65,"minecraft:white_dye":5,"breadcraft:chefs_knife":1,"minecraft:stick":60,"minecraft:iron_ingot":54,"breadcraft:kneading_board":1,"minecraft:iron_pickaxe":1,"minecraft:stone_sword":1,"minecraft:armor_stand":9,"minecraft:light_gray_dye":11,"luphieclutteredmod:luphie_heart_garland":1,"minecraft:torch":32,"bakery:strawberry_seeds":6},"minecraft:broken":{"beachparty:rubber_ring_axolotl":1,"minecraft:stone_pickaxe":2,"minecraft:stone_axe":2},"minecraft:custom":{"minecraft:mob_kills":18,"minecraft:interact_with_crafting_table":58,"minecraft:leave_game":4,"minecraft:time_since_death":44658,"minecraft:climb_one_cm":43597,"minecraft:sprint_one_cm":1383138,"minecraft:walk_one_cm":1420605,"minecraft:drop":61,"minecraft:play_time":439884,"minecraft:sneak_time":10149,"minecraft:deaths":3,"minecraft:walk_under_water_one_cm":103431,"minecraft:boat_one_cm":51546,"minecraft:jump":1879,"minecraft:walk_on_water_one_cm":309165,"minecraft:total_world_time":439884,"minecraft:interact_with_furnace":71,"minecraft:interact_with_grindstone":3,"minecraft:sleep_in_bed":4,"minecraft:waystone_activated":2,"minecraft:time_since_rest":44788,"minecraft:damage_taken":2147483647,"minecraft:damage_dealt":2118,"minecraft:swim_one_cm":113387,"minecraft:fly_one_cm":376099,"minecraft:open_chest":218,"minecraft:crouch_one_cm":19992,"minecraft:fall_one_cm":26920}},"DataVersion":3465}