{
  "jitl:grant_book_on_first_join": {
    "criteria": {
      "tick": "2024-08-11 19:08:05 +0000"
    },
    "done": true
  },
  "minecraft:recipes/decorations/crafting_table": {
    "criteria": {
      "unlock_right_away": "2024-08-11 19:08:05 +0000"
    },
    "done": true
  },
  "iceandfire:iceandfire/root": {
    "criteria": {
      "tick": "2024-08-11 19:08:05 +0000"
    },
    "done": true
  },
  "bakery:main/root": {
    "criteria": {
      "seeds": "2024-08-11 19:08:05 +0000"
    },
    "done": true
  },
  "maidensmaterials:grant_book_on_first_join": {
    "criteria": {
      "tick": "2024-08-11 19:08:05 +0000"
    },
    "done": true
  },
  "cataclysm:root": {
    "criteria": {
      "custom_test_name": "2024-08-11 19:08:05 +0000"
    },
    "done": true
  },
  "farmersdelight:main/root": {
    "criteria": {
      "seeds": "2024-08-11 19:08:05 +0000"
    },
    "done": true
  },
  "biomesoplenty:biomesoplenty/root": {
    "criteria": {
      "seasonal_forest": "2024-08-11 19:08:06 +0000"
    },
    "done": true
  },
  "inventorypets:root": {
    "criteria": {
      "auto": "2024-08-11 19:08:06 +0000"
    },
    "done": true
  },
  "biomesoplenty:biomesoplenty/all_biomes": {
    "criteria": {
      "maple_woods": "2024-08-11 19:12:47 +0000",
      "field": "2024-08-13 19:04:19 +0000",
      "seasonal_forest": "2024-08-11 19:08:06 +0000"
    },
    "done": false
  },
  "minecraft:recipes/misc/charcoal": {
    "criteria": {
      "has_log": "2024-08-11 19:09:59 +0000"
    },
    "done": true
  },
  "minecraft:recipes/building_blocks/dark_oak_planks": {
    "criteria": {
      "has_log": "2024-08-11 19:09:59 +0000"
    },
    "done": true
  },
  "minecraft:recipes/building_blocks/dark_oak_wood": {
    "criteria": {
      "has_log": "2024-08-11 19:09:59 +0000"
    },
    "done": true
  },
  "minecraft:recipes/decorations/ladder": {
    "criteria": {
      "has_stick": "2024-08-11 19:11:29 +0000"
    },
    "done": true
  },
  "jitl:recipes/building_blocks/depths_fence": {
    "criteria": {
      "has_item.minecraft.stick": "2024-08-11 19:11:29 +0000"
    },
    "done": true
  },
  "jitl:recipes/building_blocks/euca_gold_fence": {
    "criteria": {
      "has_item.minecraft.stick": "2024-08-11 19:11:29 +0000"
    },
    "done": true
  },
  "jitl:recipes/building_blocks/euca_brown_fence": {
    "criteria": {
      "has_item.minecraft.stick": "2024-08-11 19:11:29 +0000"
    },
    "done": true
  },
  "minecraft:recipes/tools/wooden_axe": {
    "criteria": {
      "has_stick": "2024-08-11 19:11:29 +0000"
    },
    "done": true
  },
  "bakery:recipes/cupcake_display": {
    "criteria": {
      "has_stick": "2024-08-11 19:11:29 +0000"
    },
    "done": true
  },
  "minecraft:recipes/decorations/campfire": {
    "criteria": {
      "has_stick": "2024-08-11 19:11:29 +0000"
    },
    "done": true
  },
  "minecraft:recipes/tools/wooden_hoe": {
    "criteria": {
      "has_stick": "2024-08-11 19:11:29 +0000"
    },
    "done": true
  },
  "minecraft:recipes/tools/wooden_shovel": {
    "criteria": {
      "has_stick": "2024-08-11 19:11:29 +0000"
    },
    "done": true
  },
  "minecraft:recipes/combat/wooden_sword": {
    "criteria": {
      "has_stick": "2024-08-11 19:11:29 +0000"
    },
    "done": true
  },
  "farmersdelight:recipes/combat/flint_knife": {
    "criteria": {
      "has_stick": "2024-08-11 19:11:29 +0000"
    },
    "done": true
  },
  "jitl:recipes/building_blocks/corba_fence": {
    "criteria": {
      "has_item.minecraft.stick": "2024-08-11 19:11:29 +0000"
    },
    "done": true
  },
  "jitl:recipes/building_blocks/frozen_fence": {
    "criteria": {
      "has_item.minecraft.stick": "2024-08-11 19:11:29 +0000"
    },
    "done": true
  },
  "minecraft:recipes/tools/wooden_pickaxe": {
    "criteria": {
      "has_stick": "2024-08-11 19:11:29 +0000"
    },
    "done": true
  },
  "bakery:recipes/bread_box": {
    "criteria": {
      "has_stick": "2024-08-11 19:11:29 +0000"
    },
    "done": true
  },
  "farmersdelight:recipes/decorations/cutting_board": {
    "criteria": {
      "has_stick": "2024-08-11 19:11:29 +0000"
    },
    "done": true
  },
  "jitl:recipes/building_blocks/burned_fence": {
    "criteria": {
      "has_item.minecraft.stick": "2024-08-11 19:11:29 +0000"
    },
    "done": true
  },
  "minecraft:recipes/decorations/torch": {
    "criteria": {
      "has_stone_pickaxe": "2024-08-11 19:11:41 +0000"
    },
    "done": true
  },
  "minecraft:story/upgrade_tools": {
    "criteria": {
      "stone_pickaxe": "2024-08-11 19:11:41 +0000"
    },
    "done": true
  },
  "minecraft:recipes/building_blocks/birch_wood": {
    "criteria": {
      "has_log": "2024-08-11 19:11:46 +0000"
    },
    "done": true
  },
  "minecraft:recipes/building_blocks/birch_planks": {
    "criteria": {
      "has_logs": "2024-08-11 19:11:46 +0000"
    },
    "done": true
  },
  "minecraft:recipes/decorations/chest": {
    "criteria": {
      "has_lots_of_items": "2024-08-11 19:11:47 +0000"
    },
    "done": true
  },
  "minecraft:recipes/building_blocks/oak_planks": {
    "criteria": {
      "has_logs": "2024-08-11 19:13:25 +0000"
    },
    "done": true
  },
  "minecraft:recipes/building_blocks/oak_wood": {
    "criteria": {
      "has_log": "2024-08-11 19:13:25 +0000"
    },
    "done": true
  },
  "bakery:recipes/oat_seeds": {
    "criteria": {
      "has_wheat_seeds": "2024-08-11 19:15:26 +0000"
    },
    "done": true
  },
  "minecraft:adventure/adventuring_time": {
    "criteria": {
      "minecraft:taiga": "2024-08-13 19:15:22 +0000",
      "minecraft:beach": "2024-08-11 19:15:57 +0000",
      "minecraft:river": "2024-08-11 19:23:38 +0000",
      "minecraft:cold_ocean": "2024-08-11 19:23:43 +0000",
      "minecraft:old_growth_spruce_taiga": "2024-08-13 19:12:33 +0000"
    },
    "done": false
  },
  "alexsmobs:alexsmobs/root": {
    "criteria": {
      "useitem": "2024-08-11 19:18:12 +0000"
    },
    "done": true
  },
  "minecraft:husbandry/root": {
    "criteria": {
      "consumed_item": "2024-08-11 19:18:12 +0000"
    },
    "done": true
  },
  "biomesoplenty:recipes/transportation/willow_boat": {
    "criteria": {
      "in_water": "2024-08-11 19:22:46 +0000"
    },
    "done": true
  },
  "minecraft:recipes/transportation/cherry_boat": {
    "criteria": {
      "in_water": "2024-08-11 19:22:46 +0000"
    },
    "done": true
  },
  "biomesoplenty:recipes/transportation/umbran_boat": {
    "criteria": {
      "in_water": "2024-08-11 19:22:46 +0000"
    },
    "done": true
  },
  "minecraft:recipes/transportation/bamboo_raft": {
    "criteria": {
      "in_water": "2024-08-11 19:22:46 +0000"
    },
    "done": true
  },
  "biomesoplenty:recipes/transportation/dead_boat": {
    "criteria": {
      "in_water": "2024-08-11 19:22:46 +0000"
    },
    "done": true
  },
  "biomesoplenty:recipes/transportation/magic_boat": {
    "criteria": {
      "in_water": "2024-08-11 19:22:46 +0000"
    },
    "done": true
  },
  "minecraft:recipes/transportation/acacia_boat": {
    "criteria": {
      "in_water": "2024-08-11 19:22:46 +0000"
    },
    "done": true
  },
  "minecraft:recipes/transportation/jungle_boat": {
    "criteria": {
      "in_water": "2024-08-11 19:22:46 +0000"
    },
    "done": true
  },
  "arts_and_crafts:recipes/transportation/cork_boat": {
    "criteria": {
      "in_water": "2024-08-11 19:22:46 +0000"
    },
    "done": true
  },
  "biomesoplenty:recipes/transportation/fir_boat": {
    "criteria": {
      "in_water": "2024-08-11 19:22:46 +0000"
    },
    "done": true
  },
  "minecraft:recipes/transportation/spruce_boat": {
    "criteria": {
      "in_water": "2024-08-11 19:22:46 +0000"
    },
    "done": true
  },
  "minecraft:recipes/transportation/birch_boat": {
    "criteria": {
      "in_water": "2024-08-11 19:22:46 +0000"
    },
    "done": true
  },
  "minecraft:recipes/transportation/oak_boat": {
    "criteria": {
      "in_water": "2024-08-11 19:22:46 +0000"
    },
    "done": true
  },
  "biomesoplenty:recipes/transportation/redwood_boat": {
    "criteria": {
      "in_water": "2024-08-11 19:22:46 +0000"
    },
    "done": true
  },
  "minecraft:recipes/transportation/mangrove_boat": {
    "criteria": {
      "in_water": "2024-08-11 19:22:46 +0000"
    },
    "done": true
  },
  "biomesoplenty:recipes/transportation/hellbark_boat": {
    "criteria": {
      "in_water": "2024-08-11 19:22:46 +0000"
    },
    "done": true
  },
  "biomesoplenty:recipes/transportation/jacaranda_boat": {
    "criteria": {
      "in_water": "2024-08-11 19:22:46 +0000"
    },
    "done": true
  },
  "biomesoplenty:recipes/transportation/mahogany_boat": {
    "criteria": {
      "in_water": "2024-08-11 19:22:46 +0000"
    },
    "done": true
  },
  "biomesoplenty:recipes/transportation/palm_boat": {
    "criteria": {
      "in_water": "2024-08-11 19:22:46 +0000"
    },
    "done": true
  },
  "minecraft:recipes/transportation/dark_oak_boat": {
    "criteria": {
      "in_water": "2024-08-11 19:22:46 +0000"
    },
    "done": true
  },
  "farmersdelight:recipes/food/horse_feed": {
    "criteria": {
      "has_golden_carrot": "2024-08-13 19:03:49 +0000"
    },
    "done": true
  },
  "minecraft:recipes/misc/yellow_dye_from_sunflower": {
    "criteria": {
      "has_sunflower": "2024-08-13 19:04:58 +0000"
    },
    "done": true
  },
  "minecraft:recipes/misc/light_gray_dye_from_azure_bluet": {
    "criteria": {
      "has_azure_bluet": "2024-08-13 19:05:03 +0000"
    },
    "done": true
  },
  "minecraft:recipes/misc/yellow_dye_from_dandelion": {
    "criteria": {
      "has_dandelion": "2024-08-13 19:05:04 +0000"
    },
    "done": true
  },
  "minecraft:recipes/misc/red_dye_from_poppy": {
    "criteria": {
      "has_poppy": "2024-08-13 19:05:13 +0000"
    },
    "done": true
  },
  "minecraft:recipes/misc/magenta_dye_from_lilac": {
    "criteria": {
      "has_lilac": "2024-08-13 19:05:23 +0000"
    },
    "done": true
  },
  "minecraft:adventure/sleep_in_bed": {
    "criteria": {
      "slept_in_bed": "2024-08-13 19:06:08 +0000"
    },
    "done": true
  },
  "minecraft:adventure/kill_all_mobs": {
    "criteria": {
      "minecraft:spider": "2024-08-13 19:08:00 +0000"
    },
    "done": false
  },
  "minecraft:adventure/root": {
    "criteria": {
      "killed_something": "2024-08-13 19:08:00 +0000"
    },
    "done": true
  },
  "minecraft:adventure/kill_a_mob": {
    "criteria": {
      "minecraft:spider": "2024-08-13 19:08:00 +0000"
    },
    "done": true
  },
  "farmersdelight:recipes/cooking/apple_cider": {
    "criteria": {
      "has_apple": "2024-08-13 19:08:04 +0000"
    },
    "done": true
  },
  "recrafted_creatures:unfamiliar_fauna": {
    "criteria": {
      "owl": "2024-08-13 19:09:18 +0000"
    },
    "done": false
  },
  "recrafted_creatures:root": {
    "criteria": {
      "requirement": "2024-08-13 19:09:18 +0000"
    },
    "done": true
  },
  "ironchest:recipes/decorations/chests/vanilla_dirt_chest": {
    "criteria": {
      "has_iron_ingot": "2024-08-13 19:10:07 +0000"
    },
    "done": true
  },
  "farmersdelight:main/get_fd_seed": {
    "criteria": {
      "cabbage_seeds": "2024-08-13 19:11:35 +0000"
    },
    "done": true
  },
  "farmersdelight:recipes/cooking/dumplings": {
    "criteria": {
      "has_any_ingredient": "2024-08-13 19:11:49 +0000"
    },
    "done": true
  },
  "farmersdelight:recipes/cooking/cabbage_rolls": {
    "criteria": {
      "has_any_ingredient": "2024-08-13 19:11:49 +0000"
    },
    "done": true
  },
  "farmersdelight:recipes/building_blocks/cabbage_crate": {
    "criteria": {
      "has_cabbage": "2024-08-13 19:11:49 +0000"
    },
    "done": true
  },
  "minecraft:recipes/misc/stick": {
    "criteria": {
      "has_planks": "2024-08-13 19:12:19 +0000"
    },
    "done": true
  },
  "minecraft:recipes/building_blocks/dark_oak_stairs": {
    "criteria": {
      "has_planks": "2024-08-13 19:12:19 +0000"
    },
    "done": true
  },
  "minecraft:recipes/redstone/dark_oak_door": {
    "criteria": {
      "has_planks": "2024-08-13 19:12:19 +0000"
    },
    "done": true
  },
  "minecraft:recipes/decorations/barrel": {
    "criteria": {
      "has_planks": "2024-08-13 19:12:19 +0000"
    },
    "done": true
  },
  "minecraft:recipes/decorations/dark_oak_sign": {
    "criteria": {
      "has_planks": "2024-08-13 19:12:19 +0000"
    },
    "done": true
  },
  "minecraft:recipes/redstone/dark_oak_fence_gate": {
    "criteria": {
      "has_planks": "2024-08-13 19:12:19 +0000"
    },
    "done": true
  },
  "minecraft:recipes/redstone/dark_oak_trapdoor": {
    "criteria": {
      "has_planks": "2024-08-13 19:12:19 +0000"
    },
    "done": true
  },
  "minecraft:recipes/redstone/dark_oak_button": {
    "criteria": {
      "has_planks": "2024-08-13 19:12:19 +0000"
    },
    "done": true
  },
  "iceandfire:recipes/misc/earplugs": {
    "criteria": {
      "has_item": "2024-08-13 19:12:19 +0000"
    },
    "done": true
  },
  "minecraft:recipes/redstone/dark_oak_pressure_plate": {
    "criteria": {
      "has_planks": "2024-08-13 19:12:19 +0000"
    },
    "done": true
  },
  "minecraft:recipes/decorations/dark_oak_fence": {
    "criteria": {
      "has_planks": "2024-08-13 19:12:19 +0000"
    },
    "done": true
  },
  "minecraft:recipes/building_blocks/dark_oak_slab": {
    "criteria": {
      "has_planks": "2024-08-13 19:12:19 +0000"
    },
    "done": true
  },
  "travelersbackpack:recipes/misc/crafting_upgrade": {
    "criteria": {
      "has_crafting_table": "2024-08-13 19:12:41 +0000"
    },
    "done": true
  },
  "minecraft:story/root": {
    "criteria": {
      "crafting_table": "2024-08-13 19:12:41 +0000"
    },
    "done": true
  },
  "minecraft:recipes/building_blocks/mossy_cobblestone_stairs_from_mossy_cobblestone_stonecutting": {
    "criteria": {
      "has_mossy_cobblestone": "2024-08-13 19:12:59 +0000"
    },
    "done": true
  },
  "minecraft:recipes/building_blocks/mossy_cobblestone_slab": {
    "criteria": {
      "has_mossy_cobblestone": "2024-08-13 19:12:59 +0000"
    },
    "done": true
  },
  "minecraft:recipes/building_blocks/mossy_cobblestone_stairs": {
    "criteria": {
      "has_mossy_cobblestone": "2024-08-13 19:12:59 +0000"
    },
    "done": true
  },
  "minecraft:recipes/building_blocks/mossy_cobblestone_slab_from_mossy_cobblestone_stonecutting": {
    "criteria": {
      "has_mossy_cobblestone": "2024-08-13 19:12:59 +0000"
    },
    "done": true
  },
  "minecraft:recipes/decorations/mossy_cobblestone_wall": {
    "criteria": {
      "has_mossy_cobblestone": "2024-08-13 19:12:59 +0000"
    },
    "done": true
  },
  "minecraft:recipes/decorations/mossy_cobblestone_wall_from_mossy_cobblestone_stonecutting": {
    "criteria": {
      "has_mossy_cobblestone": "2024-08-13 19:12:59 +0000"
    },
    "done": true
  },
  "minecraft:recipes/building_blocks/red_concrete_powder": {
    "criteria": {
      "has_sand": "2024-08-13 19:15:30 +0000"
    },
    "done": true
  },
  "minecraft:recipes/building_blocks/green_concrete_powder": {
    "criteria": {
      "has_sand": "2024-08-13 19:15:30 +0000"
    },
    "done": true
  },
  "minecraft:recipes/building_blocks/blue_concrete_powder": {
    "criteria": {
      "has_sand": "2024-08-13 19:15:30 +0000"
    },
    "done": true
  },
  "minecraft:recipes/building_blocks/lime_concrete_powder": {
    "criteria": {
      "has_sand": "2024-08-13 19:15:30 +0000"
    },
    "done": true
  },
  "minecraft:recipes/building_blocks/orange_concrete_powder": {
    "criteria": {
      "has_sand": "2024-08-13 19:15:30 +0000"
    },
    "done": true
  },
  "minecraft:recipes/building_blocks/magenta_concrete_powder": {
    "criteria": {
      "has_sand": "2024-08-13 19:15:30 +0000"
    },
    "done": true
  },
  "minecraft:recipes/building_blocks/black_concrete_powder": {
    "criteria": {
      "has_sand": "2024-08-13 19:15:30 +0000"
    },
    "done": true
  },
  "arts_and_crafts:recipes/building_blocks/bleached_concrete_powder": {
    "criteria": {
      "has_sand": "2024-08-13 19:15:30 +0000"
    },
    "done": true
  },
  "minecraft:recipes/building_blocks/purple_concrete_powder": {
    "criteria": {
      "has_sand": "2024-08-13 19:15:30 +0000"
    },
    "done": true
  },
  "minecraft:recipes/building_blocks/cyan_concrete_powder": {
    "criteria": {
      "has_sand": "2024-08-13 19:15:30 +0000"
    },
    "done": true
  },
  "minecraft:recipes/building_blocks/light_gray_concrete_powder": {
    "criteria": {
      "has_sand": "2024-08-13 19:15:30 +0000"
    },
    "done": true
  },
  "minecraft:recipes/building_blocks/pink_concrete_powder": {
    "criteria": {
      "has_sand": "2024-08-13 19:15:30 +0000"
    },
    "done": true
  },
  "minecraft:recipes/building_blocks/brown_concrete_powder": {
    "criteria": {
      "has_sand": "2024-08-13 19:15:30 +0000"
    },
    "done": true
  },
  "minecraft:recipes/building_blocks/light_blue_concrete_powder": {
    "criteria": {
      "has_sand": "2024-08-13 19:15:30 +0000"
    },
    "done": true
  },
  "minecraft:recipes/building_blocks/glass": {
    "criteria": {
      "has_smelts_to_glass": "2024-08-13 19:15:30 +0000"
    },
    "done": true
  },
  "minecraft:recipes/building_blocks/white_concrete_powder": {
    "criteria": {
      "has_sand": "2024-08-13 19:15:30 +0000"
    },
    "done": true
  },
  "minecraft:recipes/building_blocks/yellow_concrete_powder": {
    "criteria": {
      "has_sand": "2024-08-13 19:15:30 +0000"
    },
    "done": true
  },
  "minecraft:recipes/building_blocks/sandstone": {
    "criteria": {
      "has_sand": "2024-08-13 19:15:30 +0000"
    },
    "done": true
  },
  "minecraft:recipes/building_blocks/gray_concrete_powder": {
    "criteria": {
      "has_sand": "2024-08-13 19:15:30 +0000"
    },
    "done": true
  },
  "minecraft:husbandry/balanced_diet": {
    "criteria": {
      "baked_potato": "2024-08-13 21:08:04 +0000",
      "apple": "2024-08-13 19:15:47 +0000",
      "golden_carrot": "2024-08-13 19:41:21 +0000"
    },
    "done": false
  },
  "alexsmobs:alexsmobs/orcas_might": {
    "criteria": {
      "all_effects": "2024-08-13 19:16:09 +0000"
    },
    "done": true
  },
  "minecraft:recipes/decorations/sandstone_wall_from_sandstone_stonecutting": {
    "criteria": {
      "has_sandstone": "2024-08-13 19:17:44 +0000"
    },
    "done": true
  },
  "minecraft:recipes/building_blocks/cut_sandstone": {
    "criteria": {
      "has_sandstone": "2024-08-13 19:17:44 +0000"
    },
    "done": true
  },
  "minecraft:recipes/building_blocks/sandstone_stairs": {
    "criteria": {
      "has_sandstone": "2024-08-13 19:17:44 +0000"
    },
    "done": true
  },
  "minecraft:recipes/building_blocks/cut_sandstone_from_sandstone_stonecutting": {
    "criteria": {
      "has_sandstone": "2024-08-13 19:17:44 +0000"
    },
    "done": true
  },
  "minecraft:recipes/building_blocks/chiseled_sandstone_from_sandstone_stonecutting": {
    "criteria": {
      "has_sandstone": "2024-08-13 19:17:44 +0000"
    },
    "done": true
  },
  "minecraft:recipes/building_blocks/cut_sandstone_slab_from_sandstone_stonecutting": {
    "criteria": {
      "has_sandstone": "2024-08-13 19:17:44 +0000"
    },
    "done": true
  },
  "minecraft:recipes/building_blocks/sandstone_slab_from_sandstone_stonecutting": {
    "criteria": {
      "has_sandstone": "2024-08-13 19:17:44 +0000"
    },
    "done": true
  },
  "minecraft:recipes/building_blocks/sandstone_slab": {
    "criteria": {
      "has_sandstone": "2024-08-13 19:17:44 +0000"
    },
    "done": true
  },
  "minecraft:recipes/building_blocks/smooth_sandstone": {
    "criteria": {
      "has_sandstone": "2024-08-13 19:17:44 +0000"
    },
    "done": true
  },
  "travelersbackpack:recipes/misc/sandstone": {
    "criteria": {
      "has_sandstone": "2024-08-13 19:17:44 +0000"
    },
    "done": true
  },
  "minecraft:recipes/building_blocks/sandstone_stairs_from_sandstone_stonecutting": {
    "criteria": {
      "has_sandstone": "2024-08-13 19:17:44 +0000"
    },
    "done": true
  },
  "minecraft:recipes/decorations/sandstone_wall": {
    "criteria": {
      "has_sandstone": "2024-08-13 19:17:44 +0000"
    },
    "done": true
  },
  "minecraft:story/mine_stone": {
    "criteria": {
      "get_stone": "2024-08-13 19:17:46 +0000"
    },
    "done": true
  },
  "minecraft:recipes/decorations/furnace": {
    "criteria": {
      "has_cobblestone": "2024-08-13 19:17:46 +0000"
    },
    "done": true
  },
  "minecraft:recipes/building_blocks/cobblestone_slab_from_cobblestone_stonecutting": {
    "criteria": {
      "has_cobblestone": "2024-08-13 19:17:46 +0000"
    },
    "done": true
  },
  "minecraft:recipes/building_blocks/stone": {
    "criteria": {
      "has_cobblestone": "2024-08-13 19:17:46 +0000"
    },
    "done": true
  },
  "minecraft:recipes/tools/stone_pickaxe": {
    "criteria": {
      "has_cobblestone": "2024-08-13 19:17:46 +0000"
    },
    "done": true
  },
  "minecraft:recipes/building_blocks/cobblestone_slab": {
    "criteria": {
      "has_cobblestone": "2024-08-13 19:17:46 +0000"
    },
    "done": true
  },
  "minecraft:recipes/decorations/cobblestone_wall_from_cobblestone_stonecutting": {
    "criteria": {
      "has_cobblestone": "2024-08-13 19:17:46 +0000"
    },
    "done": true
  },
  "minecraft:recipes/building_blocks/cobblestone_stairs": {
    "criteria": {
      "has_cobblestone": "2024-08-13 19:17:46 +0000"
    },
    "done": true
  },
  "minecraft:recipes/tools/stone_shovel": {
    "criteria": {
      "has_cobblestone": "2024-08-13 19:17:46 +0000"
    },
    "done": true
  },
  "minecraft:recipes/redstone/lever": {
    "criteria": {
      "has_cobblestone": "2024-08-13 19:17:46 +0000"
    },
    "done": true
  },
  "minecraft:recipes/combat/stone_sword": {
    "criteria": {
      "has_cobblestone": "2024-08-13 19:17:46 +0000"
    },
    "done": true
  },
  "minecraft:recipes/decorations/cobblestone_wall": {
    "criteria": {
      "has_cobblestone": "2024-08-13 19:17:46 +0000"
    },
    "done": true
  },
  "minecraft:recipes/tools/stone_axe": {
    "criteria": {
      "has_cobblestone": "2024-08-13 19:17:46 +0000"
    },
    "done": true
  },
  "minecraft:recipes/building_blocks/cobblestone_stairs_from_cobblestone_stonecutting": {
    "criteria": {
      "has_cobblestone": "2024-08-13 19:17:46 +0000"
    },
    "done": true
  },
  "minecraft:recipes/tools/stone_hoe": {
    "criteria": {
      "has_cobblestone": "2024-08-13 19:17:46 +0000"
    },
    "done": true
  },
  "iceandfire:recipes/tools/silver_ingot_from_smelting_raw_silver": {
    "criteria": {
      "has_raw_silver": "2024-08-13 19:21:15 +0000"
    },
    "done": true
  },
  "iceandfire:recipes/building_blocks/raw_silver_to_raw_silver_block": {
    "criteria": {
      "has_raw_silver": "2024-08-13 19:21:15 +0000"
    },
    "done": true
  },
  "iceandfire:recipes/tools/silver_ingot_from_blasting_raw_silver": {
    "criteria": {
      "has_raw_silver": "2024-08-13 19:21:15 +0000"
    },
    "done": true
  },
  "minecraft:recipes/building_blocks/raw_iron_block": {
    "criteria": {
      "has_raw_iron": "2024-08-13 19:21:29 +0000"
    },
    "done": true
  },
  "minecraft:recipes/misc/iron_ingot_from_blasting_raw_iron": {
    "criteria": {
      "has_raw_iron": "2024-08-13 19:21:29 +0000"
    },
    "done": true
  },
  "minecraft:recipes/misc/iron_ingot_from_smelting_raw_iron": {
    "criteria": {
      "has_raw_iron": "2024-08-13 19:21:29 +0000"
    },
    "done": true
  },
  "farmersdelight:recipes/cooking/mushroom_rice": {
    "criteria": {
      "has_any_ingredient": "2024-08-13 19:26:37 +0000"
    },
    "done": true
  },
  "farmersdelight:recipes/cooking/dog_food": {
    "criteria": {
      "has_any_ingredient": "2024-08-13 19:26:37 +0000"
    },
    "done": true
  },
  "farmersdelight:recipes/cooking/cooked_rice": {
    "criteria": {
      "has_rice": "2024-08-13 19:26:37 +0000"
    },
    "done": true
  },
  "farmersdelight:recipes/cooking/fried_rice": {
    "criteria": {
      "has_any_ingredient": "2024-08-13 19:26:37 +0000"
    },
    "done": true
  },
  "farmersdelight:recipes/building_blocks/rice_bag": {
    "criteria": {
      "has_rice": "2024-08-13 19:26:37 +0000"
    },
    "done": true
  },
  "minecraft:recipes/decorations/smoker": {
    "criteria": {
      "has_furnace": "2024-08-13 19:33:14 +0000"
    },
    "done": true
  },
  "travelersbackpack:recipes/misc/backpack_tank": {
    "criteria": {
      "has_iron": "2024-08-13 19:33:36 +0000"
    },
    "done": true
  },
  "ironchest:recipes/decorations/upgrades/wood_to_iron_chest_upgrade": {
    "criteria": {
      "has_iron_ingot": "2024-08-13 19:33:36 +0000"
    },
    "done": true
  },
  "bakery:recipes/mud_bricks_stove": {
    "criteria": {
      "has_iron_ingot": "2024-08-13 19:33:36 +0000"
    },
    "done": true
  },
  "minecraft:recipes/combat/iron_helmet": {
    "criteria": {
      "has_iron_ingot": "2024-08-13 19:33:36 +0000"
    },
    "done": true
  },
  "bakery:recipes/quartz_stove": {
    "criteria": {
      "has_iron_ingot": "2024-08-13 19:33:36 +0000"
    },
    "done": true
  },
  "ironchest:recipes/decorations/chests/copper_iron_chest": {
    "criteria": {
      "has_iron_ingot": "2024-08-13 19:33:36 +0000"
    },
    "done": true
  },
  "minecraft:recipes/tools/shears": {
    "criteria": {
      "has_iron_ingot": "2024-08-13 19:33:36 +0000"
    },
    "done": true
  },
  "minecraft:recipes/building_blocks/iron_block": {
    "criteria": {
      "has_iron_ingot": "2024-08-13 19:33:36 +0000"
    },
    "done": true
  },
  "farmersdelight:recipes/decorations/cooking_pot": {
    "criteria": {
      "has_iron_ingot": "2024-08-13 19:33:36 +0000"
    },
    "done": true
  },
  "bakery:recipes/bread_knife": {
    "criteria": {
      "has_iron_ingot": "2024-08-13 19:33:36 +0000"
    },
    "done": true
  },
  "bakery:recipes/iron_chair": {
    "criteria": {
      "has_iron_ingot": "2024-08-13 19:33:36 +0000"
    },
    "done": true
  },
  "minecraft:recipes/redstone/hopper": {
    "criteria": {
      "has_iron_ingot": "2024-08-13 19:33:36 +0000"
    },
    "done": true
  },
  "travelersbackpack:recipes/misc/iron": {
    "criteria": {
      "has_iron_ingot": "2024-08-13 19:33:36 +0000"
    },
    "done": true
  },
  "bakery:recipes/faucet": {
    "criteria": {
      "has_iron_ingot": "2024-08-13 19:33:36 +0000"
    },
    "done": true
  },
  "minecraft:recipes/combat/iron_boots": {
    "criteria": {
      "has_iron_ingot": "2024-08-13 19:33:36 +0000"
    },
    "done": true
  },
  "bakery:recipes/granite_stove": {
    "criteria": {
      "has_iron_ingot": "2024-08-13 19:33:36 +0000"
    },
    "done": true
  },
  "minecraft:recipes/decorations/lantern": {
    "criteria": {
      "has_iron_ingot": "2024-08-13 19:33:36 +0000"
    },
    "done": true
  },
  "minecraft:recipes/tools/iron_shovel": {
    "criteria": {
      "has_iron_ingot": "2024-08-13 19:33:36 +0000"
    },
    "done": true
  },
  "ironchest:recipes/decorations/upgrades/copper_to_iron_chest_upgrade": {
    "criteria": {
      "has_iron_ingot": "2024-08-13 19:33:36 +0000"
    },
    "done": true
  },
  "ironchest:recipes/decorations/chests/vanilla_iron_chest": {
    "criteria": {
      "has_iron_ingot": "2024-08-13 19:33:36 +0000"
    },
    "done": true
  },
  "minecraft:recipes/redstone/iron_trapdoor": {
    "criteria": {
      "has_iron_ingot": "2024-08-13 19:33:36 +0000"
    },
    "done": true
  },
  "bakery:recipes/sandstone_stove": {
    "criteria": {
      "has_iron_ingot": "2024-08-13 19:33:36 +0000"
    },
    "done": true
  },
  "minecraft:recipes/combat/crossbow": {
    "criteria": {
      "has_iron_ingot": "2024-08-13 19:33:36 +0000"
    },
    "done": true
  },
  "farmersdelight:recipes/combat/iron_knife": {
    "criteria": {
      "has_iron_ingot": "2024-08-13 19:33:36 +0000"
    },
    "done": true
  },
  "minecraft:recipes/redstone/heavy_weighted_pressure_plate": {
    "criteria": {
      "has_iron_ingot": "2024-08-13 19:33:36 +0000"
    },
    "done": true
  },
  "minecraft:recipes/combat/iron_leggings": {
    "criteria": {
      "has_iron_ingot": "2024-08-13 19:33:36 +0000"
    },
    "done": true
  },
  "bakery:recipes/small_cooking_pot": {
    "criteria": {
      "has_iron_ingot": "2024-08-13 19:33:36 +0000"
    },
    "done": true
  },
  "beachparty:mini_fridge": {
    "criteria": {
      "has_iron_ingot": "2024-08-13 19:33:36 +0000"
    },
    "done": true
  },
  "minecraft:recipes/combat/iron_chestplate": {
    "criteria": {
      "has_iron_ingot": "2024-08-13 19:33:36 +0000"
    },
    "done": true
  },
  "bakery:recipes/kitchen_sink": {
    "criteria": {
      "has_iron_ingot": "2024-08-13 19:33:36 +0000"
    },
    "done": true
  },
  "minecraft:recipes/misc/iron_nugget": {
    "criteria": {
      "has_iron_ingot": "2024-08-13 19:33:36 +0000"
    },
    "done": true
  },
  "minecraft:recipes/misc/bucket": {
    "criteria": {
      "has_iron_ingot": "2024-08-13 19:33:36 +0000"
    },
    "done": true
  },
  "minecraft:recipes/transportation/minecart": {
    "criteria": {
      "has_iron_ingot": "2024-08-13 19:33:36 +0000"
    },
    "done": true
  },
  "minecraft:recipes/tools/iron_hoe": {
    "criteria": {
      "has_iron_ingot": "2024-08-13 19:33:36 +0000"
    },
    "done": true
  },
  "minecraft:story/smelt_iron": {
    "criteria": {
      "iron": "2024-08-13 19:33:36 +0000"
    },
    "done": true
  },
  "minecraft:recipes/decorations/chain": {
    "criteria": {
      "has_iron_ingot": "2024-08-13 19:33:36 +0000"
    },
    "done": true
  },
  "bakery:recipes/red_nether_bricks_stove": {
    "criteria": {
      "has_iron_ingot": "2024-08-13 19:33:36 +0000"
    },
    "done": true
  },
  "minecraft:recipes/decorations/smithing_table": {
    "criteria": {
      "has_iron_ingot": "2024-08-13 19:33:36 +0000"
    },
    "done": true
  },
  "bakery:recipes/cobblestone_stove": {
    "criteria": {
      "has_iron_ingot": "2024-08-13 19:33:36 +0000"
    },
    "done": true
  },
  "minecraft:recipes/combat/iron_sword": {
    "criteria": {
      "has_iron_ingot": "2024-08-13 19:33:36 +0000"
    },
    "done": true
  },
  "minecraft:recipes/tools/iron_pickaxe": {
    "criteria": {
      "has_iron_ingot": "2024-08-13 19:33:36 +0000"
    },
    "done": true
  },
  "minecraft:recipes/combat/shield": {
    "criteria": {
      "has_iron_ingot": "2024-08-13 19:33:36 +0000"
    },
    "done": true
  },
  "minecraft:recipes/decorations/iron_bars": {
    "criteria": {
      "has_iron_ingot": "2024-08-13 19:33:36 +0000"
    },
    "done": true
  },
  "bakery:recipes/iron_table": {
    "criteria": {
      "has_iron_ingot": "2024-08-13 19:33:36 +0000"
    },
    "done": true
  },
  "travelersbackpack:recipes/misc/iron_tier_upgrade": {
    "criteria": {
      "has_iron_ingot": "2024-08-13 19:33:36 +0000"
    },
    "done": true
  },
  "travelersbackpack:recipes/misc/hose_nozzle": {
    "criteria": {
      "has_iron": "2024-08-13 19:33:36 +0000"
    },
    "done": true
  },
  "bakery:recipes/deepslate_stove": {
    "criteria": {
      "has_iron_ingot": "2024-08-13 19:33:36 +0000"
    },
    "done": true
  },
  "bakery:recipes/brick_stove": {
    "criteria": {
      "has_iron_ingot": "2024-08-13 19:33:36 +0000"
    },
    "done": true
  },
  "bakery:recipes/end_bricks_stove": {
    "criteria": {
      "has_iron_ingot": "2024-08-13 19:33:36 +0000"
    },
    "done": true
  },
  "ironchest:recipes/decorations/upgrades/iron_to_gold_chest_upgrade": {
    "criteria": {
      "has_iron_ingot": "2024-08-13 19:33:36 +0000"
    },
    "done": true
  },
  "minecraft:recipes/tools/iron_axe": {
    "criteria": {
      "has_iron_ingot": "2024-08-13 19:33:36 +0000"
    },
    "done": true
  },
  "minecraft:recipes/redstone/iron_door": {
    "criteria": {
      "has_iron_ingot": "2024-08-13 19:33:36 +0000"
    },
    "done": true
  },
  "bakery:recipes/stone_bricks_stove": {
    "criteria": {
      "has_iron_ingot": "2024-08-13 19:33:36 +0000"
    },
    "done": true
  },
  "minecraft:recipes/misc/iron_nugget_from_smelting": {
    "criteria": {
      "has_iron_pickaxe": "2024-08-13 19:34:16 +0000"
    },
    "done": true
  },
  "minecraft:story/iron_tools": {
    "criteria": {
      "iron_pickaxe": "2024-08-13 19:34:16 +0000"
    },
    "done": true
  },
  "minecraft:recipes/misc/iron_nugget_from_blasting": {
    "criteria": {
      "has_iron_pickaxe": "2024-08-13 19:34:16 +0000"
    },
    "done": true
  },
  "iceandfire:recipes/misc/silver_ingot_to_silver_nugget": {
    "criteria": {
      "has_silver_ingot": "2024-08-13 19:35:39 +0000"
    },
    "done": true
  },
  "iceandfire:recipes/building_blocks/silver_ingot_to_silver_block": {
    "criteria": {
      "has_silver_ingot": "2024-08-13 19:35:39 +0000"
    },
    "done": true
  },
  "minecraft:recipes/misc/iron_ingot_from_nuggets": {
    "criteria": {
      "has_iron_nugget": "2024-08-13 19:48:47 +0000"
    },
    "done": true
  },
  "iceandfire:recipes/misc/dragon_meal": {
    "criteria": {
      "has_item": "2024-08-13 19:49:18 +0000"
    },
    "done": true
  },
  "farmersdelight:recipes/cooking/baked_cod_stew": {
    "criteria": {
      "has_any_ingredient": "2024-08-13 20:09:04 +0000"
    },
    "done": true
  },
  "minecraft:recipes/food/baked_potato_from_campfire_cooking": {
    "criteria": {
      "has_potato": "2024-08-13 20:09:04 +0000"
    },
    "done": true
  },
  "minecraft:recipes/food/baked_potato": {
    "criteria": {
      "has_potato": "2024-08-13 20:09:04 +0000"
    },
    "done": true
  },
  "farmersdelight:recipes/cooking/beef_stew": {
    "criteria": {
      "has_any_ingredient": "2024-08-13 20:09:04 +0000"
    },
    "done": true
  },
  "minecraft:recipes/food/baked_potato_from_smoking": {
    "criteria": {
      "has_potato": "2024-08-13 20:09:04 +0000"
    },
    "done": true
  },
  "minecraft:recipes/building_blocks/emerald_block": {
    "criteria": {
      "has_emerald": "2024-08-13 20:20:00 +0000"
    },
    "done": true
  },
  "travelersbackpack:recipes/misc/emerald": {
    "criteria": {
      "has_emerald": "2024-08-13 20:20:00 +0000"
    },
    "done": true
  },
  "farmersdelight:recipes/food/sweet_berry_cookie": {
    "criteria": {
      "has_sweet_berries": "2024-08-13 20:20:01 +0000"
    },
    "done": true
  },
  "travelersbackpack:recipes/misc/fox": {
    "criteria": {
      "has_sweet_berries": "2024-08-13 20:20:01 +0000"
    },
    "done": true
  },
  "farmersdelight:recipes/cooking/rabbit_stew": {
    "criteria": {
      "has_any_ingredient": "2024-08-13 20:24:25 +0000"
    },
    "done": true
  },
  "farmersdelight:recipes/food/steak_and_potatoes": {
    "criteria": {
      "has_baked_potato": "2024-08-13 20:24:25 +0000"
    },
    "done": true
  },
  "farmersdelight:recipes/food/stuffed_potato": {
    "criteria": {
      "has_baked_potato": "2024-08-13 20:24:25 +0000"
    },
    "done": true
  },
  "minecraft:recipes/decorations/oak_sign": {
    "criteria": {
      "has_planks": "2024-08-13 20:24:36 +0000"
    },
    "done": true
  },
  "bakery:recipes/cabinet": {
    "criteria": {
      "has_oak_planks": "2024-08-13 20:24:36 +0000"
    },
    "done": true
  },
  "minecraft:recipes/building_blocks/oak_slab": {
    "criteria": {
      "has_planks": "2024-08-13 20:24:36 +0000"
    },
    "done": true
  },
  "bakery:recipes/rolling_pin": {
    "criteria": {
      "has_oak_planks": "2024-08-13 20:24:36 +0000"
    },
    "done": true
  },
  "minecraft:recipes/redstone/oak_fence_gate": {
    "criteria": {
      "has_planks": "2024-08-13 20:24:36 +0000"
    },
    "done": true
  },
  "minecraft:recipes/redstone/oak_door": {
    "criteria": {
      "has_planks": "2024-08-13 20:24:36 +0000"
    },
    "done": true
  },
  "bakery:recipes/wall_cabinet": {
    "criteria": {
      "has_oak_planks": "2024-08-13 20:24:36 +0000"
    },
    "done": true
  },
  "bakery:recipes/chocolate_box": {
    "criteria": {
      "has_oak_planks": "2024-08-13 20:24:36 +0000"
    },
    "done": true
  },
  "minecraft:recipes/redstone/oak_trapdoor": {
    "criteria": {
      "has_planks": "2024-08-13 20:24:36 +0000"
    },
    "done": true
  },
  "minecraft:recipes/building_blocks/oak_stairs": {
    "criteria": {
      "has_planks": "2024-08-13 20:24:36 +0000"
    },
    "done": true
  },
  "minecraft:recipes/decorations/oak_fence": {
    "criteria": {
      "has_planks": "2024-08-13 20:24:36 +0000"
    },
    "done": true
  },
  "bakery:recipes/street_sign": {
    "criteria": {
      "has_oak_planks": "2024-08-13 20:24:36 +0000"
    },
    "done": true
  },
  "bakery:recipes/drawer": {
    "criteria": {
      "has_oak_planks": "2024-08-13 20:24:36 +0000"
    },
    "done": true
  },
  "bakery:recipes/tray": {
    "criteria": {
      "has_oak_planks": "2024-08-13 20:24:36 +0000"
    },
    "done": true
  },
  "minecraft:recipes/redstone/oak_button": {
    "criteria": {
      "has_planks": "2024-08-13 20:24:36 +0000"
    },
    "done": true
  },
  "minecraft:recipes/redstone/oak_pressure_plate": {
    "criteria": {
      "has_planks": "2024-08-13 20:24:36 +0000"
    },
    "done": true
  },
  "bakery:recipes/brick_counter": {
    "criteria": {
      "has_oak_planks": "2024-08-13 20:24:36 +0000"
    },
    "done": true
  },
  "minecraft:recipes/building_blocks/light_blue_stained_glass": {
    "criteria": {
      "has_glass": "2024-08-13 20:24:42 +0000"
    },
    "done": true
  },
  "minecraft:recipes/building_blocks/orange_stained_glass": {
    "criteria": {
      "has_glass": "2024-08-13 20:24:42 +0000"
    },
    "done": true
  },
  "ironchest:recipes/decorations/upgrades/gold_to_diamond_chest_upgrade": {
    "criteria": {
      "has_glass": "2024-08-13 20:24:42 +0000"
    },
    "done": true
  },
  "minecraft:recipes/building_blocks/pink_stained_glass": {
    "criteria": {
      "has_glass": "2024-08-13 20:24:42 +0000"
    },
    "done": true
  },
  "minecraft:recipes/building_blocks/black_stained_glass": {
    "criteria": {
      "has_glass": "2024-08-13 20:24:42 +0000"
    },
    "done": true
  },
  "minecraft:recipes/building_blocks/gray_stained_glass": {
    "criteria": {
      "has_glass": "2024-08-13 20:24:42 +0000"
    },
    "done": true
  },
  "ironchest:recipes/decorations/upgrades/diamond_to_obsidian_chest_upgrade": {
    "criteria": {
      "has_glass": "2024-08-13 20:24:42 +0000"
    },
    "done": true
  },
  "minecraft:recipes/building_blocks/red_stained_glass": {
    "criteria": {
      "has_glass": "2024-08-13 20:24:42 +0000"
    },
    "done": true
  },
  "minecraft:recipes/building_blocks/light_gray_stained_glass": {
    "criteria": {
      "has_glass": "2024-08-13 20:24:42 +0000"
    },
    "done": true
  },
  "minecraft:recipes/building_blocks/cyan_stained_glass": {
    "criteria": {
      "has_glass": "2024-08-13 20:24:42 +0000"
    },
    "done": true
  },
  "ironchest:recipes/decorations/chests/diamond_crystal_chest": {
    "criteria": {
      "has_glass": "2024-08-13 20:24:42 +0000"
    },
    "done": true
  },
  "minecraft:recipes/building_blocks/green_stained_glass": {
    "criteria": {
      "has_glass": "2024-08-13 20:24:42 +0000"
    },
    "done": true
  },
  "minecraft:recipes/building_blocks/brown_stained_glass": {
    "criteria": {
      "has_glass": "2024-08-13 20:24:42 +0000"
    },
    "done": true
  },
  "minecraft:recipes/building_blocks/blue_stained_glass": {
    "criteria": {
      "has_glass": "2024-08-13 20:24:42 +0000"
    },
    "done": true
  },
  "minecraft:recipes/building_blocks/lime_stained_glass": {
    "criteria": {
      "has_glass": "2024-08-13 20:24:42 +0000"
    },
    "done": true
  },
  "minecraft:recipes/decorations/glass_pane": {
    "criteria": {
      "has_glass": "2024-08-13 20:24:42 +0000"
    },
    "done": true
  },
  "minecraft:recipes/building_blocks/magenta_stained_glass": {
    "criteria": {
      "has_glass": "2024-08-13 20:24:42 +0000"
    },
    "done": true
  },
  "minecraft:recipes/building_blocks/white_stained_glass": {
    "criteria": {
      "has_glass": "2024-08-13 20:24:42 +0000"
    },
    "done": true
  },
  "ironchest:recipes/decorations/upgrades/diamond_to_crystal_chest_upgrade": {
    "criteria": {
      "has_glass": "2024-08-13 20:24:42 +0000"
    },
    "done": true
  },
  "minecraft:recipes/brewing/glass_bottle": {
    "criteria": {
      "has_glass": "2024-08-13 20:24:42 +0000"
    },
    "done": true
  },
  "minecraft:recipes/building_blocks/purple_stained_glass": {
    "criteria": {
      "has_glass": "2024-08-13 20:24:42 +0000"
    },
    "done": true
  },
  "minecraft:recipes/building_blocks/yellow_stained_glass": {
    "criteria": {
      "has_glass": "2024-08-13 20:24:42 +0000"
    },
    "done": true
  },
  "beachparty:palm_beam": {
    "criteria": {
      "has_palm_log": "2024-08-13 20:41:03 +0000"
    },
    "done": true
  },
  "beachparty:palm_planks": {
    "criteria": {
      "has_palm_log": "2024-08-13 20:41:03 +0000"
    },
    "done": true
  },
  "beachparty:palm_wood": {
    "criteria": {
      "has_palm_wood": "2024-08-13 20:41:03 +0000"
    },
    "done": true
  },
  "minecraft:recipes/redstone/tripwire_hook": {
    "criteria": {
      "has_string": "2024-08-13 20:41:41 +0000"
    },
    "done": true
  },
  "minecraft:recipes/decorations/candle": {
    "criteria": {
      "has_string": "2024-08-13 20:41:41 +0000"
    },
    "done": true
  },
  "beachparty:bikini": {
    "criteria": {
      "has_string": "2024-08-13 20:41:41 +0000"
    },
    "done": true
  },
  "minecraft:recipes/combat/bow": {
    "criteria": {
      "has_string": "2024-08-13 20:41:41 +0000"
    },
    "done": true
  },
  "minecraft:recipes/tools/fishing_rod": {
    "criteria": {
      "has_string": "2024-08-13 20:41:41 +0000"
    },
    "done": true
  },
  "travelersbackpack:recipes/misc/spider": {
    "criteria": {
      "has_string": "2024-08-13 20:41:41 +0000"
    },
    "done": true
  },
  "minecraft:recipes/building_blocks/white_wool_from_string": {
    "criteria": {
      "has_string": "2024-08-13 20:41:41 +0000"
    },
    "done": true
  },
  "minecraft:recipes/decorations/loom": {
    "criteria": {
      "has_string": "2024-08-13 20:41:41 +0000"
    },
    "done": true
  },
  "minecraft:recipes/combat/leather_helmet": {
    "criteria": {
      "has_leather": "2024-08-13 20:42:05 +0000"
    },
    "done": true
  },
  "minecraft:recipes/combat/leather_chestplate": {
    "criteria": {
      "has_leather": "2024-08-13 20:42:05 +0000"
    },
    "done": true
  },
  "minecraft:recipes/misc/leather_horse_armor": {
    "criteria": {
      "has_leather": "2024-08-13 20:42:05 +0000"
    },
    "done": true
  },
  "travelersbackpack:recipes/misc/horse": {
    "criteria": {
      "has_leather": "2024-08-13 20:42:05 +0000"
    },
    "done": true
  },
  "minecraft:recipes/decorations/item_frame": {
    "criteria": {
      "has_leather": "2024-08-13 20:42:05 +0000"
    },
    "done": true
  },
  "minecraft:recipes/combat/leather_boots": {
    "criteria": {
      "has_leather": "2024-08-13 20:42:05 +0000"
    },
    "done": true
  },
  "minecraft:recipes/combat/leather_leggings": {
    "criteria": {
      "has_leather": "2024-08-13 20:42:05 +0000"
    },
    "done": true
  },
  "iceandfire:recipes/misc/blindfold": {
    "criteria": {
      "has_item": "2024-08-13 20:42:05 +0000"
    },
    "done": true
  },
  "farmersdelight:main/craft_knife": {
    "criteria": {
      "iron_knife": "2024-08-13 20:43:49 +0000"
    },
    "done": true
  },
  "farmersdelight:recipes/misc/iron_nugget_from_blasting_knife": {
    "criteria": {
      "has_iron_knife": "2024-08-13 20:43:49 +0000"
    },
    "done": true
  },
  "farmersdelight:recipes/misc/iron_nugget_from_smelting_knife": {
    "criteria": {
      "has_iron_knife": "2024-08-13 20:43:49 +0000"
    },
    "done": true
  },
  "beachparty:palm_pressure_plate": {
    "criteria": {
      "has_palm_planks": "2024-08-13 20:46:34 +0000"
    },
    "done": true
  },
  "beachparty:chair": {
    "criteria": {
      "has_palm_planks": "2024-08-13 20:46:34 +0000"
    },
    "done": true
  },
  "beachparty:palm_sign": {
    "criteria": {
      "has_palm_planks": "2024-08-13 20:46:34 +0000"
    },
    "done": true
  },
  "beachparty:hammock": {
    "criteria": {
      "has_palm_planks": "2024-08-13 20:46:34 +0000"
    },
    "done": true
  },
  "beachparty:table": {
    "criteria": {
      "has_palm_planks": "2024-08-13 20:46:34 +0000"
    },
    "done": true
  },
  "beachparty:palm_boat": {
    "criteria": {
      "has_palm_planks": "2024-08-13 20:46:34 +0000"
    },
    "done": true
  },
  "beachparty:beach_chair": {
    "criteria": {
      "has_palm_planks": "2024-08-13 20:46:34 +0000"
    },
    "done": true
  },
  "beachparty:palm_trapdoor": {
    "criteria": {
      "has_palm_planks": "2024-08-13 20:46:34 +0000"
    },
    "done": true
  },
  "beachparty:palm_door": {
    "criteria": {
      "has_palm_planks": "2024-08-13 20:46:34 +0000"
    },
    "done": true
  },
  "beachparty:cabinet": {
    "criteria": {
      "has_palm_planks": "2024-08-13 20:46:34 +0000"
    },
    "done": true
  },
  "beachparty:palm_floorboard": {
    "criteria": {
      "has_palm_planks": "2024-08-13 20:46:34 +0000"
    },
    "done": true
  },
  "beachparty:palm_stairs": {
    "criteria": {
      "has_palm_planks": "2024-08-13 20:46:34 +0000"
    },
    "done": true
  },
  "beachparty:palm_button": {
    "criteria": {
      "has_palm_planks": "2024-08-13 20:46:34 +0000"
    },
    "done": true
  },
  "beachparty:lounge_chair": {
    "criteria": {
      "has_palm_planks": "2024-08-13 20:46:34 +0000"
    },
    "done": true
  },
  "beachparty:tiki_chair": {
    "criteria": {
      "has_palm_planks": "2024-08-13 20:46:34 +0000"
    },
    "done": true
  },
  "beachparty:palm_slab": {
    "criteria": {
      "has_palm_planks": "2024-08-13 20:46:34 +0000"
    },
    "done": true
  },
  "beachparty:palm_fence_gate": {
    "criteria": {
      "has_palm_planks": "2024-08-13 20:46:34 +0000"
    },
    "done": true
  },
  "beachparty:palm_fence": {
    "criteria": {
      "has_palm_planks": "2024-08-13 20:46:34 +0000"
    },
    "done": true
  },
  "travelersbackpack:recipes/misc/standard": {
    "criteria": {
      "has_chest": "2024-08-13 20:46:43 +0000"
    },
    "done": true
  },
  "travelersbackpack:recipes/misc/blank_upgrade": {
    "criteria": {
      "has_chest": "2024-08-13 20:46:43 +0000"
    },
    "done": true
  },
  "minecraft:recipes/decorations/composter": {
    "criteria": {
      "has_wood_slab": "2024-08-13 20:55:56 +0000"
    },
    "done": true
  },
  "beachparty:sand_bucket_block": {
    "criteria": {
      "has_wooden_shovel": "2024-08-13 20:56:53 +0000"
    },
    "done": true
  },
  "beachparty:sunglasses": {
    "criteria": {
      "has_glass_pane": "2024-08-13 21:02:17 +0000"
    },
    "done": true
  },
  "minecraft:recipes/decorations/lime_stained_glass_pane_from_glass_pane": {
    "criteria": {
      "has_glass_pane": "2024-08-13 21:02:17 +0000"
    },
    "done": true
  },
  "minecraft:recipes/decorations/purple_stained_glass_pane_from_glass_pane": {
    "criteria": {
      "has_glass_pane": "2024-08-13 21:02:17 +0000"
    },
    "done": true
  },
  "minecraft:recipes/decorations/blue_stained_glass_pane_from_glass_pane": {
    "criteria": {
      "has_glass_pane": "2024-08-13 21:02:17 +0000"
    },
    "done": true
  },
  "minecraft:recipes/decorations/light_gray_stained_glass_pane_from_glass_pane": {
    "criteria": {
      "has_glass_pane": "2024-08-13 21:02:17 +0000"
    },
    "done": true
  },
  "minecraft:recipes/decorations/light_blue_stained_glass_pane_from_glass_pane": {
    "criteria": {
      "has_glass_pane": "2024-08-13 21:02:17 +0000"
    },
    "done": true
  },
  "bakery:recipes/cake_display": {
    "criteria": {
      "has_glass_pane": "2024-08-13 21:02:17 +0000"
    },
    "done": true
  },
  "minecraft:recipes/decorations/gray_stained_glass_pane_from_glass_pane": {
    "criteria": {
      "has_glass_pane": "2024-08-13 21:02:17 +0000"
    },
    "done": true
  },
  "minecraft:recipes/decorations/yellow_stained_glass_pane_from_glass_pane": {
    "criteria": {
      "has_glass_pane": "2024-08-13 21:02:17 +0000"
    },
    "done": true
  },
  "minecraft:recipes/decorations/red_stained_glass_pane_from_glass_pane": {
    "criteria": {
      "has_glass_pane": "2024-08-13 21:02:17 +0000"
    },
    "done": true
  },
  "bakery:recipes/jar": {
    "criteria": {
      "has_glass_pane": "2024-08-13 21:02:17 +0000"
    },
    "done": true
  },
  "minecraft:recipes/decorations/orange_stained_glass_pane_from_glass_pane": {
    "criteria": {
      "has_glass_pane": "2024-08-13 21:02:17 +0000"
    },
    "done": true
  },
  "minecraft:recipes/decorations/green_stained_glass_pane_from_glass_pane": {
    "criteria": {
      "has_glass_pane": "2024-08-13 21:02:17 +0000"
    },
    "done": true
  },
  "minecraft:recipes/decorations/pink_stained_glass_pane_from_glass_pane": {
    "criteria": {
      "has_glass_pane": "2024-08-13 21:02:17 +0000"
    },
    "done": true
  },
  "minecraft:recipes/decorations/white_stained_glass_pane_from_glass_pane": {
    "criteria": {
      "has_glass_pane": "2024-08-13 21:02:17 +0000"
    },
    "done": true
  },
  "minecraft:recipes/decorations/black_stained_glass_pane_from_glass_pane": {
    "criteria": {
      "has_glass_pane": "2024-08-13 21:02:17 +0000"
    },
    "done": true
  },
  "minecraft:recipes/decorations/brown_stained_glass_pane_from_glass_pane": {
    "criteria": {
      "has_glass_pane": "2024-08-13 21:02:17 +0000"
    },
    "done": true
  },
  "minecraft:recipes/decorations/magenta_stained_glass_pane_from_glass_pane": {
    "criteria": {
      "has_glass_pane": "2024-08-13 21:02:17 +0000"
    },
    "done": true
  },
  "minecraft:recipes/decorations/cyan_stained_glass_pane_from_glass_pane": {
    "criteria": {
      "has_glass_pane": "2024-08-13 21:02:17 +0000"
    },
    "done": true
  },
  "farmersdelight:recipes/cooking/squid_ink_pasta": {
    "criteria": {
      "has_any_ingredient": "2024-08-13 21:10:21 +0000"
    },
    "done": true
  },
  "minecraft:recipes/misc/black_dye": {
    "criteria": {
      "has_ink_sac": "2024-08-13 21:10:21 +0000"
    },
    "done": true
  },
  "travelersbackpack:recipes/misc/squid": {
    "criteria": {
      "has_ink_sac": "2024-08-13 21:10:21 +0000"
    },
    "done": true
  },
  "arts_and_crafts:recipes/building_blocks/black_terracotta_shingles_dye_recipe": {
    "criteria": {
      "black_dye": "2024-08-13 21:10:48 +0000"
    },
    "done": true
  },
  "arts_and_crafts:recipes/building_blocks/black_polished_soapstone_wall_dye_recipe": {
    "criteria": {
      "black_dye": "2024-08-13 21:10:48 +0000"
    },
    "done": true
  },
  "arts_and_crafts:recipes/building_blocks/black_soapstone_slab_dye_recipe": {
    "criteria": {
      "black_dye": "2024-08-13 21:10:48 +0000"
    },
    "done": true
  },
  "arts_and_crafts:recipes/building_blocks/black_mud_brick_stairs_dye_recipe": {
    "criteria": {
      "black_dye": "2024-08-13 21:10:48 +0000"
    },
    "done": true
  },
  "travelersbackpack:recipes/building_blocks/dye_black_sleeping_bag": {
    "criteria": {
      "has_needed_dye": "2024-08-13 21:10:48 +0000"
    },
    "done": true
  },
  "arts_and_crafts:recipes/building_blocks/black_soapstone_brick_wall_dye_recipe": {
    "criteria": {
      "black_dye": "2024-08-13 21:10:48 +0000"
    },
    "done": true
  },
  "arts_and_crafts:recipes/building_blocks/black_soapstone_bricks_dye_recipe": {
    "criteria": {
      "black_dye": "2024-08-13 21:10:48 +0000"
    },
    "done": true
  },
  "minecraft:recipes/building_blocks/dye_black_carpet": {
    "criteria": {
      "has_needed_dye": "2024-08-13 21:10:48 +0000"
    },
    "done": true
  },
  "arts_and_crafts:recipes/building_blocks/black_soapstone_wall_dye_recipe": {
    "criteria": {
      "black_dye": "2024-08-13 21:10:48 +0000"
    },
    "done": true
  },
  "arts_and_crafts:recipes/building_blocks/black_soapstone_brick_slab_dye_recipe": {
    "criteria": {
      "black_dye": "2024-08-13 21:10:48 +0000"
    },
    "done": true
  },
  "arts_and_crafts:recipes/building_blocks/black_terracotta_shingle_slab_dye_recipe": {
    "criteria": {
      "black_dye": "2024-08-13 21:10:48 +0000"
    },
    "done": true
  },
  "minecraft:recipes/building_blocks/dye_black_bed": {
    "criteria": {
      "has_needed_dye": "2024-08-13 21:10:48 +0000"
    },
    "done": true
  },
  "arts_and_crafts:recipes/building_blocks/black_plaster_dye_recipe": {
    "criteria": {
      "black_dye": "2024-08-13 21:10:48 +0000"
    },
    "done": true
  },
  "arts_and_crafts:recipes/building_blocks/dye_black_flower_pot_with_bleached_flower_pots": {
    "criteria": {
      "has_needed_dye": "2024-08-13 21:10:48 +0000"
    },
    "done": true
  },
  "arts_and_crafts:recipes/building_blocks/black_terracotta_shingle_wall_dye_recipe": {
    "criteria": {
      "black_dye": "2024-08-13 21:10:48 +0000"
    },
    "done": true
  },
  "arts_and_crafts:recipes/building_blocks/black_terracotta_shingle_stairs_dye_recipe": {
    "criteria": {
      "black_dye": "2024-08-13 21:10:48 +0000"
    },
    "done": true
  },
  "minecraft:recipes/misc/gray_dye": {
    "criteria": {
      "has_black_dye": "2024-08-13 21:10:48 +0000"
    },
    "done": true
  },
  "arts_and_crafts:recipes/building_blocks/black_polished_soapstone_slab_dye_recipe": {
    "criteria": {
      "black_dye": "2024-08-13 21:10:48 +0000"
    },
    "done": true
  },
  "arts_and_crafts:recipes/building_blocks/black_mud_bricks_dye_recipe": {
    "criteria": {
      "black_dye": "2024-08-13 21:10:48 +0000"
    },
    "done": true
  },
  "arts_and_crafts:recipes/building_blocks/dye_black_glazed_terracotta": {
    "criteria": {
      "has_needed_dye": "2024-08-13 21:10:48 +0000"
    },
    "done": true
  },
  "arts_and_crafts:recipes/building_blocks/black_mud_brick_slab_dye_recipe": {
    "criteria": {
      "black_dye": "2024-08-13 21:10:48 +0000"
    },
    "done": true
  },
  "arts_and_crafts:recipes/tools/black_paintbrush": {
    "criteria": {
      "black_dye": "2024-08-13 21:10:48 +0000"
    },
    "done": true
  },
  "arts_and_crafts:recipes/building_blocks/dye_black_bed_with_bleached_bed": {
    "criteria": {
      "has_needed_dye": "2024-08-13 21:10:48 +0000"
    },
    "done": true
  },
  "arts_and_crafts:recipes/building_blocks/black_polished_soapstone_dye_recipe": {
    "criteria": {
      "black_dye": "2024-08-13 21:10:48 +0000"
    },
    "done": true
  },
  "arts_and_crafts:recipes/building_blocks/black_mud_brick_wall_dye_recipe": {
    "criteria": {
      "black_dye": "2024-08-13 21:10:48 +0000"
    },
    "done": true
  },
  "arts_and_crafts:recipes/building_blocks/dye_black_chalk_stick": {
    "criteria": {
      "has_needed_dye": "2024-08-13 21:10:48 +0000"
    },
    "done": true
  },
  "arts_and_crafts:recipes/building_blocks/dye_black_carpet_with_bleached_carpet": {
    "criteria": {
      "has_needed_dye": "2024-08-13 21:10:48 +0000"
    },
    "done": true
  },
  "arts_and_crafts:recipes/building_blocks/dye_black_wool_with_bleached_wool": {
    "criteria": {
      "has_needed_dye": "2024-08-13 21:10:48 +0000"
    },
    "done": true
  },
  "arts_and_crafts:recipes/building_blocks/black_soapstone_brick_stairs_dye_recipe": {
    "criteria": {
      "black_dye": "2024-08-13 21:10:48 +0000"
    },
    "done": true
  },
  "arts_and_crafts:recipes/building_blocks/black_soapstone_stairs_dye_recipe": {
    "criteria": {
      "black_dye": "2024-08-13 21:10:48 +0000"
    },
    "done": true
  },
  "arts_and_crafts:recipes/building_blocks/dye_black_flower_pot": {
    "criteria": {
      "has_needed_dye": "2024-08-13 21:10:48 +0000"
    },
    "done": true
  },
  "arts_and_crafts:recipes/building_blocks/dye_black_chalk": {
    "criteria": {
      "has_needed_dye": "2024-08-13 21:10:48 +0000"
    },
    "done": true
  },
  "arts_and_crafts:recipes/building_blocks/black_polished_soapstone_stairs_dye_recipe": {
    "criteria": {
      "black_dye": "2024-08-13 21:10:48 +0000"
    },
    "done": true
  },
  "minecraft:recipes/misc/light_gray_dye_from_black_white_dye": {
    "criteria": {
      "has_black_dye": "2024-08-13 21:10:48 +0000"
    },
    "done": true
  },
  "minecraft:recipes/decorations/black_candle": {
    "criteria": {
      "has_black_dye": "2024-08-13 21:10:48 +0000"
    },
    "done": true
  },
  "arts_and_crafts:recipes/building_blocks/black_soapstone_dye_recipe": {
    "criteria": {
      "black_dye": "2024-08-13 21:10:48 +0000"
    },
    "done": true
  },
  "minecraft:recipes/building_blocks/dye_black_wool": {
    "criteria": {
      "has_needed_dye": "2024-08-13 21:10:48 +0000"
    },
    "done": true
  },
  "travelersbackpack:recipes/misc/coal": {
    "criteria": {
      "has_coal": "2024-08-13 21:14:57 +0000"
    },
    "done": true
  },
  "beachparty:palm_tall_torch": {
    "criteria": {
      "has_coal": "2024-08-13 21:14:57 +0000"
    },
    "done": true
  },
  "minecraft:recipes/building_blocks/coal_block": {
    "criteria": {
      "has_coal": "2024-08-13 21:14:57 +0000"
    },
    "done": true
  },
  "farmersdelight:recipes/decorations/stove": {
    "criteria": {
      "has_campfire": "2024-08-13 21:15:06 +0000"
    },
    "done": true
  },
  "minecraft:recipes/building_blocks/andesite_stairs": {
    "criteria": {
      "has_andesite": "2024-08-13 21:18:43 +0000"
    },
    "done": true
  },
  "minecraft:recipes/building_blocks/polished_andesite_from_andesite_stonecutting": {
    "criteria": {
      "has_andesite": "2024-08-13 21:18:43 +0000"
    },
    "done": true
  },
  "minecraft:recipes/building_blocks/polished_andesite_stairs_from_andesite_stonecutting": {
    "criteria": {
      "has_andesite": "2024-08-13 21:18:43 +0000"
    },
    "done": true
  },
  "minecraft:recipes/decorations/andesite_wall_from_andesite_stonecutting": {
    "criteria": {
      "has_andesite": "2024-08-13 21:18:43 +0000"
    },
    "done": true
  },
  "minecraft:recipes/building_blocks/polished_andesite_slab_from_andesite_stonecutting": {
    "criteria": {
      "has_andesite": "2024-08-13 21:18:43 +0000"
    },
    "done": true
  },
  "minecraft:recipes/building_blocks/andesite_slab_from_andesite_stonecutting": {
    "criteria": {
      "has_andesite": "2024-08-13 21:18:43 +0000"
    },
    "done": true
  },
  "minecraft:recipes/building_blocks/andesite_stairs_from_andesite_stonecutting": {
    "criteria": {
      "has_andesite": "2024-08-13 21:18:43 +0000"
    },
    "done": true
  },
  "minecraft:recipes/building_blocks/polished_andesite": {
    "criteria": {
      "has_andesite": "2024-08-13 21:18:43 +0000"
    },
    "done": true
  },
  "minecraft:recipes/decorations/andesite_wall": {
    "criteria": {
      "has_andesite": "2024-08-13 21:18:43 +0000"
    },
    "done": true
  },
  "minecraft:recipes/building_blocks/andesite_slab": {
    "criteria": {
      "has_andesite": "2024-08-13 21:18:43 +0000"
    },
    "done": true
  },
  "minecraft:recipes/misc/copper_ingot_from_blasting_raw_copper": {
    "criteria": {
      "has_raw_copper": "2024-08-13 21:19:24 +0000"
    },
    "done": true
  },
  "minecraft:recipes/building_blocks/raw_copper_block": {
    "criteria": {
      "has_raw_copper": "2024-08-13 21:19:24 +0000"
    },
    "done": true
  },
  "minecraft:recipes/misc/copper_ingot_from_smelting_raw_copper": {
    "criteria": {
      "has_raw_copper": "2024-08-13 21:19:24 +0000"
    },
    "done": true
  },
  "minecraft:recipes/building_blocks/granite_slab_from_granite_stonecutting": {
    "criteria": {
      "has_granite": "2024-08-13 21:21:46 +0000"
    },
    "done": true
  },
  "minecraft:recipes/decorations/granite_wall_from_granite_stonecutting": {
    "criteria": {
      "has_granite": "2024-08-13 21:21:46 +0000"
    },
    "done": true
  },
  "minecraft:recipes/building_blocks/polished_granite_from_granite_stonecutting": {
    "criteria": {
      "has_granite": "2024-08-13 21:21:46 +0000"
    },
    "done": true
  },
  "minecraft:recipes/building_blocks/granite_slab": {
    "criteria": {
      "has_granite": "2024-08-13 21:21:46 +0000"
    },
    "done": true
  },
  "minecraft:recipes/building_blocks/granite_stairs": {
    "criteria": {
      "has_granite": "2024-08-13 21:21:46 +0000"
    },
    "done": true
  },
  "minecraft:recipes/building_blocks/granite_stairs_from_granite_stonecutting": {
    "criteria": {
      "has_granite": "2024-08-13 21:21:46 +0000"
    },
    "done": true
  },
  "minecraft:recipes/decorations/granite_wall": {
    "criteria": {
      "has_granite": "2024-08-13 21:21:46 +0000"
    },
    "done": true
  },
  "minecraft:recipes/building_blocks/polished_granite_slab_from_granite_stonecutting": {
    "criteria": {
      "has_granite": "2024-08-13 21:21:46 +0000"
    },
    "done": true
  },
  "minecraft:recipes/building_blocks/polished_granite_stairs_from_granite_stonecutting": {
    "criteria": {
      "has_granite": "2024-08-13 21:21:46 +0000"
    },
    "done": true
  },
  "minecraft:recipes/building_blocks/polished_granite": {
    "criteria": {
      "has_granite": "2024-08-13 21:21:46 +0000"
    },
    "done": true
  },
  "minecraft:recipes/building_blocks/stone_bricks": {
    "criteria": {
      "has_stone": "2024-08-13 21:36:43 +0000"
    },
    "done": true
  },
  "minecraft:recipes/building_blocks/stone_bricks_from_stone_stonecutting": {
    "criteria": {
      "has_stone": "2024-08-13 21:36:43 +0000"
    },
    "done": true
  },
  "minecraft:recipes/building_blocks/stone_slab": {
    "criteria": {
      "has_stone": "2024-08-13 21:36:43 +0000"
    },
    "done": true
  },
  "minecraft:recipes/building_blocks/stone_stairs_from_stone_stonecutting": {
    "criteria": {
      "has_stone": "2024-08-13 21:36:43 +0000"
    },
    "done": true
  },
  "minecraft:recipes/redstone/stone_button": {
    "criteria": {
      "has_stone": "2024-08-13 21:36:43 +0000"
    },
    "done": true
  },
  "minecraft:recipes/redstone/stone_pressure_plate": {
    "criteria": {
      "has_stone": "2024-08-13 21:36:43 +0000"
    },
    "done": true
  },
  "minecraft:recipes/building_blocks/stone_stairs": {
    "criteria": {
      "has_stone": "2024-08-13 21:36:43 +0000"
    },
    "done": true
  },
  "minecraft:recipes/decorations/stonecutter": {
    "criteria": {
      "has_stone": "2024-08-13 21:36:43 +0000"
    },
    "done": true
  },
  "minecraft:recipes/building_blocks/smooth_stone": {
    "criteria": {
      "has_stone": "2024-08-13 21:36:43 +0000"
    },
    "done": true
  },
  "minecraft:recipes/decorations/stone_brick_walls_from_stone_stonecutting": {
    "criteria": {
      "has_stone": "2024-08-13 21:36:43 +0000"
    },
    "done": true
  },
  "minecraft:recipes/building_blocks/stone_brick_slab_from_stone_stonecutting": {
    "criteria": {
      "has_stone": "2024-08-13 21:36:43 +0000"
    },
    "done": true
  },
  "minecraft:recipes/building_blocks/stone_brick_stairs_from_stone_stonecutting": {
    "criteria": {
      "has_stone": "2024-08-13 21:36:43 +0000"
    },
    "done": true
  },
  "minecraft:recipes/building_blocks/stone_slab_from_stone_stonecutting": {
    "criteria": {
      "has_stone": "2024-08-13 21:36:43 +0000"
    },
    "done": true
  },
  "minecraft:recipes/building_blocks/chiseled_stone_bricks_stone_from_stonecutting": {
    "criteria": {
      "has_stone": "2024-08-13 21:36:43 +0000"
    },
    "done": true
  },
  "jitl:recipes/misc/stone_clump": {
    "criteria": {
      "has_block.minecraft.stone": "2024-08-13 21:36:43 +0000"
    },
    "done": true
  },
  "minecraft:recipes/decorations/blast_furnace": {
    "criteria": {
      "has_smooth_stone": "2024-08-13 21:36:56 +0000"
    },
    "done": true
  },
  "minecraft:recipes/building_blocks/smooth_stone_slab": {
    "criteria": {
      "has_smooth_stone": "2024-08-13 21:36:56 +0000"
    },
    "done": true
  },
  "minecraft:recipes/building_blocks/smooth_stone_slab_from_smooth_stone_stonecutting": {
    "criteria": {
      "has_smooth_stone": "2024-08-13 21:36:56 +0000"
    },
    "done": true
  },
  "minecraft:recipes/decorations/armor_stand": {
    "criteria": {
      "has_stone_slab": "2024-08-13 21:39:44 +0000"
    },
    "done": true
  },
  "arts_and_crafts:recipes/building_blocks/blue_terracotta_shingle_wall_dye_recipe": {
    "criteria": {
      "blue_dye": "2024-08-13 21:40:49 +0000"
    },
    "done": true
  },
  "arts_and_crafts:recipes/building_blocks/blue_polished_soapstone_stairs_dye_recipe": {
    "criteria": {
      "blue_dye": "2024-08-13 21:40:49 +0000"
    },
    "done": true
  },
  "arts_and_crafts:recipes/building_blocks/blue_plaster_dye_recipe": {
    "criteria": {
      "blue_dye": "2024-08-13 21:40:49 +0000"
    },
    "done": true
  },
  "minecraft:recipes/misc/magenta_dye_from_blue_red_pink": {
    "criteria": {
      "has_blue_dye": "2024-08-13 21:40:49 +0000"
    },
    "done": true
  },
  "arts_and_crafts:recipes/building_blocks/blue_soapstone_bricks_dye_recipe": {
    "criteria": {
      "blue_dye": "2024-08-13 21:40:49 +0000"
    },
    "done": true
  },
  "travelersbackpack:recipes/building_blocks/dye_blue_sleeping_bag": {
    "criteria": {
      "has_needed_dye": "2024-08-13 21:40:49 +0000"
    },
    "done": true
  },
  "arts_and_crafts:recipes/building_blocks/blue_mud_bricks_dye_recipe": {
    "criteria": {
      "blue_dye": "2024-08-13 21:40:49 +0000"
    },
    "done": true
  },
  "arts_and_crafts:recipes/building_blocks/blue_mud_brick_slab_dye_recipe": {
    "criteria": {
      "blue_dye": "2024-08-13 21:40:49 +0000"
    },
    "done": true
  },
  "arts_and_crafts:recipes/building_blocks/blue_mud_brick_wall_dye_recipe": {
    "criteria": {
      "blue_dye": "2024-08-13 21:40:49 +0000"
    },
    "done": true
  },
  "minecraft:recipes/building_blocks/dye_blue_wool": {
    "criteria": {
      "has_needed_dye": "2024-08-13 21:40:49 +0000"
    },
    "done": true
  },
  "arts_and_crafts:recipes/building_blocks/blue_terracotta_shingle_stairs_dye_recipe": {
    "criteria": {
      "blue_dye": "2024-08-13 21:40:49 +0000"
    },
    "done": true
  },
  "minecraft:recipes/misc/light_blue_dye_from_blue_white_dye": {
    "criteria": {
      "has_blue_dye": "2024-08-13 21:40:49 +0000"
    },
    "done": true
  },
  "minecraft:recipes/building_blocks/dye_blue_carpet": {
    "criteria": {
      "has_needed_dye": "2024-08-13 21:40:49 +0000"
    },
    "done": true
  },
  "arts_and_crafts:recipes/tools/blue_paintbrush": {
    "criteria": {
      "blue_dye": "2024-08-13 21:40:49 +0000"
    },
    "done": true
  },
  "arts_and_crafts:recipes/building_blocks/blue_soapstone_slab_dye_recipe": {
    "criteria": {
      "blue_dye": "2024-08-13 21:40:49 +0000"
    },
    "done": true
  },
  "minecraft:recipes/building_blocks/dye_blue_bed": {
    "criteria": {
      "has_needed_dye": "2024-08-13 21:40:49 +0000"
    },
    "done": true
  },
  "arts_and_crafts:recipes/building_blocks/dye_blue_flower_pot_with_bleached_flower_pots": {
    "criteria": {
      "has_needed_dye": "2024-08-13 21:40:49 +0000"
    },
    "done": true
  },
  "minecraft:recipes/misc/magenta_dye_from_blue_red_white_dye": {
    "criteria": {
      "has_blue_dye": "2024-08-13 21:40:49 +0000"
    },
    "done": true
  },
  "arts_and_crafts:recipes/building_blocks/blue_polished_soapstone_dye_recipe": {
    "criteria": {
      "blue_dye": "2024-08-13 21:40:49 +0000"
    },
    "done": true
  },
  "arts_and_crafts:recipes/building_blocks/dye_blue_chalk": {
    "criteria": {
      "has_needed_dye": "2024-08-13 21:40:49 +0000"
    },
    "done": true
  },
  "arts_and_crafts:recipes/building_blocks/blue_soapstone_wall_dye_recipe": {
    "criteria": {
      "blue_dye": "2024-08-13 21:40:49 +0000"
    },
    "done": true
  },
  "minecraft:recipes/misc/cyan_dye": {
    "criteria": {
      "has_blue_dye": "2024-08-13 21:40:49 +0000"
    },
    "done": true
  },
  "arts_and_crafts:recipes/building_blocks/blue_soapstone_brick_slab_dye_recipe": {
    "criteria": {
      "blue_dye": "2024-08-13 21:40:49 +0000"
    },
    "done": true
  },
  "arts_and_crafts:recipes/building_blocks/dye_blue_flower_pot": {
    "criteria": {
      "has_needed_dye": "2024-08-13 21:40:49 +0000"
    },
    "done": true
  },
  "minecraft:recipes/decorations/blue_candle": {
    "criteria": {
      "has_blue_dye": "2024-08-13 21:40:49 +0000"
    },
    "done": true
  },
  "arts_and_crafts:recipes/building_blocks/blue_soapstone_stairs_dye_recipe": {
    "criteria": {
      "blue_dye": "2024-08-13 21:40:49 +0000"
    },
    "done": true
  },
  "arts_and_crafts:recipes/building_blocks/blue_polished_soapstone_wall_dye_recipe": {
    "criteria": {
      "blue_dye": "2024-08-13 21:40:49 +0000"
    },
    "done": true
  },
  "arts_and_crafts:recipes/building_blocks/blue_terracotta_shingles_dye_recipe": {
    "criteria": {
      "blue_dye": "2024-08-13 21:40:49 +0000"
    },
    "done": true
  },
  "arts_and_crafts:recipes/building_blocks/blue_soapstone_brick_wall_dye_recipe": {
    "criteria": {
      "blue_dye": "2024-08-13 21:40:49 +0000"
    },
    "done": true
  },
  "arts_and_crafts:recipes/building_blocks/dye_blue_wool_with_bleached_wool": {
    "criteria": {
      "has_needed_dye": "2024-08-13 21:40:49 +0000"
    },
    "done": true
  },
  "arts_and_crafts:recipes/building_blocks/blue_soapstone_brick_stairs_dye_recipe": {
    "criteria": {
      "blue_dye": "2024-08-13 21:40:49 +0000"
    },
    "done": true
  },
  "arts_and_crafts:recipes/building_blocks/dye_blue_glazed_terracotta": {
    "criteria": {
      "has_needed_dye": "2024-08-13 21:40:49 +0000"
    },
    "done": true
  },
  "arts_and_crafts:recipes/building_blocks/dye_blue_carpet_with_bleached_carpet": {
    "criteria": {
      "has_needed_dye": "2024-08-13 21:40:49 +0000"
    },
    "done": true
  },
  "arts_and_crafts:recipes/building_blocks/dye_blue_bed_with_bleached_bed": {
    "criteria": {
      "has_needed_dye": "2024-08-13 21:40:49 +0000"
    },
    "done": true
  },
  "minecraft:recipes/misc/purple_dye": {
    "criteria": {
      "has_blue_dye": "2024-08-13 21:40:49 +0000"
    },
    "done": true
  },
  "arts_and_crafts:recipes/building_blocks/blue_terracotta_shingle_slab_dye_recipe": {
    "criteria": {
      "blue_dye": "2024-08-13 21:40:49 +0000"
    },
    "done": true
  },
  "arts_and_crafts:recipes/building_blocks/blue_soapstone_dye_recipe": {
    "criteria": {
      "blue_dye": "2024-08-13 21:40:49 +0000"
    },
    "done": true
  },
  "arts_and_crafts:recipes/building_blocks/blue_mud_brick_stairs_dye_recipe": {
    "criteria": {
      "blue_dye": "2024-08-13 21:40:49 +0000"
    },
    "done": true
  },
  "arts_and_crafts:recipes/building_blocks/blue_polished_soapstone_slab_dye_recipe": {
    "criteria": {
      "blue_dye": "2024-08-13 21:40:49 +0000"
    },
    "done": true
  },
  "arts_and_crafts:recipes/building_blocks/dye_blue_chalk_stick": {
    "criteria": {
      "has_needed_dye": "2024-08-13 21:40:49 +0000"
    },
    "done": true
  },
  "minecraft:recipes/building_blocks/lapis_block": {
    "criteria": {
      "has_lapis_lazuli": "2024-08-13 21:41:05 +0000"
    },
    "done": true
  },
  "minecraft:recipes/misc/blue_dye": {
    "criteria": {
      "has_lapis_lazuli": "2024-08-13 21:41:05 +0000"
    },
    "done": true
  },
  "travelersbackpack:recipes/misc/lapis": {
    "criteria": {
      "has_lapis_lazuli": "2024-08-13 21:41:05 +0000"
    },
    "done": true
  },
  "arts_and_crafts:recipes/building_blocks/yellow_soapstone_bricks_dye_recipe": {
    "criteria": {
      "yellow_dye": "2024-08-13 21:54:14 +0000"
    },
    "done": true
  },
  "arts_and_crafts:recipes/building_blocks/red_soapstone_stairs_dye_recipe": {
    "criteria": {
      "red_dye": "2024-08-13 21:53:59 +0000"
    },
    "done": true
  },
  "arts_and_crafts:recipes/building_blocks/dye_yellow_bed_with_bleached_bed": {
    "criteria": {
      "has_needed_dye": "2024-08-13 21:54:14 +0000"
    },
    "done": true
  },
  "arts_and_crafts:recipes/building_blocks/dye_yellow_chalk_stick": {
    "criteria": {
      "has_needed_dye": "2024-08-13 21:54:14 +0000"
    },
    "done": true
  },
  "arts_and_crafts:recipes/building_blocks/dye_yellow_flower_pot_with_bleached_flower_pots": {
    "criteria": {
      "has_needed_dye": "2024-08-13 21:54:14 +0000"
    },
    "done": true
  },
  "arts_and_crafts:recipes/building_blocks/red_soapstone_brick_slab_dye_recipe": {
    "criteria": {
      "red_dye": "2024-08-13 21:53:59 +0000"
    },
    "done": true
  },
  "arts_and_crafts:recipes/building_blocks/red_terracotta_shingles_dye_recipe": {
    "criteria": {
      "red_dye": "2024-08-13 21:53:59 +0000"
    },
    "done": true
  },
  "minecraft:recipes/decorations/yellow_candle": {
    "criteria": {
      "has_yellow_dye": "2024-08-13 21:54:14 +0000"
    },
    "done": true
  },
  "arts_and_crafts:recipes/building_blocks/yellow_terracotta_shingles_dye_recipe": {
    "criteria": {
      "yellow_dye": "2024-08-13 21:54:14 +0000"
    },
    "done": true
  },
  "minecraft:recipes/building_blocks/dye_yellow_wool": {
    "criteria": {
      "has_needed_dye": "2024-08-13 21:54:14 +0000"
    },
    "done": true
  },
  "arts_and_crafts:recipes/building_blocks/red_terracotta_shingle_stairs_dye_recipe": {
    "criteria": {
      "red_dye": "2024-08-13 21:53:59 +0000"
    },
    "done": true
  },
  "arts_and_crafts:recipes/building_blocks/dye_red_chalk": {
    "criteria": {
      "has_needed_dye": "2024-08-13 21:53:59 +0000"
    },
    "done": true
  },
  "arts_and_crafts:recipes/building_blocks/yellow_terracotta_shingle_wall_dye_recipe": {
    "criteria": {
      "yellow_dye": "2024-08-13 21:54:14 +0000"
    },
    "done": true
  },
  "arts_and_crafts:recipes/building_blocks/red_soapstone_brick_wall_dye_recipe": {
    "criteria": {
      "red_dye": "2024-08-13 21:53:59 +0000"
    },
    "done": true
  },
  "arts_and_crafts:recipes/building_blocks/red_soapstone_wall_dye_recipe": {
    "criteria": {
      "red_dye": "2024-08-13 21:53:59 +0000"
    },
    "done": true
  },
  "arts_and_crafts:recipes/building_blocks/red_soapstone_dye_recipe": {
    "criteria": {
      "red_dye": "2024-08-13 21:53:59 +0000"
    },
    "done": true
  },
  "arts_and_crafts:recipes/building_blocks/yellow_soapstone_dye_recipe": {
    "criteria": {
      "yellow_dye": "2024-08-13 21:54:14 +0000"
    },
    "done": true
  },
  "minecraft:recipes/building_blocks/dye_red_bed": {
    "criteria": {
      "has_needed_dye": "2024-08-13 21:53:59 +0000"
    },
    "done": true
  },
  "arts_and_crafts:recipes/building_blocks/yellow_terracotta_shingle_stairs_dye_recipe": {
    "criteria": {
      "yellow_dye": "2024-08-13 21:54:14 +0000"
    },
    "done": true
  },
  "minecraft:recipes/building_blocks/dye_red_wool": {
    "criteria": {
      "has_needed_dye": "2024-08-13 21:53:59 +0000"
    },
    "done": true
  },
  "minecraft:recipes/misc/orange_dye_from_red_yellow": {
    "criteria": {
      "has_red_dye": "2024-08-13 21:53:59 +0000"
    },
    "done": true
  },
  "arts_and_crafts:recipes/building_blocks/dye_red_chalk_stick": {
    "criteria": {
      "has_needed_dye": "2024-08-13 21:53:59 +0000"
    },
    "done": true
  },
  "arts_and_crafts:recipes/building_blocks/yellow_terracotta_shingle_slab_dye_recipe": {
    "criteria": {
      "yellow_dye": "2024-08-13 21:54:14 +0000"
    },
    "done": true
  },
  "minecraft:recipes/building_blocks/dye_yellow_carpet": {
    "criteria": {
      "has_needed_dye": "2024-08-13 21:54:14 +0000"
    },
    "done": true
  },
  "travelersbackpack:recipes/building_blocks/dye_red_sleeping_bag": {
    "criteria": {
      "has_needed_dye": "2024-08-13 21:53:59 +0000"
    },
    "done": true
  },
  "arts_and_crafts:recipes/building_blocks/yellow_mud_brick_stairs_dye_recipe": {
    "criteria": {
      "yellow_dye": "2024-08-13 21:54:14 +0000"
    },
    "done": true
  },
  "arts_and_crafts:recipes/building_blocks/yellow_soapstone_brick_stairs_dye_recipe": {
    "criteria": {
      "yellow_dye": "2024-08-13 21:54:14 +0000"
    },
    "done": true
  },
  "arts_and_crafts:recipes/building_blocks/dye_yellow_flower_pot": {
    "criteria": {
      "has_needed_dye": "2024-08-13 21:54:14 +0000"
    },
    "done": true
  },
  "arts_and_crafts:recipes/building_blocks/yellow_polished_soapstone_dye_recipe": {
    "criteria": {
      "yellow_dye": "2024-08-13 21:54:14 +0000"
    },
    "done": true
  },
  "arts_and_crafts:recipes/building_blocks/dye_red_carpet_with_bleached_carpet": {
    "criteria": {
      "has_needed_dye": "2024-08-13 21:53:59 +0000"
    },
    "done": true
  },
  "biomesoplenty:recipes/misc/purple_dye_from_violet": {
    "criteria": {
      "has_flower": "2024-08-13 21:56:45 +0000"
    },
    "done": true
  },
  "arts_and_crafts:recipes/building_blocks/red_polished_soapstone_slab_dye_recipe": {
    "criteria": {
      "red_dye": "2024-08-13 21:53:59 +0000"
    },
    "done": true
  },
  "arts_and_crafts:recipes/building_blocks/yellow_soapstone_stairs_dye_recipe": {
    "criteria": {
      "yellow_dye": "2024-08-13 21:54:14 +0000"
    },
    "done": true
  },
  "arts_and_crafts:recipes/building_blocks/red_mud_brick_stairs_dye_recipe": {
    "criteria": {
      "red_dye": "2024-08-13 21:53:59 +0000"
    },
    "done": true
  },
  "arts_and_crafts:recipes/building_blocks/yellow_polished_soapstone_wall_dye_recipe": {
    "criteria": {
      "yellow_dye": "2024-08-13 21:54:14 +0000"
    },
    "done": true
  },
  "arts_and_crafts:recipes/building_blocks/yellow_soapstone_brick_slab_dye_recipe": {
    "criteria": {
      "yellow_dye": "2024-08-13 21:54:14 +0000"
    },
    "done": true
  },
  "arts_and_crafts:recipes/tools/red_paintbrush": {
    "criteria": {
      "red_dye": "2024-08-13 21:53:59 +0000"
    },
    "done": true
  },
  "arts_and_crafts:recipes/building_blocks/dye_yellow_carpet_with_bleached_carpet": {
    "criteria": {
      "has_needed_dye": "2024-08-13 21:54:14 +0000"
    },
    "done": true
  },
  "arts_and_crafts:recipes/tools/yellow_paintbrush": {
    "criteria": {
      "yellow_dye": "2024-08-13 21:54:14 +0000"
    },
    "done": true
  },
  "arts_and_crafts:recipes/building_blocks/red_mud_brick_wall_dye_recipe": {
    "criteria": {
      "red_dye": "2024-08-13 21:53:59 +0000"
    },
    "done": true
  },
  "arts_and_crafts:recipes/building_blocks/yellow_polished_soapstone_slab_dye_recipe": {
    "criteria": {
      "yellow_dye": "2024-08-13 21:54:14 +0000"
    },
    "done": true
  },
  "arts_and_crafts:recipes/building_blocks/red_polished_soapstone_stairs_dye_recipe": {
    "criteria": {
      "red_dye": "2024-08-13 21:53:59 +0000"
    },
    "done": true
  },
  "minecraft:recipes/building_blocks/dye_red_carpet": {
    "criteria": {
      "has_needed_dye": "2024-08-13 21:53:59 +0000"
    },
    "done": true
  },
  "arts_and_crafts:recipes/building_blocks/dye_yellow_chalk": {
    "criteria": {
      "has_needed_dye": "2024-08-13 21:54:14 +0000"
    },
    "done": true
  },
  "arts_and_crafts:recipes/building_blocks/red_mud_bricks_dye_recipe": {
    "criteria": {
      "red_dye": "2024-08-13 21:53:59 +0000"
    },
    "done": true
  },
  "arts_and_crafts:recipes/building_blocks/red_soapstone_bricks_dye_recipe": {
    "criteria": {
      "red_dye": "2024-08-13 21:53:59 +0000"
    },
    "done": true
  },
  "arts_and_crafts:recipes/building_blocks/yellow_soapstone_brick_wall_dye_recipe": {
    "criteria": {
      "yellow_dye": "2024-08-13 21:54:14 +0000"
    },
    "done": true
  },
  "arts_and_crafts:recipes/building_blocks/dye_yellow_glazed_terracotta": {
    "criteria": {
      "has_needed_dye": "2024-08-13 21:54:14 +0000"
    },
    "done": true
  },
  "arts_and_crafts:recipes/building_blocks/dye_red_flower_pot_with_bleached_flower_pots": {
    "criteria": {
      "has_needed_dye": "2024-08-13 21:53:59 +0000"
    },
    "done": true
  },
  "arts_and_crafts:recipes/building_blocks/dye_red_glazed_terracotta": {
    "criteria": {
      "has_needed_dye": "2024-08-13 21:53:59 +0000"
    },
    "done": true
  },
  "arts_and_crafts:recipes/building_blocks/yellow_plaster_dye_recipe": {
    "criteria": {
      "yellow_dye": "2024-08-13 21:54:14 +0000"
    },
    "done": true
  },
  "arts_and_crafts:recipes/building_blocks/red_mud_brick_slab_dye_recipe": {
    "criteria": {
      "red_dye": "2024-08-13 21:53:59 +0000"
    },
    "done": true
  },
  "arts_and_crafts:recipes/building_blocks/dye_yellow_wool_with_bleached_wool": {
    "criteria": {
      "has_needed_dye": "2024-08-13 21:54:14 +0000"
    },
    "done": true
  },
  "arts_and_crafts:recipes/building_blocks/yellow_mud_brick_wall_dye_recipe": {
    "criteria": {
      "yellow_dye": "2024-08-13 21:54:14 +0000"
    },
    "done": true
  },
  "arts_and_crafts:recipes/building_blocks/yellow_mud_brick_slab_dye_recipe": {
    "criteria": {
      "yellow_dye": "2024-08-13 21:54:14 +0000"
    },
    "done": true
  },
  "arts_and_crafts:recipes/building_blocks/dye_red_bed_with_bleached_bed": {
    "criteria": {
      "has_needed_dye": "2024-08-13 21:53:59 +0000"
    },
    "done": true
  },
  "arts_and_crafts:recipes/building_blocks/yellow_mud_bricks_dye_recipe": {
    "criteria": {
      "yellow_dye": "2024-08-13 21:54:14 +0000"
    },
    "done": true
  },
  "arts_and_crafts:recipes/building_blocks/yellow_soapstone_wall_dye_recipe": {
    "criteria": {
      "yellow_dye": "2024-08-13 21:54:14 +0000"
    },
    "done": true
  },
  "minecraft:recipes/decorations/red_candle": {
    "criteria": {
      "has_red_dye": "2024-08-13 21:53:59 +0000"
    },
    "done": true
  },
  "arts_and_crafts:recipes/building_blocks/red_polished_soapstone_dye_recipe": {
    "criteria": {
      "red_dye": "2024-08-13 21:53:59 +0000"
    },
    "done": true
  },
  "travelersbackpack:recipes/building_blocks/dye_yellow_sleeping_bag": {
    "criteria": {
      "has_needed_dye": "2024-08-13 21:54:14 +0000"
    },
    "done": true
  },
  "arts_and_crafts:recipes/building_blocks/red_plaster_dye_recipe": {
    "criteria": {
      "red_dye": "2024-08-13 21:53:59 +0000"
    },
    "done": true
  },
  "arts_and_crafts:recipes/building_blocks/red_terracotta_shingle_slab_dye_recipe": {
    "criteria": {
      "red_dye": "2024-08-13 21:53:59 +0000"
    },
    "done": true
  },
  "arts_and_crafts:recipes/building_blocks/red_soapstone_slab_dye_recipe": {
    "criteria": {
      "red_dye": "2024-08-13 21:53:59 +0000"
    },
    "done": true
  },
  "minecraft:recipes/misc/pink_dye_from_red_white_dye": {
    "criteria": {
      "has_red_dye": "2024-08-13 21:53:59 +0000"
    },
    "done": true
  },
  "arts_and_crafts:recipes/building_blocks/dye_red_flower_pot": {
    "criteria": {
      "has_needed_dye": "2024-08-13 21:53:59 +0000"
    },
    "done": true
  },
  "arts_and_crafts:recipes/building_blocks/dye_red_wool_with_bleached_wool": {
    "criteria": {
      "has_needed_dye": "2024-08-13 21:53:59 +0000"
    },
    "done": true
  },
  "arts_and_crafts:recipes/building_blocks/red_polished_soapstone_wall_dye_recipe": {
    "criteria": {
      "red_dye": "2024-08-13 21:53:59 +0000"
    },
    "done": true
  },
  "arts_and_crafts:recipes/building_blocks/red_soapstone_brick_stairs_dye_recipe": {
    "criteria": {
      "red_dye": "2024-08-13 21:53:59 +0000"
    },
    "done": true
  },
  "minecraft:recipes/building_blocks/dye_yellow_bed": {
    "criteria": {
      "has_needed_dye": "2024-08-13 21:54:14 +0000"
    },
    "done": true
  },
  "arts_and_crafts:recipes/building_blocks/yellow_polished_soapstone_stairs_dye_recipe": {
    "criteria": {
      "yellow_dye": "2024-08-13 21:54:14 +0000"
    },
    "done": true
  },
  "arts_and_crafts:recipes/building_blocks/yellow_soapstone_slab_dye_recipe": {
    "criteria": {
      "yellow_dye": "2024-08-13 21:54:14 +0000"
    },
    "done": true
  },
  "arts_and_crafts:recipes/building_blocks/red_terracotta_shingle_wall_dye_recipe": {
    "criteria": {
      "red_dye": "2024-08-13 21:53:59 +0000"
    },
    "done": true
  },
  "DataVersion": 3465
}